# Blender 4.1.1
# www.blender.org
mtllib Hole_Tile.mtl
o Dog_Dug_Dirt_Hole_Baked
v -0.500000 0.081488 -0.500000
v -0.485500 0.082784 -0.500000
v -0.471017 0.083472 -0.500000
v -0.456517 0.082592 -0.500000
v -0.442033 0.082480 -0.500000
v -0.427533 0.083392 -0.500000
v -0.413050 0.082848 -0.500000
v -0.398550 0.083712 -0.500000
v -0.384067 0.082704 -0.500000
v -0.369567 0.081616 -0.500000
v -0.355067 0.080560 -0.500000
v -0.340583 0.079840 -0.500000
v -0.326083 0.077584 -0.500000
v -0.311600 0.077504 -0.500000
v -0.297100 0.076112 -0.500000
v -0.282617 0.077552 -0.500000
v -0.268117 0.075136 -0.500000
v -0.253617 0.077104 -0.500000
v -0.239133 0.075472 -0.500000
v -0.224633 0.077536 -0.500000
v -0.210150 0.077344 -0.500000
v -0.195650 0.078368 -0.500000
v -0.181167 0.080432 -0.500000
v -0.166667 0.079296 -0.500000
v -0.152167 0.080352 -0.500000
v -0.137683 0.083376 -0.500000
v -0.123183 0.083024 -0.500000
v -0.108700 0.082432 -0.500000
v -0.094200 0.084976 -0.500000
v -0.079717 0.084864 -0.500000
v -0.065217 0.082464 -0.500000
v -0.050733 0.082768 -0.500000
v -0.036233 0.081344 -0.500000
v -0.021733 0.080944 -0.500000
v -0.007250 0.080800 -0.500000
v 0.007250 0.078656 -0.500000
v 0.021733 0.079072 -0.500000
v 0.036233 0.076576 -0.500000
v 0.050733 0.076192 -0.500000
v 0.065217 0.077344 -0.500000
v 0.079717 0.076032 -0.500000
v 0.094200 0.076064 -0.500000
v 0.108700 0.076768 -0.500000
v 0.123183 0.076944 -0.500000
v 0.137683 0.077392 -0.500000
v 0.152167 0.077328 -0.500000
v 0.166667 0.080048 -0.500000
v 0.181167 0.081648 -0.500000
v 0.195650 0.082608 -0.500000
v 0.210150 0.082656 -0.500000
v 0.224633 0.082576 -0.500000
v 0.239133 0.083088 -0.500000
v 0.253617 0.084192 -0.500000
v 0.268117 0.084176 -0.500000
v 0.282617 0.082496 -0.500000
v 0.297100 0.082336 -0.500000
v 0.311600 0.082000 -0.500000
v 0.326083 0.081536 -0.500000
v 0.340583 0.081360 -0.500000
v 0.355067 0.079600 -0.500000
v 0.369567 0.077440 -0.500000
v 0.384067 0.078624 -0.500000
v 0.398550 0.076912 -0.500000
v 0.413050 0.076624 -0.500000
v 0.427533 0.075584 -0.500000
v 0.442033 0.076080 -0.500000
v 0.456517 0.076208 -0.500000
v 0.471017 0.077648 -0.500000
v 0.485500 0.076608 -0.500000
v 0.500000 0.078576 -0.500000
v -0.500000 0.080560 -0.485500
v -0.485500 0.082640 -0.485500
v -0.471017 0.081552 -0.485500
v -0.456517 0.082576 -0.485500
v -0.442033 0.082944 -0.485500
v -0.427533 0.083680 -0.485500
v -0.413050 0.081920 -0.485500
v -0.398550 0.082512 -0.485500
v -0.384067 0.081232 -0.485500
v -0.369567 0.080656 -0.485500
v -0.355067 0.080304 -0.485500
v -0.340583 0.080656 -0.485500
v -0.326083 0.078592 -0.485500
v -0.311600 0.079072 -0.485500
v -0.297100 0.076448 -0.485500
v -0.282617 0.077952 -0.485500
v -0.268117 0.076304 -0.485500
v -0.253617 0.075872 -0.485500
v -0.239133 0.077552 -0.485500
v -0.224633 0.078416 -0.485500
v -0.210150 0.076720 -0.485500
v -0.195650 0.078160 -0.485500
v -0.181167 0.080288 -0.485500
v -0.166667 0.080064 -0.485500
v -0.152167 0.080656 -0.485500
v -0.137683 0.080816 -0.485500
v -0.123183 0.081504 -0.485500
v -0.108700 0.083424 -0.485500
v -0.094200 0.084576 -0.485500
v -0.079717 0.084608 -0.485500
v -0.065217 0.083120 -0.485500
v -0.050733 0.081440 -0.485500
v -0.036233 0.081584 -0.485500
v -0.021733 0.082016 -0.485500
v -0.007250 0.081296 -0.485500
v 0.007250 0.079920 -0.485500
v 0.021733 0.078032 -0.485500
v 0.036233 0.078032 -0.485500
v 0.050733 0.077280 -0.485500
v 0.065217 0.077216 -0.485500
v 0.079717 0.076064 -0.485500
v 0.094200 0.077808 -0.485500
v 0.108700 0.077888 -0.485500
v 0.123183 0.076448 -0.485500
v 0.137683 0.077392 -0.485500
v 0.152167 0.079632 -0.485500
v 0.166667 0.078960 -0.485500
v 0.181167 0.081536 -0.485500
v 0.195650 0.081296 -0.485500
v 0.210150 0.082512 -0.485500
v 0.224633 0.083168 -0.485500
v 0.239133 0.082352 -0.485500
v 0.253617 0.082784 -0.485500
v 0.268117 0.082720 -0.485500
v 0.282617 0.083600 -0.485500
v 0.297100 0.083200 -0.485500
v 0.311600 0.081152 -0.485500
v 0.326083 0.082336 -0.485500
v 0.340583 0.080304 -0.485500
v 0.355067 0.078976 -0.485500
v 0.369567 0.078624 -0.485500
v 0.384067 0.079248 -0.485500
v 0.398550 0.077536 -0.485500
v 0.413050 0.077248 -0.485500
v 0.427533 0.077744 -0.485500
v 0.442033 0.077840 -0.485500
v 0.456517 0.077520 -0.485500
v 0.471017 0.077056 -0.485500
v 0.485500 0.078096 -0.485500
v 0.500000 0.079632 -0.485500
v -0.500000 0.081904 -0.471017
v -0.485500 0.081984 -0.471017
v -0.471017 0.081904 -0.471017
v -0.456517 0.082304 -0.471017
v -0.442033 0.083408 -0.471017
v -0.427533 0.082944 -0.471017
v -0.413050 0.081344 -0.471017
v -0.398550 0.082736 -0.471017
v -0.384067 0.082688 -0.471017
v -0.369567 0.081776 -0.471017
v -0.355067 0.081328 -0.471017
v -0.340583 0.080624 -0.471017
v -0.326083 0.078960 -0.471017
v -0.311600 0.078976 -0.471017
v -0.297100 0.077424 -0.471017
v -0.282617 0.076352 -0.471017
v -0.268117 0.076832 -0.471017
v -0.253617 0.076736 -0.471017
v -0.239133 0.078528 -0.471017
v -0.224633 0.078272 -0.471017
v -0.210150 0.078416 -0.471017
v -0.195650 0.079264 -0.471017
v -0.181167 0.078704 -0.471017
v -0.166667 0.080480 -0.471017
v -0.152167 0.081616 -0.471017
v -0.137683 0.081472 -0.471017
v -0.123183 0.081600 -0.471017
v -0.108700 0.082368 -0.471017
v -0.094200 0.082352 -0.471017
v -0.079717 0.083264 -0.471017
v -0.065217 0.081680 -0.471017
v -0.050733 0.081184 -0.471017
v -0.036233 0.081232 -0.471017
v -0.021733 0.081584 -0.471017
v -0.007250 0.081040 -0.471017
v 0.007250 0.080048 -0.471017
v 0.021733 0.080032 -0.471017
v 0.036233 0.077952 -0.471017
v 0.050733 0.076560 -0.471017
v 0.065217 0.077376 -0.471017
v 0.079717 0.077056 -0.471017
v 0.094200 0.076384 -0.471017
v 0.108700 0.077824 -0.471017
v 0.123183 0.077344 -0.471017
v 0.137683 0.077600 -0.471017
v 0.152167 0.078448 -0.471017
v 0.166667 0.080736 -0.471017
v 0.181167 0.079072 -0.471017
v 0.195650 0.080688 -0.471017
v 0.210150 0.081120 -0.471017
v 0.224633 0.081440 -0.471017
v 0.239133 0.082416 -0.471017
v 0.253617 0.082080 -0.471017
v 0.268117 0.083872 -0.471017
v 0.282617 0.082624 -0.471017
v 0.297100 0.082784 -0.471017
v 0.311600 0.080896 -0.471017
v 0.326083 0.081040 -0.471017
v 0.340583 0.080704 -0.471017
v 0.355067 0.080576 -0.471017
v 0.369567 0.078336 -0.471017
v 0.384067 0.078240 -0.471017
v 0.398550 0.078720 -0.471017
v 0.413050 0.078272 -0.471017
v 0.427533 0.076512 -0.471017
v 0.442033 0.077296 -0.471017
v 0.456517 0.078032 -0.471017
v 0.471017 0.077440 -0.471017
v 0.485500 0.078656 -0.471017
v 0.500000 0.079264 -0.471017
v -0.500000 0.082096 -0.456517
v -0.485500 0.081488 -0.456517
v -0.471017 0.082208 -0.456517
v -0.456517 0.081616 -0.456517
v -0.442033 0.082720 -0.456517
v -0.427533 0.081664 -0.456517
v -0.413050 0.081952 -0.456517
v -0.398550 0.081312 -0.456517
v -0.384067 0.080768 -0.456517
v -0.369567 0.079840 -0.456517
v -0.355067 0.079536 -0.456517
v -0.340583 0.079792 -0.456517
v -0.326083 0.078512 -0.456517
v -0.311600 0.077504 -0.456517
v -0.297100 0.079056 -0.456517
v -0.282617 0.077456 -0.456517
v -0.268117 0.078992 -0.456517
v -0.253617 0.078144 -0.456517
v -0.239133 0.077744 -0.456517
v -0.224633 0.079280 -0.456517
v -0.210150 0.079744 -0.456517
v -0.195650 0.078752 -0.456517
v -0.181167 0.078784 -0.456517
v -0.166667 0.080656 -0.456517
v -0.152167 0.081712 -0.456517
v -0.137683 0.081600 -0.456517
v -0.123183 0.082432 -0.456517
v -0.108700 0.081760 -0.456517
v -0.094200 0.082432 -0.456517
v -0.079717 0.081520 -0.456517
v -0.065217 0.081744 -0.456517
v -0.050733 0.081392 -0.456517
v -0.036233 0.081008 -0.456517
v -0.021733 0.080560 -0.456517
v -0.007250 0.081072 -0.456517
v 0.007250 0.078880 -0.456517
v 0.021733 0.078432 -0.456517
v 0.036233 0.078080 -0.456517
v 0.050733 0.079520 -0.456517
v 0.065217 0.078080 -0.456517
v 0.079717 0.076736 -0.456517
v 0.094200 0.078736 -0.456517
v 0.108700 0.078976 -0.456517
v 0.123183 0.079120 -0.456517
v 0.137683 0.078320 -0.456517
v 0.152167 0.079760 -0.456517
v 0.166667 0.079200 -0.456517
v 0.181167 0.079328 -0.456517
v 0.195650 0.081728 -0.456517
v 0.210150 0.082128 -0.456517
v 0.224633 0.080944 -0.456517
v 0.239133 0.082944 -0.456517
v 0.253617 0.080896 -0.456517
v 0.268117 0.081632 -0.456517
v 0.282617 0.080752 -0.456517
v 0.297100 0.080880 -0.456517
v 0.311600 0.080480 -0.456517
v 0.326083 0.081408 -0.456517
v 0.340583 0.079808 -0.456517
v 0.355067 0.078976 -0.456517
v 0.369567 0.078416 -0.456517
v 0.384067 0.078256 -0.456517
v 0.398550 0.079264 -0.456517
v 0.413050 0.078320 -0.456517
v 0.427533 0.076864 -0.456517
v 0.442033 0.078352 -0.456517
v 0.456517 0.078096 -0.456517
v 0.471017 0.078128 -0.456517
v 0.485500 0.078720 -0.456517
v 0.500000 0.079504 -0.456517
v -0.500000 0.081328 -0.442033
v -0.485500 0.080880 -0.442033
v -0.471017 0.081456 -0.442033
v -0.456517 0.081184 -0.442033
v -0.442033 0.081696 -0.442033
v -0.427533 0.081056 -0.442033
v -0.413050 0.081024 -0.442033
v -0.398550 0.081104 -0.442033
v -0.384067 0.081360 -0.442033
v -0.369567 0.079920 -0.442033
v -0.355067 0.081232 -0.442033
v -0.340583 0.079776 -0.442033
v -0.326083 0.080368 -0.442033
v -0.311600 0.079632 -0.442033
v -0.297100 0.080080 -0.442033
v -0.282617 0.079200 -0.442033
v -0.268117 0.078464 -0.442033
v -0.253617 0.078416 -0.442033
v -0.239133 0.079024 -0.442033
v -0.224633 0.079584 -0.442033
v -0.210150 0.080048 -0.442033
v -0.195650 0.078544 -0.442033
v -0.181167 0.078720 -0.442033
v -0.166667 0.079184 -0.442033
v -0.152167 0.079472 -0.442033
v -0.137683 0.079696 -0.442033
v -0.123183 0.079824 -0.442033
v -0.108700 0.080624 -0.442033
v -0.094200 0.080368 -0.442033
v -0.079717 0.081824 -0.442033
v -0.065217 0.081552 -0.442033
v -0.050733 0.082272 -0.442033
v -0.036233 0.082000 -0.442033
v -0.021733 0.081152 -0.442033
v -0.007250 0.081328 -0.442033
v 0.007250 0.078608 -0.442033
v 0.021733 0.078784 -0.442033
v 0.036233 0.080272 -0.442033
v 0.050733 0.078864 -0.442033
v 0.065217 0.078000 -0.442033
v 0.079717 0.079312 -0.442033
v 0.094200 0.078448 -0.442033
v 0.108700 0.078848 -0.442033
v 0.123183 0.078448 -0.442033
v 0.137683 0.078496 -0.442033
v 0.152167 0.078416 -0.442033
v 0.166667 0.080080 -0.442033
v 0.181167 0.081328 -0.442033
v 0.195650 0.081744 -0.442033
v 0.210150 0.081488 -0.442033
v 0.224633 0.082176 -0.442033
v 0.239133 0.080896 -0.442033
v 0.253617 0.080832 -0.442033
v 0.268117 0.082432 -0.442033
v 0.282617 0.081520 -0.442033
v 0.297100 0.081536 -0.442033
v 0.311600 0.079600 -0.442033
v 0.326083 0.079856 -0.442033
v 0.340583 0.080160 -0.442033
v 0.355067 0.080448 -0.442033
v 0.369567 0.080336 -0.442033
v 0.384067 0.079856 -0.442033
v 0.398550 0.078528 -0.442033
v 0.413050 0.078448 -0.442033
v 0.427533 0.079584 -0.442033
v 0.442033 0.079904 -0.442033
v 0.456517 0.078688 -0.442033
v 0.471017 0.078112 -0.442033
v 0.485500 0.079456 -0.442033
v 0.500000 0.079536 -0.442033
v -0.500000 0.079856 -0.427533
v -0.485500 0.079632 -0.427533
v -0.471017 0.080128 -0.427533
v -0.456517 0.080768 -0.427533
v -0.442033 0.079568 -0.427533
v -0.427533 0.080624 -0.427533
v -0.413050 0.081632 -0.427533
v -0.398550 0.081024 -0.427533
v -0.384067 0.079664 -0.427533
v -0.369567 0.079984 -0.427533
v -0.355067 0.079040 -0.427533
v -0.340583 0.080528 -0.427533
v -0.326083 0.080128 -0.427533
v -0.311600 0.078832 -0.427533
v -0.297100 0.079712 -0.427533
v -0.282617 0.079760 -0.427533
v -0.268117 0.079680 -0.427533
v -0.253617 0.079184 -0.427533
v -0.239133 0.079040 -0.427533
v -0.224633 0.079216 -0.427533
v -0.210150 0.080960 -0.427533
v -0.195650 0.079376 -0.427533
v -0.181167 0.079952 -0.427533
v -0.166667 0.079968 -0.427533
v -0.152167 0.079360 -0.427533
v -0.137683 0.080064 -0.427533
v -0.123183 0.079664 -0.427533
v -0.108700 0.080032 -0.427533
v -0.094200 0.080176 -0.427533
v -0.079717 0.080128 -0.427533
v -0.065217 0.081600 -0.427533
v -0.050733 0.079888 -0.427533
v -0.036233 0.079888 -0.427533
v -0.021733 0.080608 -0.427533
v -0.007250 0.079808 -0.427533
v 0.007250 0.079968 -0.427533
v 0.021733 0.080176 -0.427533
v 0.036233 0.078592 -0.427533
v 0.050733 0.080032 -0.427533
v 0.065217 0.078496 -0.427533
v 0.079717 0.078848 -0.427533
v 0.094200 0.080272 -0.427533
v 0.108700 0.080768 -0.427533
v 0.123183 0.080032 -0.427533
v 0.137683 0.078832 -0.427533
v 0.152167 0.079632 -0.427533
v 0.166667 0.079376 -0.427533
v 0.181167 0.080928 -0.427533
v 0.195650 0.079504 -0.427533
v 0.210150 0.079536 -0.427533
v 0.224633 0.080768 -0.427533
v 0.239133 0.080832 -0.427533
v 0.253617 0.080736 -0.427533
v 0.268117 0.080464 -0.427533
v 0.282617 0.081664 -0.427533
v 0.297100 0.080304 -0.427533
v 0.311600 0.081440 -0.427533
v 0.326083 0.079936 -0.427533
v 0.340583 0.079984 -0.427533
v 0.355067 0.079584 -0.427533
v 0.369567 0.080368 -0.427533
v 0.384067 0.080336 -0.427533
v 0.398550 0.078928 -0.427533
v 0.413050 0.079600 -0.427533
v 0.427533 0.080064 -0.427533
v 0.442033 0.079488 -0.427533
v 0.456517 0.079936 -0.427533
v 0.471017 0.079872 -0.427533
v 0.485500 0.080224 -0.427533
v 0.500000 0.079424 -0.427533
v -0.500000 0.079360 -0.413050
v -0.485500 0.078560 -0.413050
v -0.471017 0.080720 -0.413050
v -0.456517 0.080416 -0.413050
v -0.442033 0.079376 -0.413050
v -0.427533 0.080848 -0.413050
v -0.413050 0.080704 -0.413050
v -0.398550 0.078832 -0.413050
v -0.384067 0.080656 -0.413050
v -0.369567 0.079680 -0.413050
v -0.355067 0.079488 -0.413050
v -0.340583 0.079440 -0.413050
v -0.326083 0.079920 -0.413050
v -0.311600 0.079072 -0.413050
v -0.297100 0.079136 -0.413050
v -0.282617 0.079344 -0.413050
v -0.268117 0.079856 -0.413050
v -0.253617 0.079472 -0.413050
v -0.239133 0.079360 -0.413050
v -0.224633 0.081120 -0.413050
v -0.210150 0.079904 -0.413050
v -0.195650 0.080112 -0.413050
v -0.181167 0.080304 -0.413050
v -0.166667 0.081056 -0.413050
v -0.152167 0.078960 -0.413050
v -0.137683 0.079088 -0.413050
v -0.123183 0.080640 -0.413050
v -0.108700 0.080720 -0.413050
v -0.094200 0.080752 -0.413050
v -0.079717 0.079728 -0.413050
v -0.065217 0.079344 -0.413050
v -0.050733 0.078928 -0.413050
v -0.036233 0.080832 -0.413050
v -0.021733 0.080544 -0.413050
v -0.007250 0.080080 -0.413050
v 0.007250 0.080800 -0.413050
v 0.021733 0.079520 -0.413050
v 0.036233 0.080304 -0.413050
v 0.050733 0.081312 -0.413050
v 0.065217 0.079328 -0.413050
v 0.079717 0.080640 -0.413050
v 0.094200 0.079536 -0.413050
v 0.108700 0.081184 -0.413050
v 0.123183 0.081152 -0.413050
v 0.137683 0.080592 -0.413050
v 0.152167 0.079968 -0.413050
v 0.166667 0.078832 -0.413050
v 0.181167 0.079936 -0.413050
v 0.195650 0.079504 -0.413050
v 0.210150 0.079536 -0.413050
v 0.224633 0.078640 -0.413050
v 0.239133 0.080752 -0.413050
v 0.253617 0.079712 -0.413050
v 0.268117 0.079808 -0.413050
v 0.282617 0.080544 -0.413050
v 0.297100 0.080736 -0.413050
v 0.311600 0.079904 -0.413050
v 0.326083 0.079968 -0.413050
v 0.340583 0.080832 -0.413050
v 0.355067 0.079712 -0.413050
v 0.369567 0.081152 -0.413050
v 0.384067 0.078992 -0.413050
v 0.398550 0.081024 -0.413050
v 0.413050 0.080384 -0.413050
v 0.427533 0.080656 -0.413050
v 0.442033 0.081600 -0.413050
v 0.456517 0.079616 -0.413050
v 0.471017 0.080048 -0.413050
v 0.485500 0.080992 -0.413050
v 0.500000 0.080784 -0.413050
v -0.500000 0.079568 -0.398550
v -0.485500 0.079952 -0.398550
v -0.471017 0.079488 -0.398550
v -0.456517 0.079824 -0.398550
v -0.442033 0.079184 -0.398550
v -0.427533 0.078464 -0.398550
v -0.413050 0.078352 -0.398550
v -0.398550 0.078000 -0.398550
v -0.384067 0.078336 -0.398550
v -0.369567 0.078400 -0.398550
v -0.355067 0.081088 -0.398550
v -0.340583 0.079264 -0.398550
v -0.326083 0.080752 -0.398550
v -0.311600 0.079808 -0.398550
v -0.297100 0.082160 -0.398550
v -0.282617 0.081200 -0.398550
v -0.268117 0.080368 -0.398550
v -0.253617 0.082032 -0.398550
v -0.239133 0.082032 -0.398550
v -0.224633 0.082160 -0.398550
v -0.210150 0.080016 -0.398550
v -0.195650 0.080192 -0.398550
v -0.181167 0.080560 -0.398550
v -0.166667 0.079280 -0.398550
v -0.152167 0.079712 -0.398550
v -0.137683 0.079776 -0.398550
v -0.123183 0.079680 -0.398550
v -0.108700 0.079712 -0.398550
v -0.094200 0.079456 -0.398550
v -0.079717 0.078256 -0.398550
v -0.065217 0.079552 -0.398550
v -0.050733 0.078880 -0.398550
v -0.036233 0.078432 -0.398550
v -0.021733 0.078320 -0.398550
v -0.007250 0.080160 -0.398550
v 0.007250 0.079792 -0.398550
v 0.021733 0.079424 -0.398550
v 0.036233 0.080704 -0.398550
v 0.050733 0.080736 -0.398550
v 0.065217 0.080656 -0.398550
v 0.079717 0.081360 -0.398550
v 0.094200 0.081296 -0.398550
v 0.108700 0.081184 -0.398550
v 0.123183 0.082208 -0.398550
v 0.137683 0.081776 -0.398550
v 0.152167 0.079952 -0.398550
v 0.166667 0.081120 -0.398550
v 0.181167 0.079376 -0.398550
v 0.195650 0.080672 -0.398550
v 0.210150 0.078144 -0.398550
v 0.224633 0.078592 -0.398550
v 0.239133 0.080000 -0.398550
v 0.253617 0.079232 -0.398550
v 0.268117 0.079344 -0.398550
v 0.282617 0.078128 -0.398550
v 0.297100 0.078064 -0.398550
v 0.311600 0.080432 -0.398550
v 0.326083 0.078400 -0.398550
v 0.340583 0.078992 -0.398550
v 0.355067 0.079952 -0.398550
v 0.369567 0.081248 -0.398550
v 0.384067 0.081168 -0.398550
v 0.398550 0.082208 -0.398550
v 0.413050 0.081808 -0.398550
v 0.427533 0.081024 -0.398550
v 0.442033 0.082256 -0.398550
v 0.456517 0.080656 -0.398550
v 0.471017 0.079824 -0.398550
v 0.485500 0.081936 -0.398550
v 0.500000 0.081472 -0.398550
v -0.500000 0.079584 -0.384067
v -0.485500 0.078688 -0.384067
v -0.471017 0.077616 -0.384067
v -0.456517 0.077424 -0.384067
v -0.442033 0.076912 -0.384067
v -0.427533 0.076992 -0.384067
v -0.413050 0.078128 -0.384067
v -0.398550 0.079456 -0.384067
v -0.384067 0.079936 -0.384067
v -0.369567 0.079312 -0.384067
v -0.355067 0.080224 -0.384067
v -0.340583 0.080224 -0.384067
v -0.326083 0.081504 -0.384067
v -0.311600 0.081776 -0.384067
v -0.297100 0.082848 -0.384067
v -0.282617 0.082736 -0.384067
v -0.268117 0.082432 -0.384067
v -0.253617 0.082208 -0.384067
v -0.239133 0.080992 -0.384067
v -0.224633 0.081488 -0.384067
v -0.210150 0.081056 -0.384067
v -0.195650 0.079856 -0.384067
v -0.181167 0.079472 -0.384067
v -0.166667 0.079488 -0.384067
v -0.152167 0.078384 -0.384067
v -0.137683 0.079088 -0.384067
v -0.123183 0.077968 -0.384067
v -0.108700 0.079408 -0.384067
v -0.094200 0.078496 -0.384067
v -0.079717 0.078064 -0.384067
v -0.065217 0.077984 -0.384067
v -0.050733 0.078144 -0.384067
v -0.036233 0.078016 -0.384067
v -0.021733 0.080432 -0.384067
v -0.007250 0.080800 -0.384067
v 0.007250 0.080640 -0.384067
v 0.021733 0.081152 -0.384067
v 0.036233 0.080304 -0.384067
v 0.050733 0.081680 -0.384067
v 0.065217 0.080992 -0.384067
v 0.079717 0.081536 -0.384067
v 0.094200 0.082208 -0.384067
v 0.108700 0.081008 -0.384067
v 0.123183 0.080912 -0.384067
v 0.137683 0.081824 -0.384067
v 0.152167 0.080736 -0.384067
v 0.166667 0.081280 -0.384067
v 0.181167 0.078896 -0.384067
v 0.195650 0.078208 -0.384067
v 0.210150 0.079936 -0.384067
v 0.224633 0.078720 -0.384067
v 0.239133 0.078672 -0.384067
v 0.253617 0.078176 -0.384067
v 0.268117 0.077120 -0.384067
v 0.282617 0.079360 -0.384067
v 0.297100 0.078384 -0.384067
v 0.311600 0.079808 -0.384067
v 0.326083 0.078288 -0.384067
v 0.340583 0.079120 -0.384067
v 0.355067 0.080336 -0.384067
v 0.369567 0.080080 -0.384067
v 0.384067 0.082096 -0.384067
v 0.398550 0.080944 -0.384067
v 0.413050 0.080752 -0.384067
v 0.427533 0.081104 -0.384067
v 0.442033 0.081408 -0.384067
v 0.456517 0.083008 -0.384067
v 0.471017 0.082592 -0.384067
v 0.485500 0.081696 -0.384067
v 0.500000 0.080640 -0.384067
v -0.500000 0.077712 -0.369567
v -0.485500 0.079136 -0.369567
v -0.471017 0.076848 -0.369567
v -0.456517 0.076720 -0.369567
v -0.442033 0.077152 -0.369567
v -0.427533 0.078272 -0.369567
v -0.413050 0.076720 -0.369567
v -0.398550 0.076784 -0.369567
v -0.384067 0.079456 -0.369567
v -0.369567 0.077776 -0.369567
v -0.355067 0.080304 -0.369567
v -0.340583 0.079488 -0.369567
v -0.326083 0.080576 -0.369567
v -0.311600 0.080944 -0.369567
v -0.297100 0.082016 -0.369567
v -0.282617 0.083584 -0.369567
v -0.268117 0.083552 -0.369567
v -0.253617 0.082752 -0.369567
v -0.239133 0.081424 -0.369567
v -0.224633 0.081280 -0.369567
v -0.210150 0.081088 -0.369567
v -0.195650 0.081760 -0.369567
v -0.181167 0.081392 -0.369567
v -0.166667 0.078400 -0.369567
v -0.152167 0.078528 -0.369567
v -0.137683 0.079520 -0.369567
v -0.123183 0.076960 -0.369567
v -0.108700 0.076432 -0.369567
v -0.094200 0.076720 -0.369567
v -0.079717 0.078320 -0.369567
v -0.065217 0.076912 -0.369567
v -0.050733 0.078432 -0.369567
v -0.036233 0.077392 -0.369567
v -0.021733 0.079376 -0.369567
v -0.007250 0.078800 -0.369567
v 0.007250 0.080592 -0.369567
v 0.021733 0.081648 -0.369567
v 0.036233 0.082608 -0.369567
v 0.050733 0.081968 -0.369567
v 0.065217 0.083728 -0.369567
v 0.079717 0.082432 -0.369567
v 0.094200 0.083824 -0.369567
v 0.108700 0.083552 -0.369567
v 0.123183 0.083424 -0.369567
v 0.137683 0.080656 -0.369567
v 0.152167 0.080480 -0.369567
v 0.166667 0.080880 -0.369567
v 0.181167 0.080672 -0.369567
v 0.195650 0.078384 -0.369567
v 0.210150 0.079072 -0.369567
v 0.224633 0.077824 -0.369567
v 0.239133 0.076256 -0.369567
v 0.253617 0.076272 -0.369567
v 0.268117 0.076064 -0.369567
v 0.282617 0.076800 -0.369567
v 0.297100 0.078944 -0.369567
v 0.311600 0.078784 -0.369567
v 0.326083 0.079840 -0.369567
v 0.340583 0.080656 -0.369567
v 0.355067 0.080016 -0.369567
v 0.369567 0.081472 -0.369567
v 0.384067 0.081984 -0.369567
v 0.398550 0.082592 -0.369567
v 0.413050 0.081424 -0.369567
v 0.427533 0.083664 -0.369567
v 0.442033 0.081808 -0.369567
v 0.456517 0.082384 -0.369567
v 0.471017 0.082672 -0.369567
v 0.485500 0.082336 -0.369567
v 0.500000 0.081952 -0.369567
v -0.500000 0.078176 -0.355067
v -0.485500 0.077408 -0.355067
v -0.471017 0.077936 -0.355067
v -0.456517 0.075792 -0.355067
v -0.442033 0.077712 -0.355067
v -0.427533 0.076304 -0.355067
v -0.413050 0.076736 -0.355067
v -0.398550 0.076976 -0.355067
v -0.384067 0.078624 -0.355067
v -0.369567 0.077984 -0.355067
v -0.355067 0.078720 -0.355067
v -0.340583 0.079392 -0.355067
v -0.326083 0.080368 -0.355067
v -0.311600 0.082352 -0.355067
v -0.297100 0.083888 -0.355067
v -0.282617 0.081776 -0.355067
v -0.268117 0.083152 -0.355067
v -0.253617 0.082864 -0.355067
v -0.239133 0.082512 -0.355067
v -0.224633 0.082160 -0.355067
v -0.210150 0.080960 -0.355067
v -0.195650 0.081024 -0.355067
v -0.181167 0.079792 -0.355067
v -0.166667 0.078416 -0.355067
v -0.152167 0.077792 -0.355067
v -0.137683 0.079088 -0.355067
v -0.123183 0.077952 -0.355067
v -0.108700 0.078208 -0.355067
v -0.094200 0.077552 -0.355067
v -0.079717 0.077376 -0.355067
v -0.065217 0.076288 -0.355067
v -0.050733 0.076416 -0.355067
v -0.036233 0.079248 -0.355067
v -0.021733 0.079232 -0.355067
v -0.007250 0.080144 -0.355067
v 0.007250 0.079520 -0.355067
v 0.021733 0.082000 -0.355067
v 0.036233 0.082080 -0.355067
v 0.050733 0.081536 -0.355067
v 0.065217 0.082272 -0.355067
v 0.079717 0.084432 -0.355067
v 0.094200 0.083552 -0.355067
v 0.108700 0.081984 -0.355067
v 0.123183 0.081536 -0.355067
v 0.137683 0.082656 -0.355067
v 0.152167 0.080896 -0.355067
v 0.166667 0.080400 -0.355067
v 0.181167 0.078688 -0.355067
v 0.195650 0.077968 -0.355067
v 0.210150 0.078032 -0.355067
v 0.224633 0.077248 -0.355067
v 0.239133 0.076192 -0.355067
v 0.253617 0.075872 -0.355067
v 0.268117 0.076608 -0.355067
v 0.282617 0.075968 -0.355067
v 0.297100 0.076240 -0.355067
v 0.311600 0.077888 -0.355067
v 0.326083 0.077536 -0.355067
v 0.340583 0.080096 -0.355067
v 0.355067 0.081040 -0.355067
v 0.369567 0.081712 -0.355067
v 0.384067 0.083088 -0.355067
v 0.398550 0.081680 -0.355067
v 0.413050 0.082784 -0.355067
v 0.427533 0.083008 -0.355067
v 0.442033 0.082160 -0.355067
v 0.456517 0.083984 -0.355067
v 0.471017 0.081472 -0.355067
v 0.485500 0.083312 -0.355067
v 0.500000 0.081792 -0.355067
v -0.500000 0.079728 -0.340583
v -0.485500 0.076544 -0.340583
v -0.471017 0.078016 -0.340583
v -0.456517 0.077744 -0.340583
v -0.442033 0.077040 -0.340583
v -0.427533 0.076560 -0.340583
v -0.413050 0.077008 -0.340583
v -0.398550 0.077088 -0.340583
v -0.384067 0.078736 -0.340583
v -0.369567 0.078864 -0.340583
v -0.355067 0.079728 -0.340583
v -0.340583 0.080320 -0.340583
v -0.326083 0.081808 -0.340583
v -0.311600 0.082528 -0.340583
v -0.297100 0.084096 -0.340583
v -0.282617 0.084128 -0.340583
v -0.268117 0.083232 -0.340583
v -0.253617 0.084208 -0.340583
v -0.239133 0.082704 -0.340583
v -0.224633 0.082848 -0.340583
v -0.210150 0.082272 -0.340583
v -0.195650 0.081952 -0.340583
v -0.181167 0.079344 -0.340583
v -0.166667 0.078576 -0.340583
v -0.152167 0.077744 -0.340583
v -0.137683 0.078032 -0.340583
v -0.123183 0.076208 -0.340583
v -0.108700 0.076736 -0.340583
v -0.094200 0.077312 -0.340583
v -0.079717 0.076160 -0.340583
v -0.065217 0.075888 -0.340583
v -0.050733 0.077328 -0.340583
v -0.036233 0.077536 -0.340583
v -0.021733 0.078432 -0.340583
v -0.007250 0.078688 -0.340583
v 0.007250 0.080944 -0.340583
v 0.021733 0.081008 -0.340583
v 0.036233 0.083488 -0.340583
v 0.050733 0.082912 -0.340583
v 0.065217 0.083872 -0.340583
v 0.079717 0.084736 -0.340583
v 0.094200 0.084896 -0.340583
v 0.108700 0.082192 -0.340583
v 0.123183 0.084048 -0.340583
v 0.137683 0.081264 -0.340583
v 0.152167 0.082592 -0.340583
v 0.166667 0.081264 -0.340583
v 0.181167 0.078944 -0.340583
v 0.195650 0.079184 -0.340583
v 0.210150 0.077952 -0.340583
v 0.224633 0.076976 -0.340583
v 0.239133 0.076944 -0.340583
v 0.253617 0.076240 -0.340583
v 0.268117 0.076736 -0.340583
v 0.282617 0.077072 -0.340583
v 0.297100 0.075760 -0.340583
v 0.311600 0.078048 -0.340583
v 0.326083 0.079040 -0.340583
v 0.340583 0.080384 -0.340583
v 0.355067 0.080496 -0.340583
v 0.369567 0.081440 -0.340583
v 0.384067 0.081264 -0.340583
v 0.398550 0.082096 -0.340583
v 0.413050 0.084384 -0.340583
v 0.427533 0.082528 -0.340583
v 0.442033 0.084704 -0.340583
v 0.456517 0.082480 -0.340583
v 0.471017 0.082704 -0.340583
v 0.485500 0.082656 -0.340583
v 0.500000 0.080320 -0.340583
v -0.500000 0.078240 -0.326083
v -0.485500 0.078272 -0.326083
v -0.471017 0.076512 -0.326083
v -0.456517 0.075488 -0.326083
v -0.442033 0.074960 -0.326083
v -0.427533 0.077264 -0.326083
v -0.413050 0.075392 -0.326083
v -0.398550 0.077376 -0.326083
v -0.384067 0.078032 -0.326083
v -0.369567 0.078016 -0.326083
v -0.355067 0.079728 -0.326083
v -0.340583 0.081072 -0.326083
v -0.326083 0.080832 -0.326083
v -0.311600 0.081808 -0.326083
v -0.297100 0.084256 -0.326083
v -0.282617 0.082912 -0.326083
v -0.268117 0.083888 -0.326083
v -0.253617 0.083776 -0.326083
v -0.239133 0.084320 -0.326083
v -0.224633 0.084000 -0.326083
v -0.210150 0.083024 -0.326083
v -0.195650 0.081792 -0.326083
v -0.181167 0.080576 -0.326083
v -0.166667 0.078400 -0.326083
v -0.152167 0.078656 -0.326083
v -0.137683 0.077408 -0.326083
v -0.123183 0.077520 -0.326083
v -0.108700 0.076032 -0.326083
v -0.094200 0.075120 -0.326083
v -0.079717 0.075808 -0.326083
v -0.065217 0.077216 -0.326083
v -0.050733 0.076880 -0.326083
v -0.036233 0.078048 -0.326083
v -0.021733 0.077360 -0.326083
v -0.007250 0.078768 -0.326083
v 0.007250 0.079920 -0.326083
v 0.021733 0.081456 -0.326083
v 0.036233 0.081408 -0.326083
v 0.050733 0.084256 -0.326083
v 0.065217 0.083200 -0.326083
v 0.079717 0.082624 -0.326083
v 0.094200 0.083232 -0.326083
v 0.108700 0.083648 -0.326083
v 0.123183 0.083440 -0.326083
v 0.137683 0.083232 -0.326083
v 0.152167 0.080480 -0.326083
v 0.166667 0.081760 -0.326083
v 0.181167 0.080448 -0.326083
v 0.195650 0.078576 -0.326083
v 0.210150 0.078016 -0.326083
v 0.224633 0.076416 -0.326083
v 0.239133 0.075488 -0.326083
v 0.253617 0.074848 -0.326083
v 0.268117 0.077264 -0.326083
v 0.282617 0.077344 -0.326083
v 0.297100 0.076688 -0.326083
v 0.311600 0.077808 -0.326083
v 0.326083 0.078352 -0.326083
v 0.340583 0.079888 -0.326083
v 0.355067 0.079408 -0.326083
v 0.369567 0.082064 -0.326083
v 0.384067 0.081488 -0.326083
v 0.398550 0.083296 -0.326083
v 0.413050 0.083904 -0.326083
v 0.427533 0.084784 -0.326083
v 0.442033 0.084208 -0.326083
v 0.456517 0.082864 -0.326083
v 0.471017 0.084000 -0.326083
v 0.485500 0.082176 -0.326083
v 0.500000 0.081792 -0.326083
v -0.500000 0.079120 -0.311600
v -0.485500 0.078688 -0.311600
v -0.471017 0.075744 -0.311600
v -0.456517 0.076144 -0.311600
v -0.442033 0.075552 -0.311600
v -0.427533 0.076944 -0.311600
v -0.413050 0.076096 -0.311600
v -0.398550 0.077936 -0.311600
v -0.384067 0.078400 -0.311600
v -0.369567 0.078352 -0.311600
v -0.355067 0.080240 -0.311600
v -0.340583 0.081072 -0.311600
v -0.326083 0.080624 -0.311600
v -0.311600 0.081984 -0.311600
v -0.297100 0.082288 -0.311600
v -0.282617 0.084576 -0.311600
v -0.268117 0.083712 -0.311600
v -0.253617 0.083440 -0.311600
v -0.239133 0.084224 -0.311600
v -0.224633 0.084384 -0.311600
v -0.210150 0.081472 -0.311600
v -0.195650 0.081968 -0.311600
v -0.181167 0.079776 -0.311600
v -0.166667 0.080176 -0.311600
v -0.152167 0.079072 -0.311600
v -0.137683 0.078224 -0.311600
v -0.123183 0.077024 -0.311600
v -0.108700 0.075328 -0.311600
v -0.094200 0.076928 -0.311600
v -0.079717 0.075040 -0.311600
v -0.065217 0.076512 -0.311600
v -0.050733 0.078016 -0.311600
v -0.036233 0.076976 -0.311600
v -0.021733 0.078432 -0.311600
v -0.007250 0.079920 -0.311600
v 0.007250 0.080896 -0.311600
v 0.021733 0.081072 -0.311600
v 0.036233 0.082208 -0.311600
v 0.050733 0.084176 -0.311600
v 0.065217 0.084240 -0.311600
v 0.079717 0.083120 -0.311600
v 0.094200 0.084432 -0.311600
v 0.108700 0.084608 -0.311600
v 0.123183 0.083456 -0.311600
v 0.137683 0.083472 -0.311600
v 0.152167 0.080960 -0.311600
v 0.166667 0.080032 -0.311600
v 0.181167 0.080464 -0.311600
v 0.195650 0.077888 -0.311600
v 0.210150 0.076656 -0.311600
v 0.224633 0.075968 -0.311600
v 0.239133 0.077312 -0.311600
v 0.253617 0.076880 -0.311600
v 0.268117 0.075264 -0.311600
v 0.282617 0.076896 -0.311600
v 0.297100 0.076016 -0.311600
v 0.311600 0.077808 -0.311600
v 0.326083 0.077136 -0.311600
v 0.340583 0.079584 -0.311600
v 0.355067 0.081072 -0.311600
v 0.369567 0.081456 -0.311600
v 0.384067 0.082688 -0.311600
v 0.398550 0.082128 -0.311600
v 0.413050 0.083536 -0.311600
v 0.427533 0.084672 -0.311600
v 0.442033 0.083648 -0.311600
v 0.456517 0.084368 -0.311600
v 0.471017 0.083504 -0.311600
v 0.485500 0.083312 -0.311600
v 0.500000 0.082256 -0.311600
v -0.500000 0.077904 -0.297100
v -0.485500 0.078368 -0.297100
v -0.471017 0.077680 -0.297100
v -0.456517 0.076192 -0.297100
v -0.442033 0.076704 -0.297100
v -0.427533 0.075952 -0.297100
v -0.413050 0.076656 -0.297100
v -0.398550 0.076544 -0.297100
v -0.384067 0.077616 -0.297100
v -0.369567 0.078112 -0.297100
v -0.355067 0.080592 -0.297100
v -0.340583 0.080880 -0.297100
v -0.326083 0.081840 -0.297100
v -0.311600 0.082480 -0.297100
v -0.297100 0.083024 -0.297100
v -0.282617 0.082768 -0.297100
v -0.268117 0.084224 -0.297100
v -0.253617 0.083696 -0.297100
v -0.239133 0.083152 -0.297100
v -0.224633 0.083072 -0.297100
v -0.210150 0.081376 -0.297100
v -0.195650 0.081808 -0.297100
v -0.181167 0.081184 -0.297100
v -0.166667 0.079104 -0.297100
v -0.152167 0.077616 -0.297100
v -0.137683 0.078816 -0.297100
v -0.123183 0.077216 -0.297100
v -0.108700 0.075952 -0.297100
v -0.094200 0.075104 -0.297100
v -0.079717 0.076352 -0.297100
v -0.065217 0.075712 -0.297100
v -0.050733 0.077952 -0.297100
v -0.036233 0.078208 -0.297100
v -0.021733 0.077952 -0.297100
v -0.007250 0.079248 -0.297100
v 0.007250 0.079440 -0.297100
v 0.021733 0.080768 -0.297100
v 0.036233 0.082496 -0.297100
v 0.050733 0.084032 -0.297100
v 0.065217 0.083376 -0.297100
v 0.079717 0.085008 -0.297100
v 0.094200 0.083216 -0.297100
v 0.108700 0.082560 -0.297100
v 0.123183 0.083952 -0.297100
v 0.137683 0.082064 -0.297100
v 0.152167 0.080944 -0.297100
v 0.166667 0.080400 -0.297100
v 0.181167 0.079824 -0.297100
v 0.195650 0.077840 -0.297100
v 0.210150 0.076672 -0.297100
v 0.224633 0.077216 -0.297100
v 0.239133 0.076848 -0.297100
v 0.253617 0.076320 -0.297100
v 0.268117 0.075280 -0.297100
v 0.282617 0.077328 -0.297100
v 0.297100 0.076704 -0.297100
v 0.311600 0.077696 -0.297100
v 0.326083 0.079424 -0.297100
v 0.340583 0.078480 -0.297100
v 0.355067 0.080416 -0.297100
v 0.369567 0.081200 -0.297100
v 0.384067 0.082640 -0.297100
v 0.398550 0.082304 -0.297100
v 0.413050 0.082880 -0.297100
v 0.427533 0.083120 -0.297100
v 0.442033 0.084000 -0.297100
v 0.456517 0.083104 -0.297100
v 0.471017 0.084240 -0.297100
v 0.485500 0.083408 -0.297100
v 0.500000 0.082176 -0.297100
v -0.500000 0.078288 -0.282617
v -0.485500 0.078576 -0.282617
v -0.471017 0.077296 -0.282617
v -0.456517 0.077392 -0.282617
v -0.442033 0.077616 -0.282617
v -0.427533 0.075520 -0.282617
v -0.413050 0.077424 -0.282617
v -0.398550 0.078272 -0.282617
v -0.384067 0.077664 -0.282617
v -0.369567 0.078304 -0.282617
v -0.355067 0.078416 -0.282617
v -0.340583 0.081552 -0.282617
v -0.326083 0.080688 -0.282617
v -0.311600 0.080960 -0.282617
v -0.297100 0.081808 -0.282617
v -0.282617 0.083360 -0.282617
v -0.268117 0.084000 -0.282617
v -0.253617 0.084560 -0.282617
v -0.239133 0.083680 -0.282617
v -0.224633 0.081776 -0.282617
v -0.210150 0.083232 -0.282617
v -0.195650 0.082272 -0.282617
v -0.181167 0.081200 -0.282617
v -0.166667 0.080512 -0.282617
v -0.152167 0.079456 -0.282617
v -0.137683 0.078272 -0.282617
v -0.123183 0.077840 -0.282617
v -0.108700 0.075472 -0.282617
v -0.094200 0.077712 -0.282617
v -0.079717 0.075200 -0.282617
v -0.065217 0.076512 -0.282617
v -0.050733 0.077344 -0.282617
v -0.036233 0.077856 -0.282617
v -0.021733 0.078224 -0.282617
v -0.007250 0.079536 -0.282617
v 0.007250 0.079984 -0.282617
v 0.021733 0.081760 -0.282617
v 0.036233 0.080944 -0.282617
v 0.050733 0.082400 -0.282617
v 0.065217 0.083664 -0.282617
v 0.079717 0.083408 -0.282617
v 0.094200 0.082288 -0.282617
v 0.108700 0.083184 -0.282617
v 0.123183 0.083936 -0.282617
v 0.137683 0.082240 -0.282617
v 0.152167 0.081984 -0.282617
v 0.166667 0.080192 -0.282617
v 0.181167 0.080800 -0.282617
v 0.195650 0.078736 -0.282617
v 0.210150 0.078672 -0.282617
v 0.224633 0.077536 -0.282617
v 0.239133 0.077536 -0.282617
v 0.253617 0.076208 -0.282617
v 0.268117 0.077552 -0.282617
v 0.282617 0.077936 -0.282617
v 0.297100 0.078160 -0.282617
v 0.311600 0.078816 -0.282617
v 0.326083 0.078224 -0.282617
v 0.340583 0.079040 -0.282617
v 0.355067 0.081392 -0.282617
v 0.369567 0.082112 -0.282617
v 0.384067 0.082336 -0.282617
v 0.398550 0.082928 -0.282617
v 0.413050 0.082000 -0.282617
v 0.427533 0.083664 -0.282617
v 0.442033 0.082416 -0.282617
v 0.456517 0.083392 -0.282617
v 0.471017 0.082176 -0.282617
v 0.485500 0.082528 -0.282617
v 0.500000 0.080592 -0.282617
v -0.500000 0.078288 -0.268117
v -0.485500 0.078736 -0.268117
v -0.471017 0.077696 -0.268117
v -0.456517 0.076176 -0.268117
v -0.442033 0.078176 -0.268117
v -0.427533 0.075728 -0.268117
v -0.413050 0.076960 -0.268117
v -0.398550 0.078144 -0.268117
v -0.384067 0.078400 -0.268117
v -0.369567 0.079280 -0.268117
v -0.355067 0.080704 -0.268117
v -0.340583 0.079440 -0.268117
v -0.326083 0.081264 -0.268117
v -0.311600 0.081296 -0.268117
v -0.297100 0.082736 -0.268117
v -0.282617 0.082784 -0.268117
v -0.268117 0.083392 -0.268117
v -0.253617 0.083824 -0.268117
v -0.239133 0.082832 -0.268117
v -0.224633 0.082224 -0.268117
v -0.210150 0.081984 -0.268117
v -0.195650 0.080288 -0.268117
v -0.181167 0.081408 -0.268117
v -0.166667 0.079280 -0.268117
v -0.152167 0.078768 -0.268117
v -0.137683 0.078960 -0.268117
v -0.123183 0.078368 -0.268117
v -0.108700 0.078400 -0.268117
v -0.094200 0.077456 -0.268117
v -0.079717 0.076992 -0.268117
v -0.065217 0.076944 -0.268117
v -0.050733 0.078240 -0.268117
v -0.036233 0.078400 -0.268117
v -0.021733 0.077536 -0.268117
v -0.007250 0.079728 -0.268117
v 0.007250 0.080800 -0.268117
v 0.021733 0.080784 -0.268117
v 0.036233 0.082688 -0.268117
v 0.050733 0.083024 -0.268117
v 0.065217 0.083808 -0.268117
v 0.079717 0.082496 -0.268117
v 0.094200 0.083440 -0.268117
v 0.108700 0.082992 -0.268117
v 0.123183 0.082032 -0.268117
v 0.137683 0.081360 -0.268117
v 0.152167 0.080144 -0.268117
v 0.166667 0.081280 -0.268117
v 0.181167 0.079056 -0.268117
v 0.195650 0.078448 -0.268117
v 0.210150 0.077520 -0.268117
v 0.224633 0.077728 -0.268117
v 0.239133 0.077152 -0.268117
v 0.253617 0.077888 -0.268117
v 0.268117 0.075856 -0.268117
v 0.282617 0.076720 -0.268117
v 0.297100 0.078384 -0.268117
v 0.311600 0.078832 -0.268117
v 0.326083 0.077648 -0.268117
v 0.340583 0.079392 -0.268117
v 0.355067 0.081600 -0.268117
v 0.369567 0.082336 -0.268117
v 0.384067 0.081344 -0.268117
v 0.398550 0.083024 -0.268117
v 0.413050 0.082384 -0.268117
v 0.427533 0.081936 -0.268117
v 0.442033 0.084080 -0.268117
v 0.456517 0.081920 -0.268117
v 0.471017 0.083760 -0.268117
v 0.485500 0.081824 -0.268117
v 0.500000 0.082176 -0.268117
v -0.500000 0.078928 -0.253617
v -0.485500 0.079472 -0.253617
v -0.471017 0.078640 -0.253617
v -0.456517 0.076864 -0.253617
v -0.442033 0.076336 -0.253617
v -0.427533 0.076720 -0.253617
v -0.413050 0.078032 -0.253617
v -0.398550 0.077088 -0.253617
v -0.384067 0.077456 -0.253617
v -0.369567 0.078816 -0.253617
v -0.355067 0.078592 -0.253617
v -0.340583 0.079888 -0.253617
v -0.326083 0.081328 -0.253617
v -0.311600 0.080832 -0.253617
v -0.297100 0.082720 -0.253617
v -0.282617 0.081680 -0.253617
v -0.268117 0.082096 -0.253617
v -0.253617 0.082176 -0.253617
v -0.239133 0.083152 -0.253617
v -0.224633 0.080768 -0.253617
v -0.210150 0.082256 -0.253617
v -0.195650 0.079856 -0.253617
v -0.181167 0.081472 -0.253617
v -0.166667 0.079760 -0.253617
v -0.152167 0.079632 -0.253617
v -0.137683 0.078480 -0.253617
v -0.123183 0.078416 -0.253617
v -0.108700 0.078144 -0.253617
v -0.094200 0.076592 -0.253617
v -0.079717 0.076704 -0.253617
v -0.065217 0.078704 -0.253617
v -0.050733 0.077248 -0.253617
v -0.036233 0.077760 -0.253617
v -0.021733 0.077824 -0.253617
v -0.007250 0.080144 -0.253617
v 0.007250 0.080976 -0.253617
v 0.021733 0.079664 -0.253617
v 0.036233 0.082336 -0.253617
v 0.050733 0.080880 -0.253617
v 0.065217 0.082192 -0.253617
v 0.079717 0.082400 -0.253617
v 0.094200 0.081744 -0.253617
v 0.108700 0.081776 -0.253617
v 0.123183 0.081888 -0.253617
v 0.137683 0.082192 -0.253617
v 0.152167 0.080304 -0.253617
v 0.166667 0.079632 -0.253617
v 0.181167 0.080896 -0.253617
v 0.195650 0.078464 -0.253617
v 0.210150 0.077504 -0.253617
v 0.224633 0.079168 -0.253617
v 0.239133 0.078816 -0.253617
v 0.253617 0.076832 -0.253617
v 0.268117 0.077632 -0.253617
v 0.282617 0.078656 -0.253617
v 0.297100 0.077552 -0.253617
v 0.311600 0.078048 -0.253617
v 0.326083 0.077744 -0.253617
v 0.340583 0.078672 -0.253617
v 0.355067 0.080544 -0.253617
v 0.369567 0.080880 -0.253617
v 0.384067 0.082384 -0.253617
v 0.398550 0.081776 -0.253617
v 0.413050 0.081664 -0.253617
v 0.427533 0.082160 -0.253617
v 0.442033 0.081520 -0.253617
v 0.456517 0.082256 -0.253617
v 0.471017 0.082496 -0.253617
v 0.485500 0.080752 -0.253617
v 0.500000 0.081232 -0.253617
v -0.500000 0.080560 -0.239133
v -0.485500 0.079408 -0.239133
v -0.471017 0.078144 -0.239133
v -0.456517 0.078768 -0.239133
v -0.442033 0.077296 -0.239133
v -0.427533 0.077296 -0.239133
v -0.413050 0.079216 -0.239133
v -0.398550 0.079184 -0.239133
v -0.384067 0.079296 -0.239133
v -0.369567 0.079536 -0.239133
v -0.355067 0.079424 -0.239133
v -0.340583 0.081120 -0.239133
v -0.326083 0.080720 -0.239133
v -0.311600 0.081904 -0.239133
v -0.297100 0.081984 -0.239133
v -0.282617 0.081168 -0.239133
v -0.268117 0.082512 -0.239133
v -0.253617 0.081312 -0.239133
v -0.239133 0.081856 -0.239133
v -0.224633 0.082208 -0.239133
v -0.210150 0.082160 -0.239133
v -0.195650 0.080912 -0.239133
v -0.181167 0.079376 -0.239133
v -0.166667 0.078816 -0.239133
v -0.152167 0.080096 -0.239133
v -0.137683 0.078352 -0.239133
v -0.123183 0.077600 -0.239133
v -0.108700 0.078480 -0.239133
v -0.094200 0.077936 -0.239133
v -0.079717 0.078752 -0.239133
v -0.065217 0.077424 -0.239133
v -0.050733 0.078480 -0.239133
v -0.036233 0.079920 -0.239133
v -0.021733 0.078304 -0.239133
v -0.007250 0.079296 -0.239133
v 0.007250 0.079744 -0.239133
v 0.021733 0.079504 -0.239133
v 0.036233 0.079936 -0.239133
v 0.050733 0.080704 -0.239133
v 0.065217 0.081552 -0.239133
v 0.079717 0.080624 -0.239133
v 0.094200 0.081920 -0.239133
v 0.108700 0.081152 -0.239133
v 0.123183 0.080752 -0.239133
v 0.137683 0.081856 -0.239133
v 0.152167 0.081216 -0.239133
v 0.166667 0.080032 -0.239133
v 0.181167 0.079120 -0.239133
v 0.195650 0.079344 -0.239133
v 0.210150 0.079312 -0.239133
v 0.224633 0.079296 -0.239133
v 0.239133 0.078816 -0.239133
v 0.253617 0.077008 -0.239133
v 0.268117 0.077408 -0.239133
v 0.282617 0.079664 -0.239133
v 0.297100 0.078720 -0.239133
v 0.311600 0.078960 -0.239133
v 0.326083 0.078320 -0.239133
v 0.340583 0.080464 -0.239133
v 0.355067 0.081024 -0.239133
v 0.369567 0.080128 -0.239133
v 0.384067 0.080432 -0.239133
v 0.398550 0.080240 -0.239133
v 0.413050 0.081072 -0.239133
v 0.427533 0.081728 -0.239133
v 0.442033 0.081584 -0.239133
v 0.456517 0.080352 -0.239133
v 0.471017 0.080368 -0.239133
v 0.485500 0.080416 -0.239133
v 0.500000 0.081552 -0.239133
v -0.500000 0.080816 -0.224633
v -0.485500 0.080352 -0.224633
v -0.471017 0.079248 -0.224633
v -0.456517 0.078800 -0.224633
v -0.442033 0.080112 -0.224633
v -0.427533 0.079760 -0.224633
v -0.413050 0.079552 -0.224633
v -0.398550 0.079808 -0.224633
v -0.384067 0.080592 -0.224633
v -0.369567 0.079744 -0.224633
v -0.355067 0.079280 -0.224633
v -0.340583 0.080736 -0.224633
v -0.326083 0.081456 -0.224633
v -0.311600 0.079856 -0.224633
v -0.297100 0.080416 -0.224633
v -0.282617 0.081488 -0.224633
v -0.268117 0.081648 -0.224633
v -0.253617 0.079712 -0.224633
v -0.239133 0.081568 -0.224633
v -0.224633 0.080000 -0.224633
v -0.210150 0.079504 -0.224633
v -0.195650 0.079088 -0.224633
v -0.181167 0.079888 -0.224633
v -0.166667 0.079616 -0.224633
v -0.152167 0.078672 -0.224633
v -0.137683 0.079776 -0.224633
v -0.123183 0.078240 -0.224633
v -0.108700 0.079984 -0.224633
v -0.094200 0.080064 -0.224633
v -0.079717 0.078336 -0.224633
v -0.065217 0.077568 -0.224633
v -0.050733 0.077792 -0.224633
v -0.036233 0.079120 -0.224633
v -0.021733 0.078848 -0.224633
v -0.007250 0.080160 -0.224633
v 0.007250 0.079440 -0.224633
v 0.021733 0.079296 -0.224633
v 0.036233 0.079264 -0.224633
v 0.050733 0.081584 -0.224633
v 0.065217 0.081136 -0.224633
v 0.079717 0.081008 -0.224633
v 0.094200 0.079872 -0.224633
v 0.108700 0.080416 -0.224633
v 0.123183 0.081136 -0.224633
v 0.137683 0.080720 -0.224633
v 0.152167 0.079616 -0.224633
v 0.166667 0.079600 -0.224633
v 0.181167 0.080576 -0.224633
v 0.195650 0.078432 -0.224633
v 0.210150 0.079760 -0.224633
v 0.224633 0.079760 -0.224633
v 0.239133 0.079168 -0.224633
v 0.253617 0.079216 -0.224633
v 0.268117 0.080160 -0.224633
v 0.282617 0.078688 -0.224633
v 0.297100 0.079904 -0.224633
v 0.311600 0.080000 -0.224633
v 0.326083 0.080240 -0.224633
v 0.340583 0.078752 -0.224633
v 0.355067 0.080592 -0.224633
v 0.369567 0.080000 -0.224633
v 0.384067 0.079584 -0.224633
v 0.398550 0.081744 -0.224633
v 0.413050 0.080224 -0.224633
v 0.427533 0.080800 -0.224633
v 0.442033 0.080400 -0.224633
v 0.456517 0.079856 -0.224633
v 0.471017 0.080192 -0.224633
v 0.485500 0.080864 -0.224633
v 0.500000 0.080720 -0.224633
v -0.500000 0.080624 -0.210150
v -0.485500 0.079088 -0.210150
v -0.471017 0.079392 -0.210150
v -0.456517 0.080800 -0.210150
v -0.442033 0.080016 -0.210150
v -0.427533 0.080576 -0.210150
v -0.413050 0.079856 -0.210150
v -0.398550 0.079760 -0.210150
v -0.384067 0.078784 -0.210150
v -0.369567 0.080848 -0.210150
v -0.355067 0.081024 -0.210150
v -0.340583 0.080544 -0.210150
v -0.326083 0.079280 -0.210150
v -0.311600 0.080336 -0.210150
v -0.297100 0.080464 -0.210150
v -0.282617 0.079440 -0.210150
v -0.268117 0.079680 -0.210150
v -0.253617 0.080976 -0.210150
v -0.239133 0.079344 -0.210150
v -0.224633 0.080192 -0.210150
v -0.210150 0.078704 -0.210150
v -0.195650 0.078592 -0.210150
v -0.181167 0.078592 -0.210150
v -0.166667 0.079200 -0.210150
v -0.152167 0.080720 -0.210150
v -0.137683 0.079744 -0.210150
v -0.123183 0.079440 -0.210150
v -0.108700 0.078496 -0.210150
v -0.094200 0.079472 -0.210150
v -0.079717 0.078304 -0.210150
v -0.065217 0.078096 -0.210150
v -0.050733 0.078720 -0.210150
v -0.036233 0.078496 -0.210150
v -0.021733 0.079840 -0.210150
v -0.007250 0.079280 -0.210150
v 0.007250 0.079488 -0.210150
v 0.021733 0.078560 -0.210150
v 0.036233 0.078896 -0.210150
v 0.050733 0.078224 -0.210150
v 0.065217 0.078736 -0.210150
v 0.079717 0.080608 -0.210150
v 0.094200 0.079840 -0.210150
v 0.108700 0.079056 -0.210150
v 0.123183 0.079872 -0.210150
v 0.137683 0.080656 -0.210150
v 0.152167 0.080448 -0.210150
v 0.166667 0.079776 -0.210150
v 0.181167 0.078864 -0.210150
v 0.195650 0.078640 -0.210150
v 0.210150 0.078720 -0.210150
v 0.224633 0.080672 -0.210150
v 0.239133 0.080592 -0.210150
v 0.253617 0.080400 -0.210150
v 0.268117 0.080480 -0.210150
v 0.282617 0.079008 -0.210150
v 0.297100 0.080144 -0.210150
v 0.311600 0.078704 -0.210150
v 0.326083 0.078768 -0.210150
v 0.340583 0.080288 -0.210150
v 0.355067 0.078736 -0.210150
v 0.369567 0.079792 -0.210150
v 0.384067 0.079648 -0.210150
v 0.398550 0.080976 -0.210150
v 0.413050 0.079664 -0.210150
v 0.427533 0.079280 -0.210150
v 0.442033 0.080496 -0.210150
v 0.456517 0.079152 -0.210150
v 0.471017 0.081264 -0.210150
v 0.485500 0.081104 -0.210150
v 0.500000 0.081280 -0.210150
v -0.500000 0.080640 -0.195650
v -0.485500 0.079712 -0.195650
v -0.471017 0.079904 -0.195650
v -0.456517 0.081312 -0.195650
v -0.442033 0.080656 -0.195650
v -0.427533 0.081328 -0.195650
v -0.413050 0.080000 -0.195650
v -0.398550 0.080816 -0.195650
v -0.384067 0.081392 -0.195650
v -0.369567 0.079744 -0.195650
v -0.355067 0.080928 -0.195650
v -0.340583 0.078944 -0.195650
v -0.326083 0.080064 -0.195650
v -0.311600 0.078272 -0.195650
v -0.297100 0.078624 -0.195650
v -0.282617 0.078064 -0.195650
v -0.268117 0.078304 -0.195650
v -0.253617 0.079136 -0.195650
v -0.239133 0.079872 -0.195650
v -0.224633 0.079920 -0.195650
v -0.210150 0.080272 -0.195650
v -0.195650 0.078672 -0.195650
v -0.181167 0.080544 -0.195650
v -0.166667 0.079344 -0.195650
v -0.152167 0.080048 -0.195650
v -0.137683 0.080240 -0.195650
v -0.123183 0.079104 -0.195650
v -0.108700 0.079088 -0.195650
v -0.094200 0.079408 -0.195650
v -0.079717 0.079040 -0.195650
v -0.065217 0.079856 -0.195650
v -0.050733 0.080048 -0.195650
v -0.036233 0.079440 -0.195650
v -0.021733 0.077952 -0.195650
v -0.007250 0.079872 -0.195650
v 0.007250 0.079360 -0.195650
v 0.021733 0.079376 -0.195650
v 0.036233 0.077056 -0.195650
v 0.050733 0.078864 -0.195650
v 0.065217 0.077488 -0.195650
v 0.079717 0.077952 -0.195650
v 0.094200 0.077184 -0.195650
v 0.108700 0.077504 -0.195650
v 0.123183 0.078176 -0.195650
v 0.137683 0.078832 -0.195650
v 0.152167 0.078352 -0.195650
v 0.166667 0.079440 -0.195650
v 0.181167 0.079424 -0.195650
v 0.195650 0.079200 -0.195650
v 0.210150 0.080560 -0.195650
v 0.224633 0.079952 -0.195650
v 0.239133 0.079392 -0.195650
v 0.253617 0.080016 -0.195650
v 0.268117 0.080512 -0.195650
v 0.282617 0.080992 -0.195650
v 0.297100 0.079504 -0.195650
v 0.311600 0.081472 -0.195650
v 0.326083 0.079232 -0.195650
v 0.340583 0.081248 -0.195650
v 0.355067 0.078688 -0.195650
v 0.369567 0.079200 -0.195650
v 0.384067 0.079088 -0.195650
v 0.398550 0.079808 -0.195650
v 0.413050 0.078192 -0.195650
v 0.427533 0.078432 -0.195650
v 0.442033 0.080016 -0.195650
v 0.456517 0.080304 -0.195650
v 0.471017 0.078192 -0.195650
v 0.485500 0.078448 -0.195650
v 0.500000 0.079248 -0.195650
v -0.500000 0.080320 -0.181167
v -0.485500 0.081504 -0.181167
v -0.471017 0.082464 -0.181167
v -0.456517 0.081888 -0.181167
v -0.442033 0.081200 -0.181167
v -0.427533 0.080912 -0.181167
v -0.413050 0.080384 -0.181167
v -0.398550 0.080176 -0.181167
v -0.384067 0.081888 -0.181167
v -0.369567 0.081520 -0.181167
v -0.355067 0.079824 -0.181167
v -0.340583 0.079008 -0.181167
v -0.326083 0.080224 -0.181167
v -0.311600 0.078208 -0.181167
v -0.297100 0.078336 -0.181167
v -0.282617 0.079328 -0.181167
v -0.268117 0.076960 -0.181167
v -0.253617 0.077744 -0.181167
v -0.239133 0.077376 -0.181167
v -0.224633 0.078128 -0.181167
v -0.210150 0.079568 -0.181167
v -0.195650 0.079840 -0.181167
v -0.181167 0.079568 -0.181167
v -0.166667 0.080032 -0.181167
v -0.152167 0.079024 -0.181167
v -0.137683 0.080080 -0.181167
v -0.123183 0.080112 -0.181167
v -0.108700 0.080528 -0.181167
v -0.094200 0.079024 -0.181167
v -0.079717 0.080080 -0.181167
v -0.065217 0.078256 -0.181167
v -0.050733 0.079520 -0.181167
v -0.036233 0.081808 -0.181167
v -0.021733 0.083952 -0.181167
v -0.007250 0.085600 -0.181167
v 0.007250 0.082064 -0.181167
v 0.021733 0.078624 -0.181167
v 0.036233 0.076720 -0.181167
v 0.050733 0.076624 -0.181167
v 0.065217 0.075056 -0.181167
v 0.079717 0.075920 -0.181167
v 0.094200 0.076688 -0.181167
v 0.108700 0.076896 -0.181167
v 0.123183 0.076272 -0.181167
v 0.137683 0.076416 -0.181167
v 0.152167 0.077696 -0.181167
v 0.166667 0.077904 -0.181167
v 0.181167 0.079456 -0.181167
v 0.195650 0.079968 -0.181167
v 0.210150 0.079264 -0.181167
v 0.224633 0.081968 -0.181167
v 0.239133 0.082240 -0.181167
v 0.253617 0.080592 -0.181167
v 0.268117 0.080864 -0.181167
v 0.282617 0.082576 -0.181167
v 0.297100 0.080032 -0.181167
v 0.311600 0.080096 -0.181167
v 0.326083 0.080272 -0.181167
v 0.340583 0.081104 -0.181167
v 0.355067 0.078672 -0.181167
v 0.369567 0.079472 -0.181167
v 0.384067 0.079680 -0.181167
v 0.398550 0.079040 -0.181167
v 0.413050 0.078352 -0.181167
v 0.427533 0.078752 -0.181167
v 0.442033 0.078896 -0.181167
v 0.456517 0.078416 -0.181167
v 0.471017 0.078080 -0.181167
v 0.485500 0.079296 -0.181167
v 0.500000 0.080112 -0.181167
v -0.500000 0.079952 -0.166667
v -0.485500 0.081888 -0.166667
v -0.471017 0.081728 -0.166667
v -0.456517 0.081376 -0.166667
v -0.442033 0.081936 -0.166667
v -0.427533 0.081264 -0.166667
v -0.413050 0.083008 -0.166667
v -0.398550 0.082000 -0.166667
v -0.384067 0.081232 -0.166667
v -0.369567 0.081776 -0.166667
v -0.355067 0.081056 -0.166667
v -0.340583 0.079312 -0.166667
v -0.326083 0.077760 -0.166667
v -0.311600 0.078608 -0.166667
v -0.297100 0.077216 -0.166667
v -0.282617 0.077808 -0.166667
v -0.268117 0.076272 -0.166667
v -0.253617 0.077952 -0.166667
v -0.239133 0.078112 -0.166667
v -0.224633 0.076528 -0.166667
v -0.210150 0.078384 -0.166667
v -0.195650 0.076800 -0.166667
v -0.181167 0.077232 -0.166667
v -0.166667 0.078576 -0.166667
v -0.152167 0.077952 -0.166667
v -0.137683 0.078480 -0.166667
v -0.123183 0.078512 -0.166667
v -0.108700 0.079616 -0.166667
v -0.094200 0.079840 -0.166667
v -0.079717 0.080480 -0.166667
v -0.065217 0.079904 -0.166667
v -0.050733 0.083264 -0.166667
v -0.036233 0.092144 -0.166667
v -0.021733 0.100768 -0.166667
v -0.007250 0.105168 -0.166667
v 0.007250 0.102144 -0.166667
v 0.021733 0.089440 -0.166667
v 0.036233 0.079376 -0.166667
v 0.050733 0.074144 -0.166667
v 0.065217 0.072432 -0.166667
v 0.079717 0.073904 -0.166667
v 0.094200 0.074608 -0.166667
v 0.108700 0.073280 -0.166667
v 0.123183 0.074176 -0.166667
v 0.137683 0.075792 -0.166667
v 0.152167 0.075888 -0.166667
v 0.166667 0.078928 -0.166667
v 0.181167 0.078544 -0.166667
v 0.195650 0.078528 -0.166667
v 0.210150 0.079664 -0.166667
v 0.224633 0.080384 -0.166667
v 0.239133 0.080960 -0.166667
v 0.253617 0.082192 -0.166667
v 0.268117 0.083024 -0.166667
v 0.282617 0.081728 -0.166667
v 0.297100 0.081888 -0.166667
v 0.311600 0.082544 -0.166667
v 0.326083 0.080864 -0.166667
v 0.340583 0.080000 -0.166667
v 0.355067 0.080656 -0.166667
v 0.369567 0.079568 -0.166667
v 0.384067 0.078352 -0.166667
v 0.398550 0.078928 -0.166667
v 0.413050 0.077168 -0.166667
v 0.427533 0.076608 -0.166667
v 0.442033 0.076944 -0.166667
v 0.456517 0.077328 -0.166667
v 0.471017 0.078960 -0.166667
v 0.485500 0.077856 -0.166667
v 0.500000 0.077920 -0.166667
v -0.500000 0.080240 -0.152167
v -0.485500 0.082688 -0.152167
v -0.471017 0.082464 -0.152167
v -0.456517 0.083984 -0.152167
v -0.442033 0.082592 -0.152167
v -0.427533 0.082064 -0.152167
v -0.413050 0.081936 -0.152167
v -0.398550 0.082976 -0.152167
v -0.384067 0.081760 -0.152167
v -0.369567 0.081936 -0.152167
v -0.355067 0.081408 -0.152167
v -0.340583 0.079408 -0.152167
v -0.326083 0.077600 -0.152167
v -0.311600 0.078800 -0.152167
v -0.297100 0.078256 -0.152167
v -0.282617 0.076960 -0.152167
v -0.268117 0.076512 -0.152167
v -0.253617 0.076976 -0.152167
v -0.239133 0.075856 -0.152167
v -0.224633 0.075088 -0.152167
v -0.210150 0.077664 -0.152167
v -0.195650 0.076656 -0.152167
v -0.181167 0.076576 -0.152167
v -0.166667 0.078160 -0.152167
v -0.152167 0.078336 -0.152167
v -0.137683 0.077248 -0.152167
v -0.123183 0.078560 -0.152167
v -0.108700 0.080864 -0.152167
v -0.094200 0.082192 -0.152167
v -0.079717 0.085216 -0.152167
v -0.065217 0.090768 -0.152167
v -0.050733 0.096752 -0.152167
v -0.036233 0.109472 -0.152167
v -0.021733 0.115712 -0.152167
v -0.007250 0.117520 -0.152167
v 0.007250 0.118880 -0.152167
v 0.021733 0.109984 -0.152167
v 0.036233 0.093872 -0.152167
v 0.050733 0.079216 -0.152167
v 0.065217 0.074288 -0.152167
v 0.079717 0.072576 -0.152167
v 0.094200 0.071712 -0.152167
v 0.108700 0.071488 -0.152167
v 0.123183 0.071424 -0.152167
v 0.137683 0.074624 -0.152167
v 0.152167 0.075632 -0.152167
v 0.166667 0.075872 -0.152167
v 0.181167 0.077168 -0.152167
v 0.195650 0.080176 -0.152167
v 0.210150 0.079696 -0.152167
v 0.224633 0.080224 -0.152167
v 0.239133 0.081088 -0.152167
v 0.253617 0.082768 -0.152167
v 0.268117 0.083248 -0.152167
v 0.282617 0.081824 -0.152167
v 0.297100 0.082608 -0.152167
v 0.311600 0.081936 -0.152167
v 0.326083 0.081504 -0.152167
v 0.340583 0.079504 -0.152167
v 0.355067 0.080320 -0.152167
v 0.369567 0.077856 -0.152167
v 0.384067 0.077184 -0.152167
v 0.398550 0.077888 -0.152167
v 0.413050 0.078256 -0.152167
v 0.427533 0.077488 -0.152167
v 0.442033 0.077888 -0.152167
v 0.456517 0.078080 -0.152167
v 0.471017 0.077968 -0.152167
v 0.485500 0.079168 -0.152167
v 0.500000 0.079952 -0.152167
v -0.500000 0.082320 -0.137683
v -0.485500 0.081328 -0.137683
v -0.471017 0.082320 -0.137683
v -0.456517 0.083152 -0.137683
v -0.442033 0.083616 -0.137683
v -0.427533 0.083376 -0.137683
v -0.413050 0.084192 -0.137683
v -0.398550 0.083072 -0.137683
v -0.384067 0.083120 -0.137683
v -0.369567 0.082448 -0.137683
v -0.355067 0.079104 -0.137683
v -0.340583 0.078768 -0.137683
v -0.326083 0.079600 -0.137683
v -0.311600 0.076464 -0.137683
v -0.297100 0.076400 -0.137683
v -0.282617 0.075232 -0.137683
v -0.268117 0.076032 -0.137683
v -0.253617 0.075200 -0.137683
v -0.239133 0.076096 -0.137683
v -0.224633 0.076336 -0.137683
v -0.210150 0.076176 -0.137683
v -0.195650 0.074800 -0.137683
v -0.181167 0.075696 -0.137683
v -0.166667 0.076576 -0.137683
v -0.152167 0.075024 -0.137683
v -0.137683 0.075296 -0.137683
v -0.123183 0.078944 -0.137683
v -0.108700 0.083648 -0.137683
v -0.094200 0.089120 -0.137683
v -0.079717 0.095968 -0.137683
v -0.065217 0.099632 -0.137683
v -0.050733 0.104080 -0.137683
v -0.036233 0.106720 -0.137683
v -0.021733 0.098768 -0.137683
v -0.007250 0.091424 -0.137683
v 0.007250 0.097152 -0.137683
v 0.021733 0.108032 -0.137683
v 0.036233 0.107152 -0.137683
v 0.050733 0.092752 -0.137683
v 0.065217 0.083680 -0.137683
v 0.079717 0.078160 -0.137683
v 0.094200 0.075616 -0.137683
v 0.108700 0.073168 -0.137683
v 0.123183 0.070320 -0.137683
v 0.137683 0.071744 -0.137683
v 0.152167 0.071488 -0.137683
v 0.166667 0.074896 -0.137683
v 0.181167 0.075440 -0.137683
v 0.195650 0.078800 -0.137683
v 0.210150 0.079520 -0.137683
v 0.224633 0.080304 -0.137683
v 0.239133 0.081344 -0.137683
v 0.253617 0.081584 -0.137683
v 0.268117 0.083184 -0.137683
v 0.282617 0.082592 -0.137683
v 0.297100 0.081456 -0.137683
v 0.311600 0.081312 -0.137683
v 0.326083 0.080880 -0.137683
v 0.340583 0.079824 -0.137683
v 0.355067 0.078656 -0.137683
v 0.369567 0.078784 -0.137683
v 0.384067 0.078432 -0.137683
v 0.398550 0.075968 -0.137683
v 0.413050 0.077248 -0.137683
v 0.427533 0.075744 -0.137683
v 0.442033 0.076496 -0.137683
v 0.456517 0.077504 -0.137683
v 0.471017 0.076608 -0.137683
v 0.485500 0.078640 -0.137683
v 0.500000 0.077504 -0.137683
v -0.500000 0.081088 -0.123183
v -0.485500 0.081152 -0.123183
v -0.471017 0.082240 -0.123183
v -0.456517 0.084080 -0.123183
v -0.442033 0.084912 -0.123183
v -0.427533 0.084480 -0.123183
v -0.413050 0.082768 -0.123183
v -0.398550 0.083216 -0.123183
v -0.384067 0.082544 -0.123183
v -0.369567 0.080704 -0.123183
v -0.355067 0.079152 -0.123183
v -0.340583 0.080112 -0.123183
v -0.326083 0.079216 -0.123183
v -0.311600 0.076688 -0.123183
v -0.297100 0.075184 -0.123183
v -0.282617 0.076192 -0.123183
v -0.268117 0.074032 -0.123183
v -0.253617 0.073200 -0.123183
v -0.239133 0.075280 -0.123183
v -0.224633 0.073024 -0.123183
v -0.210150 0.072928 -0.123183
v -0.195650 0.073792 -0.123183
v -0.181167 0.073680 -0.123183
v -0.166667 0.073152 -0.123183
v -0.152167 0.071648 -0.123183
v -0.137683 0.074320 -0.123183
v -0.123183 0.077664 -0.123183
v -0.108700 0.086336 -0.123183
v -0.094200 0.092960 -0.123183
v -0.079717 0.090640 -0.123183
v -0.065217 0.089376 -0.123183
v -0.050733 0.086080 -0.123183
v -0.036233 0.078496 -0.123183
v -0.021733 0.068496 -0.123183
v -0.007250 0.061456 -0.123183
v 0.007250 0.065312 -0.123183
v 0.021733 0.077776 -0.123183
v 0.036233 0.098720 -0.123183
v 0.050733 0.101872 -0.123183
v 0.065217 0.097776 -0.123183
v 0.079717 0.093664 -0.123183
v 0.094200 0.085840 -0.123183
v 0.108700 0.077168 -0.123183
v 0.123183 0.069904 -0.123183
v 0.137683 0.068000 -0.123183
v 0.152167 0.069280 -0.123183
v 0.166667 0.071136 -0.123183
v 0.181167 0.075312 -0.123183
v 0.195650 0.075232 -0.123183
v 0.210150 0.077664 -0.123183
v 0.224633 0.078752 -0.123183
v 0.239133 0.081328 -0.123183
v 0.253617 0.082960 -0.123183
v 0.268117 0.082592 -0.123183
v 0.282617 0.082304 -0.123183
v 0.297100 0.083104 -0.123183
v 0.311600 0.082160 -0.123183
v 0.326083 0.081760 -0.123183
v 0.340583 0.080928 -0.123183
v 0.355067 0.078816 -0.123183
v 0.369567 0.077408 -0.123183
v 0.384067 0.077152 -0.123183
v 0.398550 0.076224 -0.123183
v 0.413050 0.077088 -0.123183
v 0.427533 0.077072 -0.123183
v 0.442033 0.075056 -0.123183
v 0.456517 0.076592 -0.123183
v 0.471017 0.076976 -0.123183
v 0.485500 0.077424 -0.123183
v 0.500000 0.077744 -0.123183
v -0.500000 0.082912 -0.108700
v -0.485500 0.083296 -0.108700
v -0.471017 0.083920 -0.108700
v -0.456517 0.084560 -0.108700
v -0.442033 0.085040 -0.108700
v -0.427533 0.084912 -0.108700
v -0.413050 0.084336 -0.108700
v -0.398550 0.083472 -0.108700
v -0.384067 0.081056 -0.108700
v -0.369567 0.080832 -0.108700
v -0.355067 0.079776 -0.108700
v -0.340583 0.079760 -0.108700
v -0.326083 0.076704 -0.108700
v -0.311600 0.077376 -0.108700
v -0.297100 0.075552 -0.108700
v -0.282617 0.073824 -0.108700
v -0.268117 0.073744 -0.108700
v -0.253617 0.072800 -0.108700
v -0.239133 0.073248 -0.108700
v -0.224633 0.071728 -0.108700
v -0.210150 0.071360 -0.108700
v -0.195650 0.072576 -0.108700
v -0.181167 0.071264 -0.108700
v -0.166667 0.071936 -0.108700
v -0.152167 0.070352 -0.108700
v -0.137683 0.072640 -0.108700
v -0.123183 0.077744 -0.108700
v -0.108700 0.084976 -0.108700
v -0.094200 0.081856 -0.108700
v -0.079717 0.071920 -0.108700
v -0.065217 0.063856 -0.108700
v -0.050733 0.060352 -0.108700
v -0.036233 0.053536 -0.108700
v -0.021733 0.047696 -0.108700
v -0.007250 0.047200 -0.108700
v 0.007250 0.045168 -0.108700
v 0.021733 0.049520 -0.108700
v 0.036233 0.066208 -0.108700
v 0.050733 0.079360 -0.108700
v 0.065217 0.081744 -0.108700
v 0.079717 0.085040 -0.108700
v 0.094200 0.087520 -0.108700
v 0.108700 0.082784 -0.108700
v 0.123183 0.075328 -0.108700
v 0.137683 0.070880 -0.108700
v 0.152167 0.071808 -0.108700
v 0.166667 0.072704 -0.108700
v 0.181167 0.075360 -0.108700
v 0.195650 0.077264 -0.108700
v 0.210150 0.077744 -0.108700
v 0.224633 0.080448 -0.108700
v 0.239133 0.080128 -0.108700
v 0.253617 0.081888 -0.108700
v 0.268117 0.082592 -0.108700
v 0.282617 0.082848 -0.108700
v 0.297100 0.082240 -0.108700
v 0.311600 0.080992 -0.108700
v 0.326083 0.081392 -0.108700
v 0.340583 0.079856 -0.108700
v 0.355067 0.078752 -0.108700
v 0.369567 0.079264 -0.108700
v 0.384067 0.078528 -0.108700
v 0.398550 0.077728 -0.108700
v 0.413050 0.077360 -0.108700
v 0.427533 0.076320 -0.108700
v 0.442033 0.076880 -0.108700
v 0.456517 0.076592 -0.108700
v 0.471017 0.077776 -0.108700
v 0.485500 0.076688 -0.108700
v 0.500000 0.077552 -0.108700
v -0.500000 0.080592 -0.094200
v -0.485500 0.082224 -0.094200
v -0.471017 0.084432 -0.094200
v -0.456517 0.083856 -0.094200
v -0.442033 0.083360 -0.094200
v -0.427533 0.084224 -0.094200
v -0.413050 0.083104 -0.094200
v -0.398550 0.083248 -0.094200
v -0.384067 0.082784 -0.094200
v -0.369567 0.081776 -0.094200
v -0.355067 0.080336 -0.094200
v -0.340583 0.078704 -0.094200
v -0.326083 0.076896 -0.094200
v -0.311600 0.075488 -0.094200
v -0.297100 0.074384 -0.094200
v -0.282617 0.073968 -0.094200
v -0.268117 0.074240 -0.094200
v -0.253617 0.073376 -0.094200
v -0.239133 0.070944 -0.094200
v -0.224633 0.072352 -0.094200
v -0.210150 0.073248 -0.094200
v -0.195650 0.077024 -0.094200
v -0.181167 0.082208 -0.094200
v -0.166667 0.083104 -0.094200
v -0.152167 0.082432 -0.094200
v -0.137683 0.082144 -0.094200
v -0.123183 0.080384 -0.094200
v -0.108700 0.078864 -0.094200
v -0.094200 0.066656 -0.094200
v -0.079717 0.051984 -0.094200
v -0.065217 0.045488 -0.094200
v -0.050733 0.039712 -0.094200
v -0.036233 0.037456 -0.094200
v -0.021733 0.033712 -0.094200
v -0.007250 0.032752 -0.094200
v 0.007250 0.030576 -0.094200
v 0.021733 0.032672 -0.094200
v 0.036233 0.037488 -0.094200
v 0.050733 0.043824 -0.094200
v 0.065217 0.046544 -0.094200
v 0.079717 0.056384 -0.094200
v 0.094200 0.072624 -0.094200
v 0.108700 0.080064 -0.094200
v 0.123183 0.082304 -0.094200
v 0.137683 0.081984 -0.094200
v 0.152167 0.084640 -0.094200
v 0.166667 0.087072 -0.094200
v 0.181167 0.089968 -0.094200
v 0.195650 0.089088 -0.094200
v 0.210150 0.086720 -0.094200
v 0.224633 0.081808 -0.094200
v 0.239133 0.080880 -0.094200
v 0.253617 0.080400 -0.094200
v 0.268117 0.082320 -0.094200
v 0.282617 0.081952 -0.094200
v 0.297100 0.082352 -0.094200
v 0.311600 0.080464 -0.094200
v 0.326083 0.082144 -0.094200
v 0.340583 0.080832 -0.094200
v 0.355067 0.078624 -0.094200
v 0.369567 0.078832 -0.094200
v 0.384067 0.078032 -0.094200
v 0.398550 0.076432 -0.094200
v 0.413050 0.075792 -0.094200
v 0.427533 0.074992 -0.094200
v 0.442033 0.075104 -0.094200
v 0.456517 0.075904 -0.094200
v 0.471017 0.076208 -0.094200
v 0.485500 0.076736 -0.094200
v 0.500000 0.079344 -0.094200
v -0.500000 0.080768 -0.079717
v -0.485500 0.082064 -0.079717
v -0.471017 0.082016 -0.079717
v -0.456517 0.083248 -0.079717
v -0.442033 0.082560 -0.079717
v -0.427533 0.082848 -0.079717
v -0.413050 0.084240 -0.079717
v -0.398550 0.083008 -0.079717
v -0.384067 0.082336 -0.079717
v -0.369567 0.081136 -0.079717
v -0.355067 0.080256 -0.079717
v -0.340583 0.077952 -0.079717
v -0.326083 0.076432 -0.079717
v -0.311600 0.076528 -0.079717
v -0.297100 0.074448 -0.079717
v -0.282617 0.072704 -0.079717
v -0.268117 0.073664 -0.079717
v -0.253617 0.071936 -0.079717
v -0.239133 0.071840 -0.079717
v -0.224633 0.072848 -0.079717
v -0.210150 0.080528 -0.079717
v -0.195650 0.094640 -0.079717
v -0.181167 0.102016 -0.079717
v -0.166667 0.101104 -0.079717
v -0.152167 0.094624 -0.079717
v -0.137683 0.084352 -0.079717
v -0.123183 0.075776 -0.079717
v -0.108700 0.066432 -0.079717
v -0.094200 0.051376 -0.079717
v -0.079717 0.037104 -0.079717
v -0.065217 0.030080 -0.079717
v -0.050733 0.027344 -0.079717
v -0.036233 0.023680 -0.079717
v -0.021733 0.018768 -0.079717
v -0.007250 0.017856 -0.079717
v 0.007250 0.015680 -0.079717
v 0.021733 0.016912 -0.079717
v 0.036233 0.019568 -0.079717
v 0.050733 0.021152 -0.079717
v 0.065217 0.024944 -0.079717
v 0.079717 0.034000 -0.079717
v 0.094200 0.048976 -0.079717
v 0.108700 0.056848 -0.079717
v 0.123183 0.059248 -0.079717
v 0.137683 0.063312 -0.079717
v 0.152167 0.069072 -0.079717
v 0.166667 0.079056 -0.079717
v 0.181167 0.088704 -0.079717
v 0.195650 0.095776 -0.079717
v 0.210150 0.092352 -0.079717
v 0.224633 0.086608 -0.079717
v 0.239133 0.080912 -0.079717
v 0.253617 0.078304 -0.079717
v 0.268117 0.080736 -0.079717
v 0.282617 0.079872 -0.079717
v 0.297100 0.081872 -0.079717
v 0.311600 0.081200 -0.079717
v 0.326083 0.081264 -0.079717
v 0.340583 0.079824 -0.079717
v 0.355067 0.079776 -0.079717
v 0.369567 0.078064 -0.079717
v 0.384067 0.078048 -0.079717
v 0.398550 0.076400 -0.079717
v 0.413050 0.075616 -0.079717
v 0.427533 0.076768 -0.079717
v 0.442033 0.077392 -0.079717
v 0.456517 0.076800 -0.079717
v 0.471017 0.076272 -0.079717
v 0.485500 0.076896 -0.079717
v 0.500000 0.077728 -0.079717
v -0.500000 0.081232 -0.065217
v -0.485500 0.081792 -0.065217
v -0.471017 0.082192 -0.065217
v -0.456517 0.083344 -0.065217
v -0.442033 0.083136 -0.065217
v -0.427533 0.082464 -0.065217
v -0.413050 0.081888 -0.065217
v -0.398550 0.082784 -0.065217
v -0.384067 0.080832 -0.065217
v -0.369567 0.081184 -0.065217
v -0.355067 0.078848 -0.065217
v -0.340583 0.078448 -0.065217
v -0.326083 0.077072 -0.065217
v -0.311600 0.077216 -0.065217
v -0.297100 0.074128 -0.065217
v -0.282617 0.074672 -0.065217
v -0.268117 0.071904 -0.065217
v -0.253617 0.070672 -0.065217
v -0.239133 0.072336 -0.065217
v -0.224633 0.079488 -0.065217
v -0.210150 0.092368 -0.065217
v -0.195650 0.106192 -0.065217
v -0.181167 0.109648 -0.065217
v -0.166667 0.091744 -0.065217
v -0.152167 0.072352 -0.065217
v -0.137683 0.056784 -0.065217
v -0.123183 0.047472 -0.065217
v -0.108700 0.040384 -0.065217
v -0.094200 0.032832 -0.065217
v -0.079717 0.024704 -0.065217
v -0.065217 0.017856 -0.065217
v -0.050733 0.012864 -0.065217
v -0.036233 0.007152 -0.065217
v -0.021733 0.005120 -0.065217
v -0.007250 0.002352 -0.065217
v 0.007250 0.001616 -0.065217
v 0.021733 0.001456 -0.065217
v 0.036233 0.003856 -0.065217
v 0.050733 0.006496 -0.065217
v 0.065217 0.010496 -0.065217
v 0.079717 0.017888 -0.065217
v 0.094200 0.023024 -0.065217
v 0.108700 0.029216 -0.065217
v 0.123183 0.036640 -0.065217
v 0.137683 0.043552 -0.065217
v 0.152167 0.050960 -0.065217
v 0.166667 0.065920 -0.065217
v 0.181167 0.080128 -0.065217
v 0.195650 0.092864 -0.065217
v 0.210150 0.092560 -0.065217
v 0.224633 0.086896 -0.065217
v 0.239133 0.079456 -0.065217
v 0.253617 0.077328 -0.065217
v 0.268117 0.078608 -0.065217
v 0.282617 0.080224 -0.065217
v 0.297100 0.079888 -0.065217
v 0.311600 0.079216 -0.065217
v 0.326083 0.079840 -0.065217
v 0.340583 0.080096 -0.065217
v 0.355067 0.079824 -0.065217
v 0.369567 0.079552 -0.065217
v 0.384067 0.078944 -0.065217
v 0.398550 0.077376 -0.065217
v 0.413050 0.076224 -0.065217
v 0.427533 0.076256 -0.065217
v 0.442033 0.077664 -0.065217
v 0.456517 0.077216 -0.065217
v 0.471017 0.077472 -0.065217
v 0.485500 0.078640 -0.065217
v 0.500000 0.078336 -0.065217
v -0.500000 0.080880 -0.050733
v -0.485500 0.081936 -0.050733
v -0.471017 0.081344 -0.050733
v -0.456517 0.083328 -0.050733
v -0.442033 0.083376 -0.050733
v -0.427533 0.082128 -0.050733
v -0.413050 0.082848 -0.050733
v -0.398550 0.081600 -0.050733
v -0.384067 0.080512 -0.050733
v -0.369567 0.079376 -0.050733
v -0.355067 0.079232 -0.050733
v -0.340583 0.078272 -0.050733
v -0.326083 0.078400 -0.050733
v -0.311600 0.076544 -0.050733
v -0.297100 0.076160 -0.050733
v -0.282617 0.074304 -0.050733
v -0.268117 0.072256 -0.050733
v -0.253617 0.073808 -0.050733
v -0.239133 0.081440 -0.050733
v -0.224633 0.093504 -0.050733
v -0.210150 0.108960 -0.050733
v -0.195650 0.114320 -0.050733
v -0.181167 0.102816 -0.050733
v -0.166667 0.079072 -0.050733
v -0.152167 0.056336 -0.050733
v -0.137683 0.042000 -0.050733
v -0.123183 0.031456 -0.050733
v -0.108700 0.025728 -0.050733
v -0.094200 0.017104 -0.050733
v -0.079717 0.010160 -0.050733
v -0.065217 0.003584 -0.050733
v -0.050733 -0.000800 -0.050733
v -0.036233 -0.007152 -0.050733
v -0.021733 -0.009584 -0.050733
v -0.007250 -0.013248 -0.050733
v 0.007250 -0.012688 -0.050733
v 0.021733 -0.011360 -0.050733
v 0.036233 -0.010128 -0.050733
v 0.050733 -0.005744 -0.050733
v 0.065217 -0.000256 -0.050733
v 0.079717 0.004352 -0.050733
v 0.094200 0.012272 -0.050733
v 0.108700 0.018848 -0.050733
v 0.123183 0.025952 -0.050733
v 0.137683 0.034016 -0.050733
v 0.152167 0.044800 -0.050733
v 0.166667 0.057344 -0.050733
v 0.181167 0.075536 -0.050733
v 0.195650 0.090416 -0.050733
v 0.210150 0.093728 -0.050733
v 0.224633 0.089344 -0.050733
v 0.239133 0.080912 -0.050733
v 0.253617 0.078912 -0.050733
v 0.268117 0.078480 -0.050733
v 0.282617 0.078048 -0.050733
v 0.297100 0.079344 -0.050733
v 0.311600 0.078528 -0.050733
v 0.326083 0.080144 -0.050733
v 0.340583 0.078752 -0.050733
v 0.355067 0.080272 -0.050733
v 0.369567 0.077456 -0.050733
v 0.384067 0.078400 -0.050733
v 0.398550 0.077456 -0.050733
v 0.413050 0.077152 -0.050733
v 0.427533 0.078016 -0.050733
v 0.442033 0.077040 -0.050733
v 0.456517 0.077904 -0.050733
v 0.471017 0.078656 -0.050733
v 0.485500 0.079168 -0.050733
v 0.500000 0.079504 -0.050733
v -0.500000 0.082080 -0.036233
v -0.485500 0.082368 -0.036233
v -0.471017 0.081536 -0.036233
v -0.456517 0.080960 -0.036233
v -0.442033 0.081040 -0.036233
v -0.427533 0.081072 -0.036233
v -0.413050 0.082192 -0.036233
v -0.398550 0.081488 -0.036233
v -0.384067 0.080896 -0.036233
v -0.369567 0.079424 -0.036233
v -0.355067 0.079280 -0.036233
v -0.340583 0.078080 -0.036233
v -0.326083 0.076528 -0.036233
v -0.311600 0.076496 -0.036233
v -0.297100 0.074544 -0.036233
v -0.282617 0.073984 -0.036233
v -0.268117 0.075568 -0.036233
v -0.253617 0.083392 -0.036233
v -0.239133 0.099760 -0.036233
v -0.224633 0.118624 -0.036233
v -0.210150 0.121776 -0.036233
v -0.195650 0.104192 -0.036233
v -0.181167 0.080032 -0.036233
v -0.166667 0.058624 -0.036233
v -0.152167 0.041840 -0.036233
v -0.137683 0.033440 -0.036233
v -0.123183 0.025664 -0.036233
v -0.108700 0.015696 -0.036233
v -0.094200 0.008784 -0.036233
v -0.079717 0.000512 -0.036233
v -0.065217 -0.005776 -0.036233
v -0.050733 -0.013440 -0.036233
v -0.036233 -0.017824 -0.036233
v -0.021733 -0.022800 -0.036233
v -0.007250 -0.026112 -0.036233
v 0.007250 -0.025456 -0.036233
v 0.021733 -0.024544 -0.036233
v 0.036233 -0.022416 -0.036233
v 0.050733 -0.017232 -0.036233
v 0.065217 -0.011600 -0.036233
v 0.079717 -0.002736 -0.036233
v 0.094200 0.005088 -0.036233
v 0.108700 0.012528 -0.036233
v 0.123183 0.022048 -0.036233
v 0.137683 0.029568 -0.036233
v 0.152167 0.040064 -0.036233
v 0.166667 0.052576 -0.036233
v 0.181167 0.069200 -0.036233
v 0.195650 0.085136 -0.036233
v 0.210150 0.094560 -0.036233
v 0.224633 0.094384 -0.036233
v 0.239133 0.086976 -0.036233
v 0.253617 0.080224 -0.036233
v 0.268117 0.076720 -0.036233
v 0.282617 0.078928 -0.036233
v 0.297100 0.078656 -0.036233
v 0.311600 0.079920 -0.036233
v 0.326083 0.080480 -0.036233
v 0.340583 0.080128 -0.036233
v 0.355067 0.078240 -0.036233
v 0.369567 0.078672 -0.036233
v 0.384067 0.077472 -0.036233
v 0.398550 0.077488 -0.036233
v 0.413050 0.076976 -0.036233
v 0.427533 0.077232 -0.036233
v 0.442033 0.076880 -0.036233
v 0.456517 0.078608 -0.036233
v 0.471017 0.079488 -0.036233
v 0.485500 0.079248 -0.036233
v 0.500000 0.080032 -0.036233
v -0.500000 0.080864 -0.021733
v -0.485500 0.080784 -0.021733
v -0.471017 0.080880 -0.021733
v -0.456517 0.079968 -0.021733
v -0.442033 0.081872 -0.021733
v -0.427533 0.080256 -0.021733
v -0.413050 0.082048 -0.021733
v -0.398550 0.080192 -0.021733
v -0.384067 0.080352 -0.021733
v -0.369567 0.080304 -0.021733
v -0.355067 0.079264 -0.021733
v -0.340583 0.078544 -0.021733
v -0.326083 0.079136 -0.021733
v -0.311600 0.077648 -0.021733
v -0.297100 0.074880 -0.021733
v -0.282617 0.075616 -0.021733
v -0.268117 0.078880 -0.021733
v -0.253617 0.090448 -0.021733
v -0.239133 0.111584 -0.021733
v -0.224633 0.124656 -0.021733
v -0.210150 0.110208 -0.021733
v -0.195650 0.081680 -0.021733
v -0.181167 0.059040 -0.021733
v -0.166667 0.044016 -0.021733
v -0.152167 0.036224 -0.021733
v -0.137683 0.028640 -0.021733
v -0.123183 0.020016 -0.021733
v -0.108700 0.011024 -0.021733
v -0.094200 0.000832 -0.021733
v -0.079717 -0.007344 -0.021733
v -0.065217 -0.015216 -0.021733
v -0.050733 -0.020480 -0.021733
v -0.036233 -0.026448 -0.021733
v -0.021733 -0.031264 -0.021733
v -0.007250 -0.034352 -0.021733
v 0.007250 -0.033488 -0.021733
v 0.021733 -0.031296 -0.021733
v 0.036233 -0.027712 -0.021733
v 0.050733 -0.022704 -0.021733
v 0.065217 -0.017776 -0.021733
v 0.079717 -0.008176 -0.021733
v 0.094200 -0.000352 -0.021733
v 0.108700 0.008880 -0.021733
v 0.123183 0.016320 -0.021733
v 0.137683 0.027392 -0.021733
v 0.152167 0.036576 -0.021733
v 0.166667 0.046864 -0.021733
v 0.181167 0.061680 -0.021733
v 0.195650 0.079680 -0.021733
v 0.210150 0.093248 -0.021733
v 0.224633 0.095616 -0.021733
v 0.239133 0.086608 -0.021733
v 0.253617 0.078864 -0.021733
v 0.268117 0.076320 -0.021733
v 0.282617 0.077488 -0.021733
v 0.297100 0.077568 -0.021733
v 0.311600 0.079152 -0.021733
v 0.326083 0.079424 -0.021733
v 0.340583 0.080160 -0.021733
v 0.355067 0.078912 -0.021733
v 0.369567 0.080208 -0.021733
v 0.384067 0.078208 -0.021733
v 0.398550 0.078848 -0.021733
v 0.413050 0.078720 -0.021733
v 0.427533 0.079808 -0.021733
v 0.442033 0.079104 -0.021733
v 0.456517 0.078320 -0.021733
v 0.471017 0.078096 -0.021733
v 0.485500 0.079152 -0.021733
v 0.500000 0.079152 -0.021733
v -0.500000 0.079744 -0.007250
v -0.485500 0.079968 -0.007250
v -0.471017 0.080640 -0.007250
v -0.456517 0.080848 -0.007250
v -0.442033 0.079376 -0.007250
v -0.427533 0.079344 -0.007250
v -0.413050 0.080880 -0.007250
v -0.398550 0.080016 -0.007250
v -0.384067 0.080752 -0.007250
v -0.369567 0.078816 -0.007250
v -0.355067 0.080240 -0.007250
v -0.340583 0.079376 -0.007250
v -0.326083 0.078496 -0.007250
v -0.311600 0.078448 -0.007250
v -0.297100 0.075424 -0.007250
v -0.282617 0.075472 -0.007250
v -0.268117 0.077216 -0.007250
v -0.253617 0.082848 -0.007250
v -0.239133 0.102768 -0.007250
v -0.224633 0.123888 -0.007250
v -0.210150 0.118448 -0.007250
v -0.195650 0.090976 -0.007250
v -0.181167 0.060272 -0.007250
v -0.166667 0.043632 -0.007250
v -0.152167 0.034864 -0.007250
v -0.137683 0.025360 -0.007250
v -0.123183 0.017568 -0.007250
v -0.108700 0.008128 -0.007250
v -0.094200 -0.001392 -0.007250
v -0.079717 -0.011664 -0.007250
v -0.065217 -0.019008 -0.007250
v -0.050733 -0.027008 -0.007250
v -0.036233 -0.032000 -0.007250
v -0.021733 -0.036448 -0.007250
v -0.007250 -0.038880 -0.007250
v 0.007250 -0.038816 -0.007250
v 0.021733 -0.035136 -0.007250
v 0.036233 -0.033008 -0.007250
v 0.050733 -0.025856 -0.007250
v 0.065217 -0.020576 -0.007250
v 0.079717 -0.010992 -0.007250
v 0.094200 -0.002640 -0.007250
v 0.108700 0.006656 -0.007250
v 0.123183 0.015424 -0.007250
v 0.137683 0.026144 -0.007250
v 0.152167 0.035568 -0.007250
v 0.166667 0.049920 -0.007250
v 0.181167 0.068224 -0.007250
v 0.195650 0.085120 -0.007250
v 0.210150 0.089376 -0.007250
v 0.224633 0.083216 -0.007250
v 0.239133 0.077280 -0.007250
v 0.253617 0.073952 -0.007250
v 0.268117 0.074928 -0.007250
v 0.282617 0.076272 -0.007250
v 0.297100 0.076416 -0.007250
v 0.311600 0.079024 -0.007250
v 0.326083 0.078656 -0.007250
v 0.340583 0.077664 -0.007250
v 0.355067 0.079504 -0.007250
v 0.369567 0.080016 -0.007250
v 0.384067 0.078256 -0.007250
v 0.398550 0.079920 -0.007250
v 0.413050 0.079168 -0.007250
v 0.427533 0.078672 -0.007250
v 0.442033 0.079504 -0.007250
v 0.456517 0.080176 -0.007250
v 0.471017 0.080448 -0.007250
v 0.485500 0.080816 -0.007250
v 0.500000 0.079696 -0.007250
v -0.500000 0.078832 0.007250
v -0.485500 0.080272 0.007250
v -0.471017 0.079376 0.007250
v -0.456517 0.079888 0.007250
v -0.442033 0.079680 0.007250
v -0.427533 0.079440 0.007250
v -0.413050 0.079808 0.007250
v -0.398550 0.080000 0.007250
v -0.384067 0.080560 0.007250
v -0.369567 0.079536 0.007250
v -0.355067 0.078896 0.007250
v -0.340583 0.079216 0.007250
v -0.326083 0.079792 0.007250
v -0.311600 0.077536 0.007250
v -0.297100 0.075792 0.007250
v -0.282617 0.074720 0.007250
v -0.268117 0.075392 0.007250
v -0.253617 0.076224 0.007250
v -0.239133 0.082128 0.007250
v -0.224633 0.099632 0.007250
v -0.210150 0.120144 0.007250
v -0.195650 0.120912 0.007250
v -0.181167 0.096384 0.007250
v -0.166667 0.064272 0.007250
v -0.152167 0.042320 0.007250
v -0.137683 0.029040 0.007250
v -0.123183 0.017136 0.007250
v -0.108700 0.007680 0.007250
v -0.094200 -0.002528 0.007250
v -0.079717 -0.009376 0.007250
v -0.065217 -0.017984 0.007250
v -0.050733 -0.026800 0.007250
v -0.036233 -0.031344 0.007250
v -0.021733 -0.035856 0.007250
v -0.007250 -0.038032 0.007250
v 0.007250 -0.037968 0.007250
v 0.021733 -0.035792 0.007250
v 0.036233 -0.031808 0.007250
v 0.050733 -0.026448 0.007250
v 0.065217 -0.018496 0.007250
v 0.079717 -0.010160 0.007250
v 0.094200 -0.000192 0.007250
v 0.108700 0.008576 0.007250
v 0.123183 0.021104 0.007250
v 0.137683 0.034096 0.007250
v 0.152167 0.052256 0.007250
v 0.166667 0.072368 0.007250
v 0.181167 0.084480 0.007250
v 0.195650 0.082624 0.007250
v 0.210150 0.075136 0.007250
v 0.224633 0.069504 0.007250
v 0.239133 0.068608 0.007250
v 0.253617 0.070256 0.007250
v 0.268117 0.074176 0.007250
v 0.282617 0.075216 0.007250
v 0.297100 0.076640 0.007250
v 0.311600 0.076192 0.007250
v 0.326083 0.078000 0.007250
v 0.340583 0.078208 0.007250
v 0.355067 0.080048 0.007250
v 0.369567 0.079408 0.007250
v 0.384067 0.079280 0.007250
v 0.398550 0.081392 0.007250
v 0.413050 0.079088 0.007250
v 0.427533 0.079312 0.007250
v 0.442033 0.080848 0.007250
v 0.456517 0.081392 0.007250
v 0.471017 0.079888 0.007250
v 0.485500 0.079776 0.007250
v 0.500000 0.079328 0.007250
v -0.500000 0.079360 0.021733
v -0.485500 0.079568 0.021733
v -0.471017 0.078784 0.021733
v -0.456517 0.077520 0.021733
v -0.442033 0.078208 0.021733
v -0.427533 0.079024 0.021733
v -0.413050 0.078192 0.021733
v -0.398550 0.079312 0.021733
v -0.384067 0.080144 0.021733
v -0.369567 0.078928 0.021733
v -0.355067 0.080432 0.021733
v -0.340583 0.077968 0.021733
v -0.326083 0.078432 0.021733
v -0.311600 0.077552 0.021733
v -0.297100 0.078752 0.021733
v -0.282617 0.076560 0.021733
v -0.268117 0.074928 0.021733
v -0.253617 0.073184 0.021733
v -0.239133 0.074880 0.021733
v -0.224633 0.080384 0.021733
v -0.210150 0.100672 0.021733
v -0.195650 0.118912 0.021733
v -0.181167 0.120016 0.021733
v -0.166667 0.091696 0.021733
v -0.152167 0.057632 0.021733
v -0.137683 0.033504 0.021733
v -0.123183 0.020000 0.021733
v -0.108700 0.010912 0.021733
v -0.094200 0.002208 0.021733
v -0.079717 -0.007216 0.021733
v -0.065217 -0.016192 0.021733
v -0.050733 -0.024544 0.021733
v -0.036233 -0.029376 0.021733
v -0.021733 -0.033952 0.021733
v -0.007250 -0.035568 0.021733
v 0.007250 -0.035024 0.021733
v 0.021733 -0.032272 0.021733
v 0.036233 -0.029296 0.021733
v 0.050733 -0.021408 0.021733
v 0.065217 -0.013200 0.021733
v 0.079717 -0.004752 0.021733
v 0.094200 0.004096 0.021733
v 0.108700 0.013712 0.021733
v 0.123183 0.023280 0.021733
v 0.137683 0.041136 0.021733
v 0.152167 0.064816 0.021733
v 0.166667 0.083904 0.021733
v 0.181167 0.085008 0.021733
v 0.195650 0.077824 0.021733
v 0.210150 0.069168 0.021733
v 0.224633 0.068192 0.021733
v 0.239133 0.069472 0.021733
v 0.253617 0.070640 0.021733
v 0.268117 0.073232 0.021733
v 0.282617 0.074688 0.021733
v 0.297100 0.076848 0.021733
v 0.311600 0.075808 0.021733
v 0.326083 0.077072 0.021733
v 0.340583 0.080064 0.021733
v 0.355067 0.080336 0.021733
v 0.369567 0.081296 0.021733
v 0.384067 0.080880 0.021733
v 0.398550 0.082080 0.021733
v 0.413050 0.081696 0.021733
v 0.427533 0.080368 0.021733
v 0.442033 0.081792 0.021733
v 0.456517 0.082272 0.021733
v 0.471017 0.082176 0.021733
v 0.485500 0.081120 0.021733
v 0.500000 0.081584 0.021733
v -0.500000 0.080032 0.036233
v -0.485500 0.077488 0.036233
v -0.471017 0.077552 0.036233
v -0.456517 0.079168 0.036233
v -0.442033 0.079136 0.036233
v -0.427533 0.077488 0.036233
v -0.413050 0.076864 0.036233
v -0.398550 0.078944 0.036233
v -0.384067 0.078400 0.036233
v -0.369567 0.080112 0.036233
v -0.355067 0.080048 0.036233
v -0.340583 0.078432 0.036233
v -0.326083 0.079616 0.036233
v -0.311600 0.079424 0.036233
v -0.297100 0.077728 0.036233
v -0.282617 0.079216 0.036233
v -0.268117 0.076704 0.036233
v -0.253617 0.075040 0.036233
v -0.239133 0.074144 0.036233
v -0.224633 0.079312 0.036233
v -0.210150 0.095856 0.036233
v -0.195650 0.117568 0.036233
v -0.181167 0.126352 0.036233
v -0.166667 0.102416 0.036233
v -0.152167 0.067920 0.036233
v -0.137683 0.041568 0.036233
v -0.123183 0.027056 0.036233
v -0.108700 0.017824 0.036233
v -0.094200 0.007888 0.036233
v -0.079717 -0.002352 0.036233
v -0.065217 -0.010608 0.036233
v -0.050733 -0.019712 0.036233
v -0.036233 -0.024560 0.036233
v -0.021733 -0.028976 0.036233
v -0.007250 -0.030592 0.036233
v 0.007250 -0.031136 0.036233
v 0.021733 -0.028960 0.036233
v 0.036233 -0.022240 0.036233
v 0.050733 -0.014800 0.036233
v 0.065217 -0.006768 0.036233
v 0.079717 0.002256 0.036233
v 0.094200 0.011776 0.036233
v 0.108700 0.020512 0.036233
v 0.123183 0.028576 0.036233
v 0.137683 0.040112 0.036233
v 0.152167 0.060064 0.036233
v 0.166667 0.083872 0.036233
v 0.181167 0.092240 0.036233
v 0.195650 0.084464 0.036233
v 0.210150 0.072768 0.036233
v 0.224633 0.068992 0.036233
v 0.239133 0.068848 0.036233
v 0.253617 0.070512 0.036233
v 0.268117 0.072864 0.036233
v 0.282617 0.073728 0.036233
v 0.297100 0.076768 0.036233
v 0.311600 0.077936 0.036233
v 0.326083 0.077536 0.036233
v 0.340583 0.078080 0.036233
v 0.355067 0.080288 0.036233
v 0.369567 0.080160 0.036233
v 0.384067 0.081776 0.036233
v 0.398550 0.080240 0.036233
v 0.413050 0.082512 0.036233
v 0.427533 0.082304 0.036233
v 0.442033 0.082960 0.036233
v 0.456517 0.080752 0.036233
v 0.471017 0.080640 0.036233
v 0.485500 0.082208 0.036233
v 0.500000 0.081616 0.036233
v -0.500000 0.078192 0.050733
v -0.485500 0.078528 0.050733
v -0.471017 0.078608 0.050733
v -0.456517 0.077296 0.050733
v -0.442033 0.077664 0.050733
v -0.427533 0.076160 0.050733
v -0.413050 0.076400 0.050733
v -0.398550 0.078928 0.050733
v -0.384067 0.078304 0.050733
v -0.369567 0.077536 0.050733
v -0.355067 0.078416 0.050733
v -0.340583 0.078608 0.050733
v -0.326083 0.080528 0.050733
v -0.311600 0.079072 0.050733
v -0.297100 0.079648 0.050733
v -0.282617 0.079104 0.050733
v -0.268117 0.079632 0.050733
v -0.253617 0.076512 0.050733
v -0.239133 0.075296 0.050733
v -0.224633 0.078320 0.050733
v -0.210150 0.090944 0.050733
v -0.195650 0.112896 0.050733
v -0.181167 0.127888 0.050733
v -0.166667 0.121760 0.050733
v -0.152167 0.100768 0.050733
v -0.137683 0.070352 0.050733
v -0.123183 0.045616 0.050733
v -0.108700 0.026000 0.050733
v -0.094200 0.014976 0.050733
v -0.079717 0.004560 0.050733
v -0.065217 -0.004112 0.050733
v -0.050733 -0.013168 0.050733
v -0.036233 -0.018928 0.050733
v -0.021733 -0.021472 0.050733
v -0.007250 -0.025888 0.050733
v 0.007250 -0.025120 0.050733
v 0.021733 -0.020304 0.050733
v 0.036233 -0.014832 0.050733
v 0.050733 -0.008288 0.050733
v 0.065217 0.000208 0.050733
v 0.079717 0.010544 0.050733
v 0.094200 0.018640 0.050733
v 0.108700 0.028112 0.050733
v 0.123183 0.038384 0.050733
v 0.137683 0.054368 0.050733
v 0.152167 0.073088 0.050733
v 0.166667 0.092032 0.050733
v 0.181167 0.098912 0.050733
v 0.195650 0.091168 0.050733
v 0.210150 0.078624 0.050733
v 0.224633 0.070736 0.050733
v 0.239133 0.071568 0.050733
v 0.253617 0.070800 0.050733
v 0.268117 0.073728 0.050733
v 0.282617 0.074736 0.050733
v 0.297100 0.074624 0.050733
v 0.311600 0.077632 0.050733
v 0.326083 0.078192 0.050733
v 0.340583 0.078112 0.050733
v 0.355067 0.079184 0.050733
v 0.369567 0.080592 0.050733
v 0.384067 0.082016 0.050733
v 0.398550 0.082800 0.050733
v 0.413050 0.083488 0.050733
v 0.427533 0.082464 0.050733
v 0.442033 0.082384 0.050733
v 0.456517 0.082960 0.050733
v 0.471017 0.082144 0.050733
v 0.485500 0.081440 0.050733
v 0.500000 0.082272 0.050733
v -0.500000 0.079584 0.065217
v -0.485500 0.076848 0.065217
v -0.471017 0.076752 0.065217
v -0.456517 0.075680 0.065217
v -0.442033 0.076144 0.065217
v -0.427533 0.075536 0.065217
v -0.413050 0.077952 0.065217
v -0.398550 0.077168 0.065217
v -0.384067 0.077056 0.065217
v -0.369567 0.078112 0.065217
v -0.355067 0.079584 0.065217
v -0.340583 0.079328 0.065217
v -0.326083 0.079344 0.065217
v -0.311600 0.079920 0.065217
v -0.297100 0.080912 0.065217
v -0.282617 0.079984 0.065217
v -0.268117 0.079504 0.065217
v -0.253617 0.078496 0.065217
v -0.239133 0.078128 0.065217
v -0.224633 0.075936 0.065217
v -0.210150 0.079040 0.065217
v -0.195650 0.089872 0.065217
v -0.181167 0.106928 0.065217
v -0.166667 0.122384 0.065217
v -0.152167 0.122928 0.065217
v -0.137683 0.099712 0.065217
v -0.123183 0.056448 0.065217
v -0.108700 0.033312 0.065217
v -0.094200 0.021696 0.065217
v -0.079717 0.013008 0.065217
v -0.065217 0.004368 0.065217
v -0.050733 -0.001104 0.065217
v -0.036233 -0.008816 0.065217
v -0.021733 -0.011664 0.065217
v -0.007250 -0.013552 0.065217
v 0.007250 -0.014144 0.065217
v 0.021733 -0.009552 0.065217
v 0.036233 -0.005344 0.065217
v 0.050733 0.003024 0.065217
v 0.065217 0.012608 0.065217
v 0.079717 0.020912 0.065217
v 0.094200 0.029632 0.065217
v 0.108700 0.037920 0.065217
v 0.123183 0.046880 0.065217
v 0.137683 0.070064 0.065217
v 0.152167 0.093536 0.065217
v 0.166667 0.107120 0.065217
v 0.181167 0.103328 0.065217
v 0.195650 0.089984 0.065217
v 0.210150 0.078432 0.065217
v 0.224633 0.073584 0.065217
v 0.239133 0.070912 0.065217
v 0.253617 0.070992 0.065217
v 0.268117 0.073920 0.065217
v 0.282617 0.074224 0.065217
v 0.297100 0.076768 0.065217
v 0.311600 0.076784 0.065217
v 0.326083 0.077200 0.065217
v 0.340583 0.079424 0.065217
v 0.355067 0.079520 0.065217
v 0.369567 0.081968 0.065217
v 0.384067 0.081200 0.065217
v 0.398550 0.082608 0.065217
v 0.413050 0.082224 0.065217
v 0.427533 0.084160 0.065217
v 0.442033 0.082752 0.065217
v 0.456517 0.082240 0.065217
v 0.471017 0.081552 0.065217
v 0.485500 0.083248 0.065217
v 0.500000 0.082384 0.065217
v -0.500000 0.078208 0.079717
v -0.485500 0.076640 0.079717
v -0.471017 0.076256 0.079717
v -0.456517 0.076640 0.079717
v -0.442033 0.075152 0.079717
v -0.427533 0.075440 0.079717
v -0.413050 0.075392 0.079717
v -0.398550 0.077232 0.079717
v -0.384067 0.076768 0.079717
v -0.369567 0.077904 0.079717
v -0.355067 0.080336 0.079717
v -0.340583 0.080256 0.079717
v -0.326083 0.080176 0.079717
v -0.311600 0.082000 0.079717
v -0.297100 0.082432 0.079717
v -0.282617 0.082304 0.079717
v -0.268117 0.082224 0.079717
v -0.253617 0.079616 0.079717
v -0.239133 0.079024 0.079717
v -0.224633 0.076800 0.079717
v -0.210150 0.076544 0.079717
v -0.195650 0.076368 0.079717
v -0.181167 0.088288 0.079717
v -0.166667 0.111296 0.079717
v -0.152167 0.129696 0.079717
v -0.137683 0.105120 0.079717
v -0.123183 0.060704 0.079717
v -0.108700 0.041200 0.079717
v -0.094200 0.032112 0.079717
v -0.079717 0.023488 0.079717
v -0.065217 0.018016 0.079717
v -0.050733 0.010384 0.079717
v -0.036233 0.005504 0.079717
v -0.021733 0.001360 0.079717
v -0.007250 -0.001152 0.079717
v 0.007250 0.000416 0.079717
v 0.021733 0.002912 0.079717
v 0.036233 0.008576 0.079717
v 0.050733 0.015680 0.079717
v 0.065217 0.024416 0.079717
v 0.079717 0.031152 0.079717
v 0.094200 0.039488 0.079717
v 0.108700 0.047408 0.079717
v 0.123183 0.056896 0.079717
v 0.137683 0.076960 0.079717
v 0.152167 0.109104 0.079717
v 0.166667 0.115728 0.079717
v 0.181167 0.100560 0.079717
v 0.195650 0.083712 0.079717
v 0.210150 0.075600 0.079717
v 0.224633 0.072176 0.079717
v 0.239133 0.072896 0.079717
v 0.253617 0.073584 0.079717
v 0.268117 0.073136 0.079717
v 0.282617 0.075264 0.079717
v 0.297100 0.076304 0.079717
v 0.311600 0.076416 0.079717
v 0.326083 0.077648 0.079717
v 0.340583 0.078896 0.079717
v 0.355067 0.080080 0.079717
v 0.369567 0.081264 0.079717
v 0.384067 0.083296 0.079717
v 0.398550 0.083440 0.079717
v 0.413050 0.084112 0.079717
v 0.427533 0.083840 0.079717
v 0.442033 0.084864 0.079717
v 0.456517 0.082800 0.079717
v 0.471017 0.082208 0.079717
v 0.485500 0.083328 0.079717
v 0.500000 0.082176 0.079717
v -0.500000 0.077216 0.094200
v -0.485500 0.078176 0.094200
v -0.471017 0.077296 0.094200
v -0.456517 0.076224 0.094200
v -0.442033 0.075616 0.094200
v -0.427533 0.075504 0.094200
v -0.413050 0.077552 0.094200
v -0.398550 0.075648 0.094200
v -0.384067 0.078384 0.094200
v -0.369567 0.077200 0.094200
v -0.355067 0.078976 0.094200
v -0.340583 0.079040 0.094200
v -0.326083 0.081584 0.094200
v -0.311600 0.082336 0.094200
v -0.297100 0.082144 0.094200
v -0.282617 0.082624 0.094200
v -0.268117 0.080816 0.094200
v -0.253617 0.082304 0.094200
v -0.239133 0.079408 0.094200
v -0.224633 0.078784 0.094200
v -0.210150 0.076624 0.094200
v -0.195650 0.076672 0.094200
v -0.181167 0.085280 0.094200
v -0.166667 0.112608 0.094200
v -0.152167 0.136912 0.094200
v -0.137683 0.110880 0.094200
v -0.123183 0.073200 0.094200
v -0.108700 0.055072 0.094200
v -0.094200 0.046816 0.094200
v -0.079717 0.039536 0.094200
v -0.065217 0.031456 0.094200
v -0.050733 0.025472 0.094200
v -0.036233 0.021344 0.094200
v -0.021733 0.017104 0.094200
v -0.007250 0.020832 0.094200
v 0.007250 0.027696 0.094200
v 0.021733 0.026192 0.094200
v 0.036233 0.028976 0.094200
v 0.050733 0.035344 0.094200
v 0.065217 0.045696 0.094200
v 0.079717 0.054192 0.094200
v 0.094200 0.055696 0.094200
v 0.108700 0.061904 0.094200
v 0.123183 0.070304 0.094200
v 0.137683 0.088784 0.094200
v 0.152167 0.118752 0.094200
v 0.166667 0.123072 0.094200
v 0.181167 0.099808 0.094200
v 0.195650 0.080608 0.094200
v 0.210150 0.072800 0.094200
v 0.224633 0.072400 0.094200
v 0.239133 0.071968 0.094200
v 0.253617 0.072880 0.094200
v 0.268117 0.074560 0.094200
v 0.282617 0.075520 0.094200
v 0.297100 0.074976 0.094200
v 0.311600 0.077168 0.094200
v 0.326083 0.076704 0.094200
v 0.340583 0.079600 0.094200
v 0.355067 0.080880 0.094200
v 0.369567 0.080832 0.094200
v 0.384067 0.083152 0.094200
v 0.398550 0.082528 0.094200
v 0.413050 0.083760 0.094200
v 0.427533 0.083136 0.094200
v 0.442033 0.084256 0.094200
v 0.456517 0.084112 0.094200
v 0.471017 0.082544 0.094200
v 0.485500 0.082880 0.094200
v 0.500000 0.081088 0.094200
v -0.500000 0.077824 0.108700
v -0.485500 0.078192 0.108700
v -0.471017 0.077968 0.108700
v -0.456517 0.077424 0.108700
v -0.442033 0.077264 0.108700
v -0.427533 0.074848 0.108700
v -0.413050 0.075408 0.108700
v -0.398550 0.075920 0.108700
v -0.384067 0.076784 0.108700
v -0.369567 0.078800 0.108700
v -0.355067 0.080336 0.108700
v -0.340583 0.080384 0.108700
v -0.326083 0.082176 0.108700
v -0.311600 0.081968 0.108700
v -0.297100 0.081360 0.108700
v -0.282617 0.082784 0.108700
v -0.268117 0.083776 0.108700
v -0.253617 0.081776 0.108700
v -0.239133 0.081456 0.108700
v -0.224633 0.080848 0.108700
v -0.210150 0.079264 0.108700
v -0.195650 0.077760 0.108700
v -0.181167 0.085232 0.108700
v -0.166667 0.115072 0.108700
v -0.152167 0.141392 0.108700
v -0.137683 0.131632 0.108700
v -0.123183 0.108672 0.108700
v -0.108700 0.088896 0.108700
v -0.094200 0.076192 0.108700
v -0.079717 0.062464 0.108700
v -0.065217 0.051152 0.108700
v -0.050733 0.042208 0.108700
v -0.036233 0.040672 0.108700
v -0.021733 0.046096 0.108700
v -0.007250 0.059408 0.108700
v 0.007250 0.067280 0.108700
v 0.021733 0.066640 0.108700
v 0.036233 0.062928 0.108700
v 0.050733 0.072400 0.108700
v 0.065217 0.087888 0.108700
v 0.079717 0.102720 0.108700
v 0.094200 0.110656 0.108700
v 0.108700 0.108688 0.108700
v 0.123183 0.110800 0.108700
v 0.137683 0.122176 0.108700
v 0.152167 0.132416 0.108700
v 0.166667 0.125792 0.108700
v 0.181167 0.099376 0.108700
v 0.195650 0.079424 0.108700
v 0.210150 0.074960 0.108700
v 0.224633 0.074688 0.108700
v 0.239133 0.074400 0.108700
v 0.253617 0.074880 0.108700
v 0.268117 0.074464 0.108700
v 0.282617 0.075280 0.108700
v 0.297100 0.075312 0.108700
v 0.311600 0.077696 0.108700
v 0.326083 0.077168 0.108700
v 0.340583 0.079936 0.108700
v 0.355067 0.080400 0.108700
v 0.369567 0.081472 0.108700
v 0.384067 0.083120 0.108700
v 0.398550 0.082704 0.108700
v 0.413050 0.082832 0.108700
v 0.427533 0.084832 0.108700
v 0.442033 0.082720 0.108700
v 0.456517 0.083184 0.108700
v 0.471017 0.082944 0.108700
v 0.485500 0.082416 0.108700
v 0.500000 0.081808 0.108700
v -0.500000 0.078208 0.123183
v -0.485500 0.076416 0.123183
v -0.471017 0.076064 0.123183
v -0.456517 0.077008 0.123183
v -0.442033 0.074912 0.123183
v -0.427533 0.075760 0.123183
v -0.413050 0.076800 0.123183
v -0.398550 0.076352 0.123183
v -0.384067 0.076464 0.123183
v -0.369567 0.078896 0.123183
v -0.355067 0.079792 0.123183
v -0.340583 0.081680 0.123183
v -0.326083 0.081792 0.123183
v -0.311600 0.082928 0.123183
v -0.297100 0.082288 0.123183
v -0.282617 0.082640 0.123183
v -0.268117 0.083408 0.123183
v -0.253617 0.083024 0.123183
v -0.239133 0.081920 0.123183
v -0.224633 0.081856 0.123183
v -0.210150 0.080432 0.123183
v -0.195650 0.079232 0.123183
v -0.181167 0.083968 0.123183
v -0.166667 0.104640 0.123183
v -0.152167 0.129168 0.123183
v -0.137683 0.140848 0.123183
v -0.123183 0.138016 0.123183
v -0.108700 0.129648 0.123183
v -0.094200 0.118560 0.123183
v -0.079717 0.102080 0.123183
v -0.065217 0.083456 0.123183
v -0.050733 0.072912 0.123183
v -0.036233 0.075696 0.123183
v -0.021733 0.083808 0.123183
v -0.007250 0.087648 0.123183
v 0.007250 0.091008 0.123183
v 0.021733 0.097264 0.123183
v 0.036233 0.105984 0.123183
v 0.050733 0.113936 0.123183
v 0.065217 0.125008 0.123183
v 0.079717 0.134928 0.123183
v 0.094200 0.141024 0.123183
v 0.108700 0.146112 0.123183
v 0.123183 0.146352 0.123183
v 0.137683 0.144080 0.123183
v 0.152167 0.137056 0.123183
v 0.166667 0.118272 0.123183
v 0.181167 0.093424 0.123183
v 0.195650 0.079584 0.123183
v 0.210150 0.075936 0.123183
v 0.224633 0.075952 0.123183
v 0.239133 0.074944 0.123183
v 0.253617 0.075008 0.123183
v 0.268117 0.075040 0.123183
v 0.282617 0.076512 0.123183
v 0.297100 0.077504 0.123183
v 0.311600 0.076720 0.123183
v 0.326083 0.079360 0.123183
v 0.340583 0.078880 0.123183
v 0.355067 0.079408 0.123183
v 0.369567 0.082304 0.123183
v 0.384067 0.081040 0.123183
v 0.398550 0.083344 0.123183
v 0.413050 0.084128 0.123183
v 0.427533 0.082576 0.123183
v 0.442033 0.082832 0.123183
v 0.456517 0.083280 0.123183
v 0.471017 0.082256 0.123183
v 0.485500 0.082928 0.123183
v 0.500000 0.082656 0.123183
v -0.500000 0.078512 0.137683
v -0.485500 0.077952 0.137683
v -0.471017 0.076112 0.137683
v -0.456517 0.075728 0.137683
v -0.442033 0.076512 0.137683
v -0.427533 0.077456 0.137683
v -0.413050 0.076096 0.137683
v -0.398550 0.076112 0.137683
v -0.384067 0.077920 0.137683
v -0.369567 0.077616 0.137683
v -0.355067 0.080688 0.137683
v -0.340583 0.081056 0.137683
v -0.326083 0.080688 0.137683
v -0.311600 0.082960 0.137683
v -0.297100 0.082368 0.137683
v -0.282617 0.082384 0.137683
v -0.268117 0.084016 0.137683
v -0.253617 0.083216 0.137683
v -0.239133 0.083424 0.137683
v -0.224633 0.082752 0.137683
v -0.210150 0.079568 0.137683
v -0.195650 0.080432 0.137683
v -0.181167 0.080672 0.137683
v -0.166667 0.088864 0.137683
v -0.152167 0.098240 0.137683
v -0.137683 0.107760 0.137683
v -0.123183 0.114336 0.137683
v -0.108700 0.117840 0.137683
v -0.094200 0.123136 0.137683
v -0.079717 0.122000 0.137683
v -0.065217 0.114816 0.137683
v -0.050733 0.105728 0.137683
v -0.036233 0.100368 0.137683
v -0.021733 0.090560 0.137683
v -0.007250 0.081296 0.137683
v 0.007250 0.080304 0.137683
v 0.021733 0.087264 0.137683
v 0.036233 0.102640 0.137683
v 0.050733 0.113024 0.137683
v 0.065217 0.118464 0.137683
v 0.079717 0.113584 0.137683
v 0.094200 0.107856 0.137683
v 0.108700 0.106960 0.137683
v 0.123183 0.105552 0.137683
v 0.137683 0.105856 0.137683
v 0.152167 0.102416 0.137683
v 0.166667 0.093792 0.137683
v 0.181167 0.084112 0.137683
v 0.195650 0.079232 0.137683
v 0.210150 0.076688 0.137683
v 0.224633 0.075744 0.137683
v 0.239133 0.074640 0.137683
v 0.253617 0.076832 0.137683
v 0.268117 0.075296 0.137683
v 0.282617 0.076672 0.137683
v 0.297100 0.077424 0.137683
v 0.311600 0.078368 0.137683
v 0.326083 0.078976 0.137683
v 0.340583 0.079856 0.137683
v 0.355067 0.079600 0.137683
v 0.369567 0.081200 0.137683
v 0.384067 0.082912 0.137683
v 0.398550 0.082320 0.137683
v 0.413050 0.083856 0.137683
v 0.427533 0.083664 0.137683
v 0.442033 0.083648 0.137683
v 0.456517 0.083680 0.137683
v 0.471017 0.083344 0.137683
v 0.485500 0.082240 0.137683
v 0.500000 0.080192 0.137683
v -0.500000 0.077664 0.152167
v -0.485500 0.077872 0.152167
v -0.471017 0.076480 0.152167
v -0.456517 0.077792 0.152167
v -0.442033 0.076704 0.152167
v -0.427533 0.077488 0.152167
v -0.413050 0.077472 0.152167
v -0.398550 0.078224 0.152167
v -0.384067 0.078432 0.152167
v -0.369567 0.079440 0.152167
v -0.355067 0.080016 0.152167
v -0.340583 0.080208 0.152167
v -0.326083 0.081744 0.152167
v -0.311600 0.081968 0.152167
v -0.297100 0.082352 0.152167
v -0.282617 0.082304 0.152167
v -0.268117 0.083888 0.152167
v -0.253617 0.082352 0.152167
v -0.239133 0.083504 0.152167
v -0.224633 0.080848 0.152167
v -0.210150 0.079648 0.152167
v -0.195650 0.079632 0.152167
v -0.181167 0.078800 0.152167
v -0.166667 0.080064 0.152167
v -0.152167 0.080992 0.152167
v -0.137683 0.081520 0.152167
v -0.123183 0.084144 0.152167
v -0.108700 0.088256 0.152167
v -0.094200 0.097056 0.152167
v -0.079717 0.104880 0.152167
v -0.065217 0.105504 0.152167
v -0.050733 0.100480 0.152167
v -0.036233 0.086816 0.152167
v -0.021733 0.078656 0.152167
v -0.007250 0.075120 0.152167
v 0.007250 0.075104 0.152167
v 0.021733 0.076464 0.152167
v 0.036233 0.080688 0.152167
v 0.050733 0.087040 0.152167
v 0.065217 0.088880 0.152167
v 0.079717 0.086368 0.152167
v 0.094200 0.084080 0.152167
v 0.108700 0.084000 0.152167
v 0.123183 0.081488 0.152167
v 0.137683 0.082544 0.152167
v 0.152167 0.080832 0.152167
v 0.166667 0.080624 0.152167
v 0.181167 0.079632 0.152167
v 0.195650 0.079152 0.152167
v 0.210150 0.077232 0.152167
v 0.224633 0.077264 0.152167
v 0.239133 0.075456 0.152167
v 0.253617 0.076224 0.152167
v 0.268117 0.076496 0.152167
v 0.282617 0.077648 0.152167
v 0.297100 0.078256 0.152167
v 0.311600 0.078384 0.152167
v 0.326083 0.078848 0.152167
v 0.340583 0.080528 0.152167
v 0.355067 0.080688 0.152167
v 0.369567 0.080912 0.152167
v 0.384067 0.082800 0.152167
v 0.398550 0.082384 0.152167
v 0.413050 0.083248 0.152167
v 0.427533 0.081888 0.152167
v 0.442033 0.083632 0.152167
v 0.456517 0.083296 0.152167
v 0.471017 0.083168 0.152167
v 0.485500 0.082784 0.152167
v 0.500000 0.080496 0.152167
v -0.500000 0.078064 0.166667
v -0.485500 0.078432 0.166667
v -0.471017 0.077344 0.166667
v -0.456517 0.077456 0.166667
v -0.442033 0.078016 0.166667
v -0.427533 0.076752 0.166667
v -0.413050 0.076848 0.166667
v -0.398550 0.078448 0.166667
v -0.384067 0.077936 0.166667
v -0.369567 0.079120 0.166667
v -0.355067 0.080464 0.166667
v -0.340583 0.079312 0.166667
v -0.326083 0.081472 0.166667
v -0.311600 0.080704 0.166667
v -0.297100 0.082672 0.166667
v -0.282617 0.082304 0.166667
v -0.268117 0.082368 0.166667
v -0.253617 0.082176 0.166667
v -0.239133 0.082768 0.166667
v -0.224633 0.081904 0.166667
v -0.210150 0.080272 0.166667
v -0.195650 0.080848 0.166667
v -0.181167 0.080256 0.166667
v -0.166667 0.078928 0.166667
v -0.152167 0.078656 0.166667
v -0.137683 0.076800 0.166667
v -0.123183 0.076032 0.166667
v -0.108700 0.077808 0.166667
v -0.094200 0.079936 0.166667
v -0.079717 0.083728 0.166667
v -0.065217 0.084048 0.166667
v -0.050733 0.081200 0.166667
v -0.036233 0.075584 0.166667
v -0.021733 0.076336 0.166667
v -0.007250 0.075216 0.166667
v 0.007250 0.074944 0.166667
v 0.021733 0.076512 0.166667
v 0.036233 0.076464 0.166667
v 0.050733 0.079888 0.166667
v 0.065217 0.080864 0.166667
v 0.079717 0.079184 0.166667
v 0.094200 0.080352 0.166667
v 0.108700 0.080256 0.166667
v 0.123183 0.080464 0.166667
v 0.137683 0.079632 0.166667
v 0.152167 0.080832 0.166667
v 0.166667 0.080208 0.166667
v 0.181167 0.078016 0.166667
v 0.195650 0.078688 0.166667
v 0.210150 0.077968 0.166667
v 0.224633 0.077280 0.166667
v 0.239133 0.078432 0.166667
v 0.253617 0.077424 0.166667
v 0.268117 0.077232 0.166667
v 0.282617 0.077312 0.166667
v 0.297100 0.077696 0.166667
v 0.311600 0.077680 0.166667
v 0.326083 0.078768 0.166667
v 0.340583 0.080768 0.166667
v 0.355067 0.080480 0.166667
v 0.369567 0.079664 0.166667
v 0.384067 0.081184 0.166667
v 0.398550 0.082656 0.166667
v 0.413050 0.081152 0.166667
v 0.427533 0.083120 0.166667
v 0.442033 0.081360 0.166667
v 0.456517 0.082608 0.166667
v 0.471017 0.080880 0.166667
v 0.485500 0.082432 0.166667
v 0.500000 0.080832 0.166667
v -0.500000 0.080320 0.181167
v -0.485500 0.079008 0.181167
v -0.471017 0.079808 0.181167
v -0.456517 0.079712 0.181167
v -0.442033 0.079328 0.181167
v -0.427533 0.079568 0.181167
v -0.413050 0.078736 0.181167
v -0.398550 0.079760 0.181167
v -0.384067 0.079744 0.181167
v -0.369567 0.079200 0.181167
v -0.355067 0.079920 0.181167
v -0.340583 0.079088 0.181167
v -0.326083 0.080720 0.181167
v -0.311600 0.080800 0.181167
v -0.297100 0.081456 0.181167
v -0.282617 0.082688 0.181167
v -0.268117 0.081248 0.181167
v -0.253617 0.082064 0.181167
v -0.239133 0.081184 0.181167
v -0.224633 0.081856 0.181167
v -0.210150 0.081584 0.181167
v -0.195650 0.079728 0.181167
v -0.181167 0.080384 0.181167
v -0.166667 0.080336 0.181167
v -0.152167 0.079280 0.181167
v -0.137683 0.077712 0.181167
v -0.123183 0.077728 0.181167
v -0.108700 0.077504 0.181167
v -0.094200 0.076288 0.181167
v -0.079717 0.077680 0.181167
v -0.065217 0.076896 0.181167
v -0.050733 0.077104 0.181167
v -0.036233 0.075808 0.181167
v -0.021733 0.077344 0.181167
v -0.007250 0.078784 0.181167
v 0.007250 0.079088 0.181167
v 0.021733 0.077696 0.181167
v 0.036233 0.079984 0.181167
v 0.050733 0.078176 0.181167
v 0.065217 0.079568 0.181167
v 0.079717 0.080960 0.181167
v 0.094200 0.079504 0.181167
v 0.108700 0.081424 0.181167
v 0.123183 0.080960 0.181167
v 0.137683 0.079856 0.181167
v 0.152167 0.079392 0.181167
v 0.166667 0.078496 0.181167
v 0.181167 0.080224 0.181167
v 0.195650 0.078704 0.181167
v 0.210150 0.078176 0.181167
v 0.224633 0.077696 0.181167
v 0.239133 0.077408 0.181167
v 0.253617 0.078480 0.181167
v 0.268117 0.078528 0.181167
v 0.282617 0.078352 0.181167
v 0.297100 0.078336 0.181167
v 0.311600 0.078448 0.181167
v 0.326083 0.078112 0.181167
v 0.340583 0.079760 0.181167
v 0.355067 0.079680 0.181167
v 0.369567 0.080480 0.181167
v 0.384067 0.080560 0.181167
v 0.398550 0.080112 0.181167
v 0.413050 0.081024 0.181167
v 0.427533 0.082016 0.181167
v 0.442033 0.081392 0.181167
v 0.456517 0.082800 0.181167
v 0.471017 0.081520 0.181167
v 0.485500 0.080656 0.181167
v 0.500000 0.081040 0.181167
v -0.500000 0.080480 0.195650
v -0.485500 0.080144 0.195650
v -0.471017 0.078176 0.195650
v -0.456517 0.079328 0.195650
v -0.442033 0.080400 0.195650
v -0.427533 0.080048 0.195650
v -0.413050 0.078784 0.195650
v -0.398550 0.079360 0.195650
v -0.384067 0.079600 0.195650
v -0.369567 0.080368 0.195650
v -0.355067 0.080448 0.195650
v -0.340583 0.080368 0.195650
v -0.326083 0.081584 0.195650
v -0.311600 0.081168 0.195650
v -0.297100 0.081824 0.195650
v -0.282617 0.079504 0.195650
v -0.268117 0.080400 0.195650
v -0.253617 0.079472 0.195650
v -0.239133 0.081728 0.195650
v -0.224633 0.080512 0.195650
v -0.210150 0.079104 0.195650
v -0.195650 0.079856 0.195650
v -0.181167 0.079040 0.195650
v -0.166667 0.079088 0.195650
v -0.152167 0.078432 0.195650
v -0.137683 0.080016 0.195650
v -0.123183 0.080112 0.195650
v -0.108700 0.077408 0.195650
v -0.094200 0.077728 0.195650
v -0.079717 0.077984 0.195650
v -0.065217 0.078832 0.195650
v -0.050733 0.079264 0.195650
v -0.036233 0.078304 0.195650
v -0.021733 0.079024 0.195650
v -0.007250 0.079136 0.195650
v 0.007250 0.079056 0.195650
v 0.021733 0.079664 0.195650
v 0.036233 0.080736 0.195650
v 0.050733 0.078608 0.195650
v 0.065217 0.079408 0.195650
v 0.079717 0.078960 0.195650
v 0.094200 0.080704 0.195650
v 0.108700 0.080768 0.195650
v 0.123183 0.079648 0.195650
v 0.137683 0.079376 0.195650
v 0.152167 0.080768 0.195650
v 0.166667 0.079728 0.195650
v 0.181167 0.080224 0.195650
v 0.195650 0.078576 0.195650
v 0.210150 0.080592 0.195650
v 0.224633 0.080000 0.195650
v 0.239133 0.078848 0.195650
v 0.253617 0.080048 0.195650
v 0.268117 0.078112 0.195650
v 0.282617 0.078256 0.195650
v 0.297100 0.079776 0.195650
v 0.311600 0.080304 0.195650
v 0.326083 0.079184 0.195650
v 0.340583 0.078816 0.195650
v 0.355067 0.079296 0.195650
v 0.369567 0.079056 0.195650
v 0.384067 0.081216 0.195650
v 0.398550 0.081024 0.195650
v 0.413050 0.079952 0.195650
v 0.427533 0.081408 0.195650
v 0.442033 0.081712 0.195650
v 0.456517 0.080544 0.195650
v 0.471017 0.080512 0.195650
v 0.485500 0.079344 0.195650
v 0.500000 0.081424 0.195650
v -0.500000 0.078896 0.210150
v -0.485500 0.080432 0.210150
v -0.471017 0.081184 0.210150
v -0.456517 0.079136 0.210150
v -0.442033 0.081136 0.210150
v -0.427533 0.079472 0.210150
v -0.413050 0.081024 0.210150
v -0.398550 0.080736 0.210150
v -0.384067 0.080672 0.210150
v -0.369567 0.080784 0.210150
v -0.355067 0.080000 0.210150
v -0.340583 0.081056 0.210150
v -0.326083 0.081168 0.210150
v -0.311600 0.080336 0.210150
v -0.297100 0.080032 0.210150
v -0.282617 0.079680 0.210150
v -0.268117 0.080320 0.210150
v -0.253617 0.080496 0.210150
v -0.239133 0.078848 0.210150
v -0.224633 0.079136 0.210150
v -0.210150 0.079680 0.210150
v -0.195650 0.080896 0.210150
v -0.181167 0.079920 0.210150
v -0.166667 0.079392 0.210150
v -0.152167 0.079472 0.210150
v -0.137683 0.078672 0.210150
v -0.123183 0.079792 0.210150
v -0.108700 0.080512 0.210150
v -0.094200 0.080976 0.210150
v -0.079717 0.080656 0.210150
v -0.065217 0.080496 0.210150
v -0.050733 0.078560 0.210150
v -0.036233 0.079216 0.210150
v -0.021733 0.079072 0.210150
v -0.007250 0.080096 0.210150
v 0.007250 0.080656 0.210150
v 0.021733 0.079488 0.210150
v 0.036233 0.079936 0.210150
v 0.050733 0.080512 0.210150
v 0.065217 0.079632 0.210150
v 0.079717 0.079744 0.210150
v 0.094200 0.079728 0.210150
v 0.108700 0.078608 0.210150
v 0.123183 0.079536 0.210150
v 0.137683 0.078736 0.210150
v 0.152167 0.078672 0.210150
v 0.166667 0.080336 0.210150
v 0.181167 0.080384 0.210150
v 0.195650 0.081008 0.210150
v 0.210150 0.080288 0.210150
v 0.224633 0.079952 0.210150
v 0.239133 0.079024 0.210150
v 0.253617 0.080304 0.210150
v 0.268117 0.081056 0.210150
v 0.282617 0.080224 0.210150
v 0.297100 0.080768 0.210150
v 0.311600 0.080656 0.210150
v 0.326083 0.080192 0.210150
v 0.340583 0.079968 0.210150
v 0.355067 0.079280 0.210150
v 0.369567 0.079824 0.210150
v 0.384067 0.080016 0.210150
v 0.398550 0.081008 0.210150
v 0.413050 0.079072 0.210150
v 0.427533 0.081120 0.210150
v 0.442033 0.081024 0.210150
v 0.456517 0.079072 0.210150
v 0.471017 0.078864 0.210150
v 0.485500 0.078720 0.210150
v 0.500000 0.080912 0.210150
v -0.500000 0.079840 0.224633
v -0.485500 0.081408 0.224633
v -0.471017 0.081040 0.224633
v -0.456517 0.080944 0.224633
v -0.442033 0.081392 0.224633
v -0.427533 0.080944 0.224633
v -0.413050 0.079744 0.224633
v -0.398550 0.080144 0.224633
v -0.384067 0.080400 0.224633
v -0.369567 0.079952 0.224633
v -0.355067 0.079968 0.224633
v -0.340583 0.079696 0.224633
v -0.326083 0.078480 0.224633
v -0.311600 0.079920 0.224633
v -0.297100 0.078304 0.224633
v -0.282617 0.079024 0.224633
v -0.268117 0.080192 0.224633
v -0.253617 0.080160 0.224633
v -0.239133 0.078352 0.224633
v -0.224633 0.080528 0.224633
v -0.210150 0.079472 0.224633
v -0.195650 0.078816 0.224633
v -0.181167 0.080256 0.224633
v -0.166667 0.079200 0.224633
v -0.152167 0.079584 0.224633
v -0.137683 0.081040 0.224633
v -0.123183 0.081728 0.224633
v -0.108700 0.080944 0.224633
v -0.094200 0.079904 0.224633
v -0.079717 0.080480 0.224633
v -0.065217 0.080592 0.224633
v -0.050733 0.081680 0.224633
v -0.036233 0.080480 0.224633
v -0.021733 0.080064 0.224633
v -0.007250 0.081152 0.224633
v 0.007250 0.080432 0.224633
v 0.021733 0.079216 0.224633
v 0.036233 0.080080 0.224633
v 0.050733 0.078688 0.224633
v 0.065217 0.079744 0.224633
v 0.079717 0.077968 0.224633
v 0.094200 0.078688 0.224633
v 0.108700 0.080304 0.224633
v 0.123183 0.079888 0.224633
v 0.137683 0.079488 0.224633
v 0.152167 0.080624 0.224633
v 0.166667 0.080384 0.224633
v 0.181167 0.079520 0.224633
v 0.195650 0.079648 0.224633
v 0.210150 0.081552 0.224633
v 0.224633 0.080416 0.224633
v 0.239133 0.081792 0.224633
v 0.253617 0.080832 0.224633
v 0.268117 0.080224 0.224633
v 0.282617 0.080272 0.224633
v 0.297100 0.079536 0.224633
v 0.311600 0.079328 0.224633
v 0.326083 0.079936 0.224633
v 0.340583 0.080816 0.224633
v 0.355067 0.079424 0.224633
v 0.369567 0.079568 0.224633
v 0.384067 0.079328 0.224633
v 0.398550 0.078240 0.224633
v 0.413050 0.078768 0.224633
v 0.427533 0.079904 0.224633
v 0.442033 0.079840 0.224633
v 0.456517 0.079232 0.224633
v 0.471017 0.078176 0.224633
v 0.485500 0.079184 0.224633
v 0.500000 0.079536 0.224633
v -0.500000 0.080176 0.239133
v -0.485500 0.079808 0.239133
v -0.471017 0.081632 0.239133
v -0.456517 0.082336 0.239133
v -0.442033 0.081664 0.239133
v -0.427533 0.082960 0.239133
v -0.413050 0.082080 0.239133
v -0.398550 0.080624 0.239133
v -0.384067 0.081168 0.239133
v -0.369567 0.079712 0.239133
v -0.355067 0.081168 0.239133
v -0.340583 0.080752 0.239133
v -0.326083 0.080192 0.239133
v -0.311600 0.079024 0.239133
v -0.297100 0.078160 0.239133
v -0.282617 0.077648 0.239133
v -0.268117 0.078832 0.239133
v -0.253617 0.077488 0.239133
v -0.239133 0.078768 0.239133
v -0.224633 0.079744 0.239133
v -0.210150 0.079840 0.239133
v -0.195650 0.079168 0.239133
v -0.181167 0.079648 0.239133
v -0.166667 0.080544 0.239133
v -0.152167 0.080000 0.239133
v -0.137683 0.079872 0.239133
v -0.123183 0.081760 0.239133
v -0.108700 0.082592 0.239133
v -0.094200 0.080848 0.239133
v -0.079717 0.082016 0.239133
v -0.065217 0.081040 0.239133
v -0.050733 0.080672 0.239133
v -0.036233 0.081008 0.239133
v -0.021733 0.080304 0.239133
v -0.007250 0.080080 0.239133
v 0.007250 0.078736 0.239133
v 0.021733 0.078096 0.239133
v 0.036233 0.079056 0.239133
v 0.050733 0.079504 0.239133
v 0.065217 0.077648 0.239133
v 0.079717 0.078192 0.239133
v 0.094200 0.077152 0.239133
v 0.108700 0.077904 0.239133
v 0.123183 0.078752 0.239133
v 0.137683 0.078768 0.239133
v 0.152167 0.079392 0.239133
v 0.166667 0.080384 0.239133
v 0.181167 0.080976 0.239133
v 0.195650 0.079840 0.239133
v 0.210150 0.082080 0.239133
v 0.224633 0.082416 0.239133
v 0.239133 0.082288 0.239133
v 0.253617 0.082400 0.239133
v 0.268117 0.080592 0.239133
v 0.282617 0.082640 0.239133
v 0.297100 0.080528 0.239133
v 0.311600 0.081152 0.239133
v 0.326083 0.079808 0.239133
v 0.340583 0.081264 0.239133
v 0.355067 0.080320 0.239133
v 0.369567 0.079424 0.239133
v 0.384067 0.077728 0.239133
v 0.398550 0.079872 0.239133
v 0.413050 0.077488 0.239133
v 0.427533 0.077376 0.239133
v 0.442033 0.077216 0.239133
v 0.456517 0.079440 0.239133
v 0.471017 0.079424 0.239133
v 0.485500 0.078176 0.239133
v 0.500000 0.079696 0.239133
v -0.500000 0.079840 0.253617
v -0.485500 0.082736 0.253617
v -0.471017 0.082656 0.253617
v -0.456517 0.083248 0.253617
v -0.442033 0.081808 0.253617
v -0.427533 0.081248 0.253617
v -0.413050 0.082640 0.253617
v -0.398550 0.082752 0.253617
v -0.384067 0.082640 0.253617
v -0.369567 0.079840 0.253617
v -0.355067 0.079680 0.253617
v -0.340583 0.079536 0.253617
v -0.326083 0.079344 0.253617
v -0.311600 0.078528 0.253617
v -0.297100 0.079264 0.253617
v -0.282617 0.077408 0.253617
v -0.268117 0.078336 0.253617
v -0.253617 0.078112 0.253617
v -0.239133 0.078848 0.253617
v -0.224633 0.078704 0.253617
v -0.210150 0.078512 0.253617
v -0.195650 0.079040 0.253617
v -0.181167 0.080272 0.253617
v -0.166667 0.081136 0.253617
v -0.152167 0.080592 0.253617
v -0.137683 0.080752 0.253617
v -0.123183 0.081616 0.253617
v -0.108700 0.081456 0.253617
v -0.094200 0.082432 0.253617
v -0.079717 0.082944 0.253617
v -0.065217 0.082880 0.253617
v -0.050733 0.082192 0.253617
v -0.036233 0.080688 0.253617
v -0.021733 0.080912 0.253617
v -0.007250 0.080960 0.253617
v 0.007250 0.079344 0.253617
v 0.021733 0.078224 0.253617
v 0.036233 0.077488 0.253617
v 0.050733 0.077680 0.253617
v 0.065217 0.078752 0.253617
v 0.079717 0.076384 0.253617
v 0.094200 0.076656 0.253617
v 0.108700 0.078416 0.253617
v 0.123183 0.078256 0.253617
v 0.137683 0.077408 0.253617
v 0.152167 0.078848 0.253617
v 0.166667 0.079824 0.253617
v 0.181167 0.080848 0.253617
v 0.195650 0.081984 0.253617
v 0.210150 0.082272 0.253617
v 0.224633 0.080832 0.253617
v 0.239133 0.081792 0.253617
v 0.253617 0.083504 0.253617
v 0.268117 0.083536 0.253617
v 0.282617 0.082912 0.253617
v 0.297100 0.081104 0.253617
v 0.311600 0.081696 0.253617
v 0.326083 0.079728 0.253617
v 0.340583 0.080064 0.253617
v 0.355067 0.078800 0.253617
v 0.369567 0.077984 0.253617
v 0.384067 0.077344 0.253617
v 0.398550 0.077712 0.253617
v 0.413050 0.077088 0.253617
v 0.427533 0.076768 0.253617
v 0.442033 0.078720 0.253617
v 0.456517 0.077024 0.253617
v 0.471017 0.077984 0.253617
v 0.485500 0.079264 0.253617
v 0.500000 0.078240 0.253617
v -0.500000 0.080976 0.268117
v -0.485500 0.081472 0.268117
v -0.471017 0.081296 0.268117
v -0.456517 0.082288 0.268117
v -0.442033 0.082560 0.268117
v -0.427533 0.083312 0.268117
v -0.413050 0.081744 0.268117
v -0.398550 0.083472 0.268117
v -0.384067 0.082016 0.268117
v -0.369567 0.081344 0.268117
v -0.355067 0.080128 0.268117
v -0.340583 0.079760 0.268117
v -0.326083 0.078592 0.268117
v -0.311600 0.077216 0.268117
v -0.297100 0.077104 0.268117
v -0.282617 0.076400 0.268117
v -0.268117 0.077072 0.268117
v -0.253617 0.077248 0.268117
v -0.239133 0.076272 0.268117
v -0.224633 0.078672 0.268117
v -0.210150 0.078368 0.268117
v -0.195650 0.079648 0.268117
v -0.181167 0.079680 0.268117
v -0.166667 0.081376 0.268117
v -0.152167 0.080672 0.268117
v -0.137683 0.081616 0.268117
v -0.123183 0.082400 0.268117
v -0.108700 0.082784 0.268117
v -0.094200 0.083632 0.268117
v -0.079717 0.083920 0.268117
v -0.065217 0.082928 0.268117
v -0.050733 0.083328 0.268117
v -0.036233 0.082128 0.268117
v -0.021733 0.079904 0.268117
v -0.007250 0.079616 0.268117
v 0.007250 0.080240 0.268117
v 0.021733 0.079968 0.268117
v 0.036233 0.078736 0.268117
v 0.050733 0.078336 0.268117
v 0.065217 0.077664 0.268117
v 0.079717 0.076976 0.268117
v 0.094200 0.077376 0.268117
v 0.108700 0.077072 0.268117
v 0.123183 0.076576 0.268117
v 0.137683 0.079344 0.268117
v 0.152167 0.077984 0.268117
v 0.166667 0.078464 0.268117
v 0.181167 0.080928 0.268117
v 0.195650 0.079888 0.268117
v 0.210150 0.082304 0.268117
v 0.224633 0.081600 0.268117
v 0.239133 0.082160 0.268117
v 0.253617 0.083968 0.268117
v 0.268117 0.083888 0.268117
v 0.282617 0.083280 0.268117
v 0.297100 0.081456 0.268117
v 0.311600 0.080688 0.268117
v 0.326083 0.080496 0.268117
v 0.340583 0.081712 0.268117
v 0.355067 0.079552 0.268117
v 0.369567 0.078320 0.268117
v 0.384067 0.078896 0.268117
v 0.398550 0.077968 0.268117
v 0.413050 0.076896 0.268117
v 0.427533 0.075776 0.268117
v 0.442033 0.076720 0.268117
v 0.456517 0.076784 0.268117
v 0.471017 0.076544 0.268117
v 0.485500 0.077584 0.268117
v 0.500000 0.079648 0.268117
v -0.500000 0.081952 0.282617
v -0.485500 0.082736 0.282617
v -0.471017 0.083680 0.282617
v -0.456517 0.084512 0.282617
v -0.442033 0.083840 0.282617
v -0.427533 0.083408 0.282617
v -0.413050 0.082656 0.282617
v -0.398550 0.082448 0.282617
v -0.384067 0.081264 0.282617
v -0.369567 0.081600 0.282617
v -0.355067 0.080752 0.282617
v -0.340583 0.079520 0.282617
v -0.326083 0.078896 0.282617
v -0.311600 0.078336 0.282617
v -0.297100 0.076992 0.282617
v -0.282617 0.076496 0.282617
v -0.268117 0.076144 0.282617
v -0.253617 0.077648 0.282617
v -0.239133 0.077520 0.282617
v -0.224633 0.077328 0.282617
v -0.210150 0.076608 0.282617
v -0.195650 0.078144 0.282617
v -0.181167 0.080768 0.282617
v -0.166667 0.080048 0.282617
v -0.152167 0.081232 0.282617
v -0.137683 0.081456 0.282617
v -0.123183 0.083376 0.282617
v -0.108700 0.084416 0.282617
v -0.094200 0.083056 0.282617
v -0.079717 0.082304 0.282617
v -0.065217 0.083232 0.282617
v -0.050733 0.083904 0.282617
v -0.036233 0.082048 0.282617
v -0.021733 0.080768 0.282617
v -0.007250 0.081520 0.282617
v 0.007250 0.078928 0.282617
v 0.021733 0.079088 0.282617
v 0.036233 0.078688 0.282617
v 0.050733 0.077104 0.282617
v 0.065217 0.077680 0.282617
v 0.079717 0.077360 0.282617
v 0.094200 0.076592 0.282617
v 0.108700 0.075520 0.282617
v 0.123183 0.078368 0.282617
v 0.137683 0.077328 0.282617
v 0.152167 0.078176 0.282617
v 0.166667 0.080208 0.282617
v 0.181167 0.079760 0.282617
v 0.195650 0.082192 0.282617
v 0.210150 0.082400 0.282617
v 0.224633 0.083888 0.282617
v 0.239133 0.082448 0.282617
v 0.253617 0.082592 0.282617
v 0.268117 0.084256 0.282617
v 0.282617 0.084096 0.282617
v 0.297100 0.083392 0.282617
v 0.311600 0.082016 0.282617
v 0.326083 0.081488 0.282617
v 0.340583 0.081584 0.282617
v 0.355067 0.078672 0.282617
v 0.369567 0.077456 0.282617
v 0.384067 0.078544 0.282617
v 0.398550 0.078240 0.282617
v 0.413050 0.076848 0.282617
v 0.427533 0.077232 0.282617
v 0.442033 0.077568 0.282617
v 0.456517 0.077760 0.282617
v 0.471017 0.076944 0.282617
v 0.485500 0.077504 0.282617
v 0.500000 0.077312 0.282617
v -0.500000 0.081792 0.297100
v -0.485500 0.083152 0.297100
v -0.471017 0.082512 0.297100
v -0.456517 0.082752 0.297100
v -0.442033 0.082720 0.297100
v -0.427533 0.082752 0.297100
v -0.413050 0.083776 0.297100
v -0.398550 0.082016 0.297100
v -0.384067 0.081008 0.297100
v -0.369567 0.080624 0.297100
v -0.355067 0.079216 0.297100
v -0.340583 0.080528 0.297100
v -0.326083 0.078320 0.297100
v -0.311600 0.077664 0.297100
v -0.297100 0.076368 0.297100
v -0.282617 0.076528 0.297100
v -0.268117 0.075376 0.297100
v -0.253617 0.075856 0.297100
v -0.239133 0.076080 0.297100
v -0.224633 0.078240 0.297100
v -0.210150 0.078272 0.297100
v -0.195650 0.078448 0.297100
v -0.181167 0.079664 0.297100
v -0.166667 0.079968 0.297100
v -0.152167 0.082496 0.297100
v -0.137683 0.082496 0.297100
v -0.123183 0.082240 0.297100
v -0.108700 0.082992 0.297100
v -0.094200 0.083648 0.297100
v -0.079717 0.084176 0.297100
v -0.065217 0.082624 0.297100
v -0.050733 0.083568 0.297100
v -0.036233 0.081680 0.297100
v -0.021733 0.081008 0.297100
v -0.007250 0.080368 0.297100
v 0.007250 0.080704 0.297100
v 0.021733 0.078384 0.297100
v 0.036233 0.077200 0.297100
v 0.050733 0.077568 0.297100
v 0.065217 0.077696 0.297100
v 0.079717 0.076192 0.297100
v 0.094200 0.076368 0.297100
v 0.108700 0.077312 0.297100
v 0.123183 0.077424 0.297100
v 0.137683 0.078000 0.297100
v 0.152167 0.077328 0.297100
v 0.166667 0.079328 0.297100
v 0.181167 0.079280 0.297100
v 0.195650 0.082096 0.297100
v 0.210150 0.081328 0.297100
v 0.224633 0.081776 0.297100
v 0.239133 0.082768 0.297100
v 0.253617 0.083728 0.297100
v 0.268117 0.083648 0.297100
v 0.282617 0.083472 0.297100
v 0.297100 0.084288 0.297100
v 0.311600 0.082640 0.297100
v 0.326083 0.080304 0.297100
v 0.340583 0.080400 0.297100
v 0.355067 0.079120 0.297100
v 0.369567 0.078960 0.297100
v 0.384067 0.076976 0.297100
v 0.398550 0.077088 0.297100
v 0.413050 0.076288 0.297100
v 0.427533 0.075472 0.297100
v 0.442033 0.075808 0.297100
v 0.456517 0.076784 0.297100
v 0.471017 0.075744 0.297100
v 0.485500 0.078272 0.297100
v 0.500000 0.077712 0.297100
v -0.500000 0.081056 0.311600
v -0.485500 0.083136 0.311600
v -0.471017 0.082160 0.311600
v -0.456517 0.082656 0.311600
v -0.442033 0.085120 0.311600
v -0.427533 0.082896 0.311600
v -0.413050 0.083200 0.311600
v -0.398550 0.082720 0.311600
v -0.384067 0.081344 0.311600
v -0.369567 0.082240 0.311600
v -0.355067 0.080944 0.311600
v -0.340583 0.078688 0.311600
v -0.326083 0.077328 0.311600
v -0.311600 0.078368 0.311600
v -0.297100 0.075568 0.311600
v -0.282617 0.077472 0.311600
v -0.268117 0.076592 0.311600
v -0.253617 0.075680 0.311600
v -0.239133 0.077072 0.311600
v -0.224633 0.077584 0.311600
v -0.210150 0.078224 0.311600
v -0.195650 0.079328 0.311600
v -0.181167 0.078512 0.311600
v -0.166667 0.081712 0.311600
v -0.152167 0.081392 0.311600
v -0.137683 0.083680 0.311600
v -0.123183 0.082816 0.311600
v -0.108700 0.083344 0.311600
v -0.094200 0.084992 0.311600
v -0.079717 0.084400 0.311600
v -0.065217 0.083984 0.311600
v -0.050733 0.083184 0.311600
v -0.036233 0.081648 0.311600
v -0.021733 0.080752 0.311600
v -0.007250 0.080560 0.311600
v 0.007250 0.078656 0.311600
v 0.021733 0.078816 0.311600
v 0.036233 0.078240 0.311600
v 0.050733 0.076816 0.311600
v 0.065217 0.077168 0.311600
v 0.079717 0.076320 0.311600
v 0.094200 0.075792 0.311600
v 0.108700 0.075296 0.311600
v 0.123183 0.076064 0.311600
v 0.137683 0.076960 0.311600
v 0.152167 0.077952 0.311600
v 0.166667 0.080352 0.311600
v 0.181167 0.079216 0.311600
v 0.195650 0.080224 0.311600
v 0.210150 0.083216 0.311600
v 0.224633 0.082576 0.311600
v 0.239133 0.083728 0.311600
v 0.253617 0.083200 0.311600
v 0.268117 0.084112 0.311600
v 0.282617 0.083040 0.311600
v 0.297100 0.082000 0.311600
v 0.311600 0.083440 0.311600
v 0.326083 0.081840 0.311600
v 0.340583 0.080000 0.311600
v 0.355067 0.079328 0.311600
v 0.369567 0.077984 0.311600
v 0.384067 0.078640 0.311600
v 0.398550 0.077760 0.311600
v 0.413050 0.076128 0.311600
v 0.427533 0.075920 0.311600
v 0.442033 0.075616 0.311600
v 0.456517 0.076928 0.311600
v 0.471017 0.075760 0.311600
v 0.485500 0.076448 0.311600
v 0.500000 0.077584 0.311600
v -0.500000 0.082288 0.326083
v -0.485500 0.082800 0.326083
v -0.471017 0.083008 0.326083
v -0.456517 0.083456 0.326083
v -0.442033 0.085136 0.326083
v -0.427533 0.082640 0.326083
v -0.413050 0.084368 0.326083
v -0.398550 0.082944 0.326083
v -0.384067 0.081616 0.326083
v -0.369567 0.082432 0.326083
v -0.355067 0.080400 0.326083
v -0.340583 0.078608 0.326083
v -0.326083 0.078896 0.326083
v -0.311600 0.077264 0.326083
v -0.297100 0.075872 0.326083
v -0.282617 0.077424 0.326083
v -0.268117 0.076112 0.326083
v -0.253617 0.077072 0.326083
v -0.239133 0.076864 0.326083
v -0.224633 0.076048 0.326083
v -0.210150 0.077760 0.326083
v -0.195650 0.079232 0.326083
v -0.181167 0.078944 0.326083
v -0.166667 0.079584 0.326083
v -0.152167 0.082240 0.326083
v -0.137683 0.082624 0.326083
v -0.123183 0.083152 0.326083
v -0.108700 0.084512 0.326083
v -0.094200 0.082912 0.326083
v -0.079717 0.082656 0.326083
v -0.065217 0.084896 0.326083
v -0.050733 0.082608 0.326083
v -0.036233 0.081120 0.326083
v -0.021733 0.082736 0.326083
v -0.007250 0.081648 0.326083
v 0.007250 0.078640 0.326083
v 0.021733 0.078944 0.326083
v 0.036233 0.076448 0.326083
v 0.050733 0.077632 0.326083
v 0.065217 0.075616 0.326083
v 0.079717 0.075104 0.326083
v 0.094200 0.076208 0.326083
v 0.108700 0.075680 0.326083
v 0.123183 0.077888 0.326083
v 0.137683 0.077152 0.326083
v 0.152167 0.077776 0.326083
v 0.166667 0.079504 0.326083
v 0.181167 0.081648 0.326083
v 0.195650 0.081024 0.326083
v 0.210150 0.081440 0.326083
v 0.224633 0.081872 0.326083
v 0.239133 0.083232 0.326083
v 0.253617 0.084304 0.326083
v 0.268117 0.084960 0.326083
v 0.282617 0.084880 0.326083
v 0.297100 0.084064 0.326083
v 0.311600 0.082512 0.326083
v 0.326083 0.082816 0.326083
v 0.340583 0.081200 0.326083
v 0.355067 0.078816 0.326083
v 0.369567 0.078224 0.326083
v 0.384067 0.078528 0.326083
v 0.398550 0.076672 0.326083
v 0.413050 0.075968 0.326083
v 0.427533 0.076784 0.326083
v 0.442033 0.075424 0.326083
v 0.456517 0.075952 0.326083
v 0.471017 0.076048 0.326083
v 0.485500 0.077424 0.326083
v 0.500000 0.077968 0.326083
v -0.500000 0.082464 0.340583
v -0.485500 0.082048 0.340583
v -0.471017 0.084096 0.340583
v -0.456517 0.083328 0.340583
v -0.442033 0.083168 0.340583
v -0.427533 0.083824 0.340583
v -0.413050 0.082336 0.340583
v -0.398550 0.083696 0.340583
v -0.384067 0.083440 0.340583
v -0.369567 0.080848 0.340583
v -0.355067 0.080288 0.340583
v -0.340583 0.078208 0.340583
v -0.326083 0.079760 0.340583
v -0.311600 0.077008 0.340583
v -0.297100 0.077648 0.340583
v -0.282617 0.075296 0.340583
v -0.268117 0.076384 0.340583
v -0.253617 0.077536 0.340583
v -0.239133 0.077264 0.340583
v -0.224633 0.077520 0.340583
v -0.210150 0.076976 0.340583
v -0.195650 0.078224 0.340583
v -0.181167 0.080112 0.340583
v -0.166667 0.081616 0.340583
v -0.152167 0.081824 0.340583
v -0.137683 0.081328 0.340583
v -0.123183 0.082432 0.340583
v -0.108700 0.083184 0.340583
v -0.094200 0.083312 0.340583
v -0.079717 0.083808 0.340583
v -0.065217 0.082656 0.340583
v -0.050733 0.083520 0.340583
v -0.036233 0.081520 0.340583
v -0.021733 0.081904 0.340583
v -0.007250 0.081744 0.340583
v 0.007250 0.078416 0.340583
v 0.021733 0.078448 0.340583
v 0.036233 0.078992 0.340583
v 0.050733 0.076640 0.340583
v 0.065217 0.076064 0.340583
v 0.079717 0.077424 0.340583
v 0.094200 0.077216 0.340583
v 0.108700 0.076384 0.340583
v 0.123183 0.077120 0.340583
v 0.137683 0.078032 0.340583
v 0.152167 0.078128 0.340583
v 0.166667 0.078512 0.340583
v 0.181167 0.080832 0.340583
v 0.195650 0.081776 0.340583
v 0.210150 0.082208 0.340583
v 0.224633 0.082720 0.340583
v 0.239133 0.082944 0.340583
v 0.253617 0.083264 0.340583
v 0.268117 0.083264 0.340583
v 0.282617 0.083744 0.340583
v 0.297100 0.083504 0.340583
v 0.311600 0.081072 0.340583
v 0.326083 0.082512 0.340583
v 0.340583 0.079744 0.340583
v 0.355067 0.078416 0.340583
v 0.369567 0.078928 0.340583
v 0.384067 0.077552 0.340583
v 0.398550 0.077600 0.340583
v 0.413050 0.076176 0.340583
v 0.427533 0.076432 0.340583
v 0.442033 0.077552 0.340583
v 0.456517 0.076416 0.340583
v 0.471017 0.077248 0.340583
v 0.485500 0.076752 0.340583
v 0.500000 0.079712 0.340583
v -0.500000 0.080704 0.355067
v -0.485500 0.083200 0.355067
v -0.471017 0.083008 0.355067
v -0.456517 0.083200 0.355067
v -0.442033 0.082256 0.355067
v -0.427533 0.083968 0.355067
v -0.413050 0.083936 0.355067
v -0.398550 0.083424 0.355067
v -0.384067 0.082544 0.355067
v -0.369567 0.081968 0.355067
v -0.355067 0.079424 0.355067
v -0.340583 0.078784 0.355067
v -0.326083 0.079616 0.355067
v -0.311600 0.076784 0.355067
v -0.297100 0.077568 0.355067
v -0.282617 0.077856 0.355067
v -0.268117 0.075520 0.355067
v -0.253617 0.077456 0.355067
v -0.239133 0.076448 0.355067
v -0.224633 0.078064 0.355067
v -0.210150 0.078128 0.355067
v -0.195650 0.079456 0.355067
v -0.181167 0.080208 0.355067
v -0.166667 0.079472 0.355067
v -0.152167 0.081392 0.355067
v -0.137683 0.082880 0.355067
v -0.123183 0.083712 0.355067
v -0.108700 0.083504 0.355067
v -0.094200 0.082352 0.355067
v -0.079717 0.083568 0.355067
v -0.065217 0.081904 0.355067
v -0.050733 0.082880 0.355067
v -0.036233 0.081824 0.355067
v -0.021733 0.082048 0.355067
v -0.007250 0.080288 0.355067
v 0.007250 0.080704 0.355067
v 0.021733 0.079376 0.355067
v 0.036233 0.079280 0.355067
v 0.050733 0.076720 0.355067
v 0.065217 0.077904 0.355067
v 0.079717 0.076800 0.355067
v 0.094200 0.076400 0.355067
v 0.108700 0.077088 0.355067
v 0.123183 0.076272 0.355067
v 0.137683 0.077280 0.355067
v 0.152167 0.077856 0.355067
v 0.166667 0.078880 0.355067
v 0.181167 0.081184 0.355067
v 0.195650 0.082192 0.355067
v 0.210150 0.082256 0.355067
v 0.224633 0.081888 0.355067
v 0.239133 0.083872 0.355067
v 0.253617 0.083648 0.355067
v 0.268117 0.082848 0.355067
v 0.282617 0.083696 0.355067
v 0.297100 0.082848 0.355067
v 0.311600 0.081728 0.355067
v 0.326083 0.082352 0.355067
v 0.340583 0.080624 0.355067
v 0.355067 0.078688 0.355067
v 0.369567 0.079760 0.355067
v 0.384067 0.077152 0.355067
v 0.398550 0.078672 0.355067
v 0.413050 0.076256 0.355067
v 0.427533 0.075520 0.355067
v 0.442033 0.076608 0.355067
v 0.456517 0.077696 0.355067
v 0.471017 0.076992 0.355067
v 0.485500 0.078256 0.355067
v 0.500000 0.079232 0.355067
v -0.500000 0.081456 0.369567
v -0.485500 0.081856 0.369567
v -0.471017 0.082752 0.369567
v -0.456517 0.081248 0.369567
v -0.442033 0.083712 0.369567
v -0.427533 0.083536 0.369567
v -0.413050 0.083712 0.369567
v -0.398550 0.081216 0.369567
v -0.384067 0.082368 0.369567
v -0.369567 0.080224 0.369567
v -0.355067 0.081328 0.369567
v -0.340583 0.078496 0.369567
v -0.326083 0.079200 0.369567
v -0.311600 0.077264 0.369567
v -0.297100 0.076640 0.369567
v -0.282617 0.077584 0.369567
v -0.268117 0.076336 0.369567
v -0.253617 0.077792 0.369567
v -0.239133 0.077888 0.369567
v -0.224633 0.079088 0.369567
v -0.210150 0.079552 0.369567
v -0.195650 0.079776 0.369567
v -0.181167 0.080416 0.369567
v -0.166667 0.080368 0.369567
v -0.152167 0.081616 0.369567
v -0.137683 0.082384 0.369567
v -0.123183 0.081168 0.369567
v -0.108700 0.081472 0.369567
v -0.094200 0.081552 0.369567
v -0.079717 0.081520 0.369567
v -0.065217 0.081984 0.369567
v -0.050733 0.081600 0.369567
v -0.036233 0.081248 0.369567
v -0.021733 0.080128 0.369567
v -0.007250 0.079904 0.369567
v 0.007250 0.079248 0.369567
v 0.021733 0.079200 0.369567
v 0.036233 0.079008 0.369567
v 0.050733 0.078608 0.369567
v 0.065217 0.077264 0.369567
v 0.079717 0.077248 0.369567
v 0.094200 0.076336 0.369567
v 0.108700 0.076576 0.369567
v 0.123183 0.077216 0.369567
v 0.137683 0.077504 0.369567
v 0.152167 0.079824 0.369567
v 0.166667 0.079632 0.369567
v 0.181167 0.079392 0.369567
v 0.195650 0.080992 0.369567
v 0.210150 0.080864 0.369567
v 0.224633 0.082736 0.369567
v 0.239133 0.081312 0.369567
v 0.253617 0.081392 0.369567
v 0.268117 0.081936 0.369567
v 0.282617 0.081536 0.369567
v 0.297100 0.081248 0.369567
v 0.311600 0.081152 0.369567
v 0.326083 0.082176 0.369567
v 0.340583 0.080720 0.369567
v 0.355067 0.079696 0.369567
v 0.369567 0.080272 0.369567
v 0.384067 0.078752 0.369567
v 0.398550 0.076816 0.369567
v 0.413050 0.078080 0.369567
v 0.427533 0.077280 0.369567
v 0.442033 0.078528 0.369567
v 0.456517 0.077088 0.369567
v 0.471017 0.078928 0.369567
v 0.485500 0.078224 0.369567
v 0.500000 0.078928 0.369567
v -0.500000 0.081520 0.384067
v -0.485500 0.080224 0.384067
v -0.471017 0.080944 0.384067
v -0.456517 0.083072 0.384067
v -0.442033 0.082064 0.384067
v -0.427533 0.081024 0.384067
v -0.413050 0.082128 0.384067
v -0.398550 0.080672 0.384067
v -0.384067 0.081072 0.384067
v -0.369567 0.081424 0.384067
v -0.355067 0.080304 0.384067
v -0.340583 0.080304 0.384067
v -0.326083 0.078784 0.384067
v -0.311600 0.079312 0.384067
v -0.297100 0.078752 0.384067
v -0.282617 0.078688 0.384067
v -0.268117 0.078976 0.384067
v -0.253617 0.077616 0.384067
v -0.239133 0.078864 0.384067
v -0.224633 0.078272 0.384067
v -0.210150 0.078096 0.384067
v -0.195650 0.080032 0.384067
v -0.181167 0.080400 0.384067
v -0.166667 0.080576 0.384067
v -0.152167 0.080672 0.384067
v -0.137683 0.082000 0.384067
v -0.123183 0.081232 0.384067
v -0.108700 0.081312 0.384067
v -0.094200 0.080784 0.384067
v -0.079717 0.082064 0.384067
v -0.065217 0.082896 0.384067
v -0.050733 0.082832 0.384067
v -0.036233 0.081200 0.384067
v -0.021733 0.079840 0.384067
v -0.007250 0.081424 0.384067
v 0.007250 0.078656 0.384067
v 0.021733 0.078304 0.384067
v 0.036233 0.079664 0.384067
v 0.050733 0.079456 0.384067
v 0.065217 0.077648 0.384067
v 0.079717 0.079216 0.384067
v 0.094200 0.077680 0.384067
v 0.108700 0.077712 0.384067
v 0.123183 0.078928 0.384067
v 0.137683 0.077920 0.384067
v 0.152167 0.079248 0.384067
v 0.166667 0.078752 0.384067
v 0.181167 0.080832 0.384067
v 0.195650 0.081760 0.384067
v 0.210150 0.080496 0.384067
v 0.224633 0.082560 0.384067
v 0.239133 0.081440 0.384067
v 0.253617 0.083152 0.384067
v 0.268117 0.081680 0.384067
v 0.282617 0.081440 0.384067
v 0.297100 0.081136 0.384067
v 0.311600 0.081296 0.384067
v 0.326083 0.080272 0.384067
v 0.340583 0.079648 0.384067
v 0.355067 0.079056 0.384067
v 0.369567 0.078400 0.384067
v 0.384067 0.079968 0.384067
v 0.398550 0.077808 0.384067
v 0.413050 0.078288 0.384067
v 0.427533 0.078544 0.384067
v 0.442033 0.077424 0.384067
v 0.456517 0.079280 0.384067
v 0.471017 0.078800 0.384067
v 0.485500 0.077904 0.384067
v 0.500000 0.080160 0.384067
v -0.500000 0.080896 0.398550
v -0.485500 0.081184 0.398550
v -0.471017 0.080160 0.398550
v -0.456517 0.080752 0.398550
v -0.442033 0.081024 0.398550
v -0.427533 0.081200 0.398550
v -0.413050 0.079984 0.398550
v -0.398550 0.081664 0.398550
v -0.384067 0.079808 0.398550
v -0.369567 0.080992 0.398550
v -0.355067 0.080352 0.398550
v -0.340583 0.080336 0.398550
v -0.326083 0.079776 0.398550
v -0.311600 0.080160 0.398550
v -0.297100 0.080240 0.398550
v -0.282617 0.080128 0.398550
v -0.268117 0.078960 0.398550
v -0.253617 0.077744 0.398550
v -0.239133 0.078768 0.398550
v -0.224633 0.080128 0.398550
v -0.210150 0.080128 0.398550
v -0.195650 0.078704 0.398550
v -0.181167 0.079824 0.398550
v -0.166667 0.080544 0.398550
v -0.152167 0.081040 0.398550
v -0.137683 0.079936 0.398550
v -0.123183 0.082016 0.398550
v -0.108700 0.081520 0.398550
v -0.094200 0.082096 0.398550
v -0.079717 0.081104 0.398550
v -0.065217 0.081952 0.398550
v -0.050733 0.080352 0.398550
v -0.036233 0.081456 0.398550
v -0.021733 0.081152 0.398550
v -0.007250 0.079360 0.398550
v 0.007250 0.080320 0.398550
v 0.021733 0.079392 0.398550
v 0.036233 0.079904 0.398550
v 0.050733 0.080240 0.398550
v 0.065217 0.079072 0.398550
v 0.079717 0.078832 0.398550
v 0.094200 0.078032 0.398550
v 0.108700 0.079328 0.398550
v 0.123183 0.078336 0.398550
v 0.137683 0.078464 0.398550
v 0.152167 0.080048 0.398550
v 0.166667 0.079808 0.398550
v 0.181167 0.079824 0.398550
v 0.195650 0.080336 0.398550
v 0.210150 0.081680 0.398550
v 0.224633 0.082128 0.398550
v 0.239133 0.080864 0.398550
v 0.253617 0.081248 0.398550
v 0.268117 0.082000 0.398550
v 0.282617 0.082080 0.398550
v 0.297100 0.080928 0.398550
v 0.311600 0.080464 0.398550
v 0.326083 0.081200 0.398550
v 0.340583 0.080624 0.398550
v 0.355067 0.080272 0.398550
v 0.369567 0.079584 0.398550
v 0.384067 0.078688 0.398550
v 0.398550 0.078688 0.398550
v 0.413050 0.077872 0.398550
v 0.427533 0.078784 0.398550
v 0.442033 0.079120 0.398550
v 0.456517 0.079040 0.398550
v 0.471017 0.078112 0.398550
v 0.485500 0.080240 0.398550
v 0.500000 0.078400 0.398550
v -0.500000 0.079568 0.413050
v -0.485500 0.080128 0.413050
v -0.471017 0.080320 0.413050
v -0.456517 0.080352 0.413050
v -0.442033 0.079328 0.413050
v -0.427533 0.080464 0.413050
v -0.413050 0.081584 0.413050
v -0.398550 0.080160 0.413050
v -0.384067 0.081136 0.413050
v -0.369567 0.081344 0.413050
v -0.355067 0.080656 0.413050
v -0.340583 0.079456 0.413050
v -0.326083 0.079488 0.413050
v -0.311600 0.080752 0.413050
v -0.297100 0.079904 0.413050
v -0.282617 0.079200 0.413050
v -0.268117 0.080144 0.413050
v -0.253617 0.079552 0.413050
v -0.239133 0.080096 0.413050
v -0.224633 0.078896 0.413050
v -0.210150 0.078736 0.413050
v -0.195650 0.078800 0.413050
v -0.181167 0.079408 0.413050
v -0.166667 0.078944 0.413050
v -0.152167 0.079840 0.413050
v -0.137683 0.079712 0.413050
v -0.123183 0.080208 0.413050
v -0.108700 0.079696 0.413050
v -0.094200 0.080320 0.413050
v -0.079717 0.079216 0.413050
v -0.065217 0.079968 0.413050
v -0.050733 0.080000 0.413050
v -0.036233 0.079936 0.413050
v -0.021733 0.080768 0.413050
v -0.007250 0.080096 0.413050
v 0.007250 0.079440 0.413050
v 0.021733 0.081152 0.413050
v 0.036233 0.079312 0.413050
v 0.050733 0.079968 0.413050
v 0.065217 0.080096 0.413050
v 0.079717 0.079904 0.413050
v 0.094200 0.079344 0.413050
v 0.108700 0.079344 0.413050
v 0.123183 0.078544 0.413050
v 0.137683 0.079120 0.413050
v 0.152167 0.079472 0.413050
v 0.166667 0.080608 0.413050
v 0.181167 0.081168 0.413050
v 0.195650 0.081408 0.413050
v 0.210150 0.079632 0.413050
v 0.224633 0.079376 0.413050
v 0.239133 0.080256 0.413050
v 0.253617 0.080208 0.413050
v 0.268117 0.080752 0.413050
v 0.282617 0.080336 0.413050
v 0.297100 0.081184 0.413050
v 0.311600 0.081056 0.413050
v 0.326083 0.080768 0.413050
v 0.340583 0.079984 0.413050
v 0.355067 0.080192 0.413050
v 0.369567 0.079104 0.413050
v 0.384067 0.081024 0.413050
v 0.398550 0.080640 0.413050
v 0.413050 0.078848 0.413050
v 0.427533 0.078528 0.413050
v 0.442033 0.080736 0.413050
v 0.456517 0.079968 0.413050
v 0.471017 0.078576 0.413050
v 0.485500 0.080816 0.413050
v 0.500000 0.079600 0.413050
v -0.500000 0.079808 0.427533
v -0.485500 0.079216 0.427533
v -0.471017 0.078896 0.427533
v -0.456517 0.080608 0.427533
v -0.442033 0.079936 0.427533
v -0.427533 0.080256 0.427533
v -0.413050 0.080032 0.427533
v -0.398550 0.079616 0.427533
v -0.384067 0.079584 0.427533
v -0.369567 0.079904 0.427533
v -0.355067 0.080240 0.427533
v -0.340583 0.079472 0.427533
v -0.326083 0.081280 0.427533
v -0.311600 0.079072 0.427533
v -0.297100 0.079616 0.427533
v -0.282617 0.080720 0.427533
v -0.268117 0.079328 0.427533
v -0.253617 0.080352 0.427533
v -0.239133 0.079744 0.427533
v -0.224633 0.079184 0.427533
v -0.210150 0.081472 0.427533
v -0.195650 0.081200 0.427533
v -0.181167 0.080704 0.427533
v -0.166667 0.079648 0.427533
v -0.152167 0.079968 0.427533
v -0.137683 0.080336 0.427533
v -0.123183 0.078640 0.427533
v -0.108700 0.080432 0.427533
v -0.094200 0.078912 0.427533
v -0.079717 0.078576 0.427533
v -0.065217 0.080144 0.427533
v -0.050733 0.080416 0.427533
v -0.036233 0.080224 0.427533
v -0.021733 0.079152 0.427533
v -0.007250 0.080992 0.427533
v 0.007250 0.080272 0.427533
v 0.021733 0.080400 0.427533
v 0.036233 0.080240 0.427533
v 0.050733 0.079696 0.427533
v 0.065217 0.079344 0.427533
v 0.079717 0.081600 0.427533
v 0.094200 0.080000 0.427533
v 0.108700 0.081024 0.427533
v 0.123183 0.079520 0.427533
v 0.137683 0.081216 0.427533
v 0.152167 0.079424 0.427533
v 0.166667 0.080496 0.427533
v 0.181167 0.079184 0.427533
v 0.195650 0.080624 0.427533
v 0.210150 0.080544 0.427533
v 0.224633 0.080512 0.427533
v 0.239133 0.080704 0.427533
v 0.253617 0.078928 0.427533
v 0.268117 0.080432 0.427533
v 0.282617 0.079712 0.427533
v 0.297100 0.078416 0.427533
v 0.311600 0.079328 0.427533
v 0.326083 0.079264 0.427533
v 0.340583 0.078640 0.427533
v 0.355067 0.080592 0.427533
v 0.369567 0.080224 0.427533
v 0.384067 0.079856 0.427533
v 0.398550 0.079840 0.427533
v 0.413050 0.080496 0.427533
v 0.427533 0.080144 0.427533
v 0.442033 0.080624 0.427533
v 0.456517 0.081040 0.427533
v 0.471017 0.081392 0.427533
v 0.485500 0.081120 0.427533
v 0.500000 0.079728 0.427533
v -0.500000 0.078704 0.442033
v -0.485500 0.078960 0.442033
v -0.471017 0.079072 0.442033
v -0.456517 0.077744 0.442033
v -0.442033 0.077680 0.442033
v -0.427533 0.077584 0.442033
v -0.413050 0.078576 0.442033
v -0.398550 0.079104 0.442033
v -0.384067 0.078736 0.442033
v -0.369567 0.079936 0.442033
v -0.355067 0.080336 0.442033
v -0.340583 0.081456 0.442033
v -0.326083 0.080640 0.442033
v -0.311600 0.081216 0.442033
v -0.297100 0.079984 0.442033
v -0.282617 0.081504 0.442033
v -0.268117 0.082128 0.442033
v -0.253617 0.081024 0.442033
v -0.239133 0.082416 0.442033
v -0.224633 0.080896 0.442033
v -0.210150 0.080240 0.442033
v -0.195650 0.080992 0.442033
v -0.181167 0.080176 0.442033
v -0.166667 0.080416 0.442033
v -0.152167 0.079168 0.442033
v -0.137683 0.078016 0.442033
v -0.123183 0.078896 0.442033
v -0.108700 0.078576 0.442033
v -0.094200 0.077392 0.442033
v -0.079717 0.078944 0.442033
v -0.065217 0.077968 0.442033
v -0.050733 0.079728 0.442033
v -0.036233 0.079200 0.442033
v -0.021733 0.080496 0.442033
v -0.007250 0.080032 0.442033
v 0.007250 0.079712 0.442033
v 0.021733 0.080720 0.442033
v 0.036233 0.079648 0.442033
v 0.050733 0.081248 0.442033
v 0.065217 0.080256 0.442033
v 0.079717 0.080400 0.442033
v 0.094200 0.080608 0.442033
v 0.108700 0.080064 0.442033
v 0.123183 0.081744 0.442033
v 0.137683 0.080528 0.442033
v 0.152167 0.081328 0.442033
v 0.166667 0.078976 0.442033
v 0.181167 0.080368 0.442033
v 0.195650 0.080240 0.442033
v 0.210150 0.078992 0.442033
v 0.224633 0.079552 0.442033
v 0.239133 0.080000 0.442033
v 0.253617 0.078336 0.442033
v 0.268117 0.078720 0.442033
v 0.282617 0.079344 0.442033
v 0.297100 0.078512 0.442033
v 0.311600 0.080272 0.442033
v 0.326083 0.079984 0.442033
v 0.340583 0.079584 0.442033
v 0.355067 0.080448 0.442033
v 0.369567 0.080512 0.442033
v 0.384067 0.079952 0.442033
v 0.398550 0.080832 0.442033
v 0.413050 0.081872 0.442033
v 0.427533 0.082048 0.442033
v 0.442033 0.082032 0.442033
v 0.456517 0.081328 0.442033
v 0.471017 0.081760 0.442033
v 0.485500 0.079712 0.442033
v 0.500000 0.080160 0.442033
v -0.500000 0.080320 0.456517
v -0.485500 0.078416 0.456517
v -0.471017 0.079536 0.456517
v -0.456517 0.077904 0.456517
v -0.442033 0.078160 0.456517
v -0.427533 0.078768 0.456517
v -0.413050 0.078752 0.456517
v -0.398550 0.077760 0.456517
v -0.384067 0.079376 0.456517
v -0.369567 0.079888 0.456517
v -0.355067 0.080864 0.456517
v -0.340583 0.080000 0.456517
v -0.326083 0.081600 0.456517
v -0.311600 0.080896 0.456517
v -0.297100 0.080560 0.456517
v -0.282617 0.081488 0.456517
v -0.268117 0.081696 0.456517
v -0.253617 0.080976 0.456517
v -0.239133 0.082400 0.456517
v -0.224633 0.082160 0.456517
v -0.210150 0.082448 0.456517
v -0.195650 0.080128 0.456517
v -0.181167 0.079344 0.456517
v -0.166667 0.080128 0.456517
v -0.152167 0.079168 0.456517
v -0.137683 0.078672 0.456517
v -0.123183 0.077984 0.456517
v -0.108700 0.079120 0.456517
v -0.094200 0.077616 0.456517
v -0.079717 0.077200 0.456517
v -0.065217 0.077824 0.456517
v -0.050733 0.077760 0.456517
v -0.036233 0.078064 0.456517
v -0.021733 0.078944 0.456517
v -0.007250 0.080720 0.456517
v 0.007250 0.080752 0.456517
v 0.021733 0.079760 0.456517
v 0.036233 0.080384 0.456517
v 0.050733 0.081488 0.456517
v 0.065217 0.082592 0.456517
v 0.079717 0.081104 0.456517
v 0.094200 0.083040 0.456517
v 0.108700 0.082480 0.456517
v 0.123183 0.081024 0.456517
v 0.137683 0.080864 0.456517
v 0.152167 0.079840 0.456517
v 0.166667 0.080096 0.456517
v 0.181167 0.079168 0.456517
v 0.195650 0.079744 0.456517
v 0.210150 0.079152 0.456517
v 0.224633 0.079360 0.456517
v 0.239133 0.078800 0.456517
v 0.253617 0.078592 0.456517
v 0.268117 0.077664 0.456517
v 0.282617 0.077792 0.456517
v 0.297100 0.077936 0.456517
v 0.311600 0.078752 0.456517
v 0.326083 0.079024 0.456517
v 0.340583 0.079008 0.456517
v 0.355067 0.081088 0.456517
v 0.369567 0.080368 0.456517
v 0.384067 0.081952 0.456517
v 0.398550 0.080672 0.456517
v 0.413050 0.080816 0.456517
v 0.427533 0.082368 0.456517
v 0.442033 0.081056 0.456517
v 0.456517 0.082656 0.456517
v 0.471017 0.080528 0.456517
v 0.485500 0.081488 0.456517
v 0.500000 0.080304 0.456517
v -0.500000 0.078496 0.471017
v -0.485500 0.077856 0.471017
v -0.471017 0.076704 0.471017
v -0.456517 0.078192 0.471017
v -0.442033 0.076896 0.471017
v -0.427533 0.077840 0.471017
v -0.413050 0.077856 0.471017
v -0.398550 0.078944 0.471017
v -0.384067 0.078304 0.471017
v -0.369567 0.079488 0.471017
v -0.355067 0.080464 0.471017
v -0.340583 0.080304 0.471017
v -0.326083 0.080144 0.471017
v -0.311600 0.081904 0.471017
v -0.297100 0.082112 0.471017
v -0.282617 0.081568 0.471017
v -0.268117 0.083008 0.471017
v -0.253617 0.082576 0.471017
v -0.239133 0.083552 0.471017
v -0.224633 0.081104 0.471017
v -0.210150 0.081360 0.471017
v -0.195650 0.081648 0.471017
v -0.181167 0.079232 0.471017
v -0.166667 0.080224 0.471017
v -0.152167 0.079680 0.471017
v -0.137683 0.079072 0.471017
v -0.123183 0.078544 0.471017
v -0.108700 0.077744 0.471017
v -0.094200 0.076272 0.471017
v -0.079717 0.076944 0.471017
v -0.065217 0.078112 0.471017
v -0.050733 0.078240 0.471017
v -0.036233 0.077552 0.471017
v -0.021733 0.078560 0.471017
v -0.007250 0.080368 0.471017
v 0.007250 0.079216 0.471017
v 0.021733 0.082080 0.471017
v 0.036233 0.082160 0.471017
v 0.050733 0.081808 0.471017
v 0.065217 0.082976 0.471017
v 0.079717 0.082048 0.471017
v 0.094200 0.083936 0.471017
v 0.108700 0.082528 0.471017
v 0.123183 0.082464 0.471017
v 0.137683 0.081472 0.471017
v 0.152167 0.081312 0.471017
v 0.166667 0.080096 0.471017
v 0.181167 0.080768 0.471017
v 0.195650 0.079200 0.471017
v 0.210150 0.079344 0.471017
v 0.224633 0.077568 0.471017
v 0.239133 0.077280 0.471017
v 0.253617 0.078480 0.471017
v 0.268117 0.076704 0.471017
v 0.282617 0.078560 0.471017
v 0.297100 0.078352 0.471017
v 0.311600 0.078192 0.471017
v 0.326083 0.078128 0.471017
v 0.340583 0.079200 0.471017
v 0.355067 0.080176 0.471017
v 0.369567 0.080528 0.471017
v 0.384067 0.081888 0.471017
v 0.398550 0.082624 0.471017
v 0.413050 0.083296 0.471017
v 0.427533 0.082768 0.471017
v 0.442033 0.082160 0.471017
v 0.456517 0.083472 0.471017
v 0.471017 0.081168 0.471017
v 0.485500 0.082432 0.471017
v 0.500000 0.080208 0.471017
v -0.500000 0.078768 0.485500
v -0.485500 0.077888 0.485500
v -0.471017 0.077488 0.485500
v -0.456517 0.075616 0.485500
v -0.442033 0.076544 0.485500
v -0.427533 0.077696 0.485500
v -0.413050 0.078048 0.485500
v -0.398550 0.076736 0.485500
v -0.384067 0.078176 0.485500
v -0.369567 0.077632 0.485500
v -0.355067 0.079648 0.485500
v -0.340583 0.080624 0.485500
v -0.326083 0.081936 0.485500
v -0.311600 0.083200 0.485500
v -0.297100 0.082000 0.485500
v -0.282617 0.084016 0.485500
v -0.268117 0.082160 0.485500
v -0.253617 0.083376 0.485500
v -0.239133 0.082976 0.485500
v -0.224633 0.082992 0.485500
v -0.210150 0.083040 0.485500
v -0.195650 0.080816 0.485500
v -0.181167 0.080944 0.485500
v -0.166667 0.079552 0.485500
v -0.152167 0.079504 0.485500
v -0.137683 0.079136 0.485500
v -0.123183 0.076976 0.485500
v -0.108700 0.076496 0.485500
v -0.094200 0.077408 0.485500
v -0.079717 0.077808 0.485500
v -0.065217 0.076368 0.485500
v -0.050733 0.077552 0.485500
v -0.036233 0.077632 0.485500
v -0.021733 0.078832 0.485500
v -0.007250 0.078864 0.485500
v 0.007250 0.081184 0.485500
v 0.021733 0.081184 0.485500
v 0.036233 0.082352 0.485500
v 0.050733 0.082336 0.485500
v 0.065217 0.083664 0.485500
v 0.079717 0.082128 0.485500
v 0.094200 0.082864 0.485500
v 0.108700 0.083984 0.485500
v 0.123183 0.082704 0.485500
v 0.137683 0.083168 0.485500
v 0.152167 0.082000 0.485500
v 0.166667 0.080176 0.485500
v 0.181167 0.080032 0.485500
v 0.195650 0.079456 0.485500
v 0.210150 0.079184 0.485500
v 0.224633 0.076384 0.485500
v 0.239133 0.076592 0.485500
v 0.253617 0.076816 0.485500
v 0.268117 0.077744 0.485500
v 0.282617 0.077584 0.485500
v 0.297100 0.076656 0.485500
v 0.311600 0.078288 0.485500
v 0.326083 0.079808 0.485500
v 0.340583 0.079984 0.485500
v 0.355067 0.079872 0.485500
v 0.369567 0.081872 0.485500
v 0.384067 0.081936 0.485500
v 0.398550 0.083072 0.485500
v 0.413050 0.082544 0.485500
v 0.427533 0.083840 0.485500
v 0.442033 0.083648 0.485500
v 0.456517 0.083392 0.485500
v 0.471017 0.082848 0.485500
v 0.485500 0.081872 0.485500
v 0.500000 0.081584 0.485500
v -0.500000 0.078288 0.500000
v -0.485500 0.078464 0.500000
v -0.471017 0.077184 0.500000
v -0.456517 0.077360 0.500000
v -0.442033 0.076832 0.500000
v -0.427533 0.076704 0.500000
v -0.413050 0.076752 0.500000
v -0.398550 0.076320 0.500000
v -0.384067 0.076544 0.500000
v -0.369567 0.079872 0.500000
v -0.355067 0.079792 0.500000
v -0.340583 0.081024 0.500000
v -0.326083 0.082048 0.500000
v -0.311600 0.082320 0.500000
v -0.297100 0.081952 0.500000
v -0.282617 0.082880 0.500000
v -0.268117 0.083184 0.500000
v -0.253617 0.084544 0.500000
v -0.239133 0.083152 0.500000
v -0.224633 0.081664 0.500000
v -0.210150 0.082240 0.500000
v -0.195650 0.080256 0.500000
v -0.181167 0.079776 0.500000
v -0.166667 0.079552 0.500000
v -0.152167 0.077520 0.500000
v -0.137683 0.076832 0.500000
v -0.123183 0.078096 0.500000
v -0.108700 0.076704 0.500000
v -0.094200 0.076368 0.500000
v -0.079717 0.075904 0.500000
v -0.065217 0.076112 0.500000
v -0.050733 0.077392 0.500000
v -0.036233 0.076992 0.500000
v -0.021733 0.079696 0.500000
v -0.007250 0.079024 0.500000
v 0.007250 0.080256 0.500000
v 0.021733 0.080592 0.500000
v 0.036233 0.081552 0.500000
v 0.050733 0.083616 0.500000
v 0.065217 0.083392 0.500000
v 0.079717 0.082560 0.500000
v 0.094200 0.083328 0.500000
v 0.108700 0.082816 0.500000
v 0.123183 0.083744 0.500000
v 0.137683 0.083584 0.500000
v 0.152167 0.081584 0.500000
v 0.166667 0.079552 0.500000
v 0.181167 0.079840 0.500000
v 0.195650 0.077712 0.500000
v 0.210150 0.076960 0.500000
v 0.224633 0.077216 0.500000
v 0.239133 0.077056 0.500000
v 0.253617 0.075040 0.500000
v 0.268117 0.076736 0.500000
v 0.282617 0.076304 0.500000
v 0.297100 0.077808 0.500000
v 0.311600 0.077632 0.500000
v 0.326083 0.079488 0.500000
v 0.340583 0.079216 0.500000
v 0.355067 0.080016 0.500000
v 0.369567 0.080096 0.500000
v 0.384067 0.083440 0.500000
v 0.398550 0.083648 0.500000
v 0.413050 0.083296 0.500000
v 0.427533 0.084576 0.500000
v 0.442033 0.084864 0.500000
v 0.456517 0.083008 0.500000
v 0.471017 0.083760 0.500000
v 0.485500 0.082784 0.500000
v 0.500000 0.081312 0.500000
v 0.319983 0.111440 0.123600
v 0.319983 0.111440 0.123600
v 0.319983 0.111440 0.123600
v 0.319983 0.111440 0.123600
v 0.319983 0.111440 0.123600
v 0.319983 0.111440 0.123600
v 0.319983 0.111440 0.123600
v 0.346433 0.108448 0.123600
v 0.336483 0.108448 0.134850
v 0.314100 0.108448 0.137633
v 0.296150 0.108448 0.129850
v 0.296150 0.108448 0.117350
v 0.314100 0.108448 0.109567
v 0.336483 0.108448 0.112350
v 0.357400 0.101216 0.123600
v 0.343317 0.101216 0.139517
v 0.311667 0.101216 0.143450
v 0.286283 0.101216 0.132433
v 0.286283 0.101216 0.114767
v 0.311667 0.101216 0.103750
v 0.343317 0.101216 0.107683
v 0.346433 0.093984 0.123600
v 0.336483 0.093984 0.134850
v 0.314100 0.093984 0.137633
v 0.296150 0.093984 0.129850
v 0.296150 0.093984 0.117350
v 0.314100 0.093984 0.109567
v 0.336483 0.093984 0.112350
v 0.319983 0.090992 0.123600
v 0.319983 0.090992 0.123600
v 0.319983 0.090992 0.123600
v 0.319983 0.090992 0.123600
v 0.319983 0.090992 0.123600
v 0.319983 0.090992 0.123600
v 0.319983 0.090992 0.123600
v 0.179467 0.119824 0.100500
v 0.179467 0.119824 0.100500
v 0.179467 0.119824 0.100500
v 0.179467 0.119824 0.100500
v 0.179467 0.119824 0.100500
v 0.179467 0.119824 0.100500
v 0.179467 0.119824 0.100500
v 0.193383 0.117776 0.100500
v 0.188133 0.117776 0.109467
v 0.176367 0.117776 0.111683
v 0.166917 0.117776 0.105467
v 0.166917 0.117776 0.095517
v 0.176367 0.117776 0.089300
v 0.188133 0.117776 0.091517
v 0.199150 0.112816 0.100500
v 0.191733 0.112816 0.113183
v 0.175083 0.112816 0.116317
v 0.161717 0.112816 0.107533
v 0.161717 0.112816 0.093450
v 0.175083 0.112816 0.084667
v 0.191733 0.112816 0.087800
v 0.193383 0.107872 0.100500
v 0.188133 0.107872 0.109467
v 0.176367 0.107872 0.111683
v 0.166917 0.107872 0.105467
v 0.166917 0.107872 0.095517
v 0.176367 0.107872 0.089300
v 0.188133 0.107872 0.091517
v 0.179467 0.105824 0.100500
v 0.179467 0.105824 0.100500
v 0.179467 0.105824 0.100500
v 0.179467 0.105824 0.100500
v 0.179467 0.105824 0.100500
v 0.179467 0.105824 0.100500
v 0.179467 0.105824 0.100500
v 0.168767 0.112112 0.276083
v 0.168767 0.112112 0.276083
v 0.168767 0.112112 0.276083
v 0.168767 0.112112 0.276083
v 0.168767 0.112112 0.276083
v 0.168767 0.112112 0.276083
v 0.168767 0.112112 0.276083
v 0.193683 0.109200 0.276083
v 0.184300 0.109200 0.285200
v 0.163217 0.109200 0.287450
v 0.146317 0.109200 0.281150
v 0.146317 0.109200 0.271033
v 0.163217 0.109200 0.264717
v 0.184300 0.109200 0.266983
v 0.204017 0.102160 0.276083
v 0.190733 0.102160 0.288983
v 0.160933 0.102160 0.292167
v 0.137017 0.102160 0.283233
v 0.137017 0.102160 0.268933
v 0.160933 0.102160 0.260017
v 0.190733 0.102160 0.263200
v 0.193683 0.095136 0.276083
v 0.184300 0.095136 0.285200
v 0.163217 0.095136 0.287450
v 0.146317 0.095136 0.281150
v 0.146317 0.095136 0.271033
v 0.163217 0.095136 0.264717
v 0.184300 0.095136 0.266983
v 0.168767 0.092224 0.276083
v 0.168767 0.092224 0.276083
v 0.168767 0.092224 0.276083
v 0.168767 0.092224 0.276083
v 0.168767 0.092224 0.276083
v 0.168767 0.092224 0.276083
v 0.168767 0.092224 0.276083
v 0.032083 0.100080 0.282967
v 0.032083 0.100080 0.282967
v 0.032083 0.100080 0.282967
v 0.032083 0.100080 0.282967
v 0.032083 0.100080 0.282967
v 0.032083 0.100080 0.282967
v 0.032083 0.100080 0.282967
v 0.047033 0.097888 0.282967
v 0.041400 0.097888 0.289967
v 0.028750 0.097888 0.291700
v 0.018617 0.097888 0.286850
v 0.018617 0.097888 0.279083
v 0.028750 0.097888 0.274233
v 0.041400 0.097888 0.275967
v 0.053233 0.092592 0.282967
v 0.045267 0.092592 0.292867
v 0.027383 0.092592 0.295317
v 0.013033 0.092592 0.288467
v 0.013033 0.092592 0.277467
v 0.027383 0.092592 0.270617
v 0.045267 0.092592 0.273067
v 0.047033 0.087296 0.282967
v 0.041400 0.087296 0.289967
v 0.028750 0.087296 0.291700
v 0.018617 0.087296 0.286850
v 0.018617 0.087296 0.279083
v 0.028750 0.087296 0.274233
v 0.041400 0.087296 0.275967
v 0.032083 0.085104 0.282967
v 0.032083 0.085104 0.282967
v 0.032083 0.085104 0.282967
v 0.032083 0.085104 0.282967
v 0.032083 0.085104 0.282967
v 0.032083 0.085104 0.282967
v 0.032083 0.085104 0.282967
v 0.080033 0.100304 0.276067
v 0.080033 0.100304 0.276067
v 0.080033 0.100304 0.276067
v 0.080033 0.100304 0.276067
v 0.080033 0.100304 0.276067
v 0.080033 0.100304 0.276067
v 0.080033 0.100304 0.276067
v 0.098650 0.097408 0.276067
v 0.091633 0.097408 0.283967
v 0.075900 0.097408 0.285917
v 0.063267 0.097408 0.280450
v 0.063267 0.097408 0.271683
v 0.075900 0.097408 0.266217
v 0.091633 0.097408 0.268167
v 0.106350 0.090432 0.276067
v 0.096450 0.090432 0.287233
v 0.074183 0.090432 0.289983
v 0.056317 0.090432 0.282267
v 0.056317 0.090432 0.269867
v 0.074183 0.090432 0.262133
v 0.096450 0.090432 0.264900
v 0.098650 0.083456 0.276067
v 0.091633 0.083456 0.283967
v 0.075900 0.083456 0.285917
v 0.063267 0.083456 0.280450
v 0.063267 0.083456 0.271683
v 0.075900 0.083456 0.266217
v 0.091633 0.083456 0.268167
v 0.080033 0.080576 0.276067
v 0.080033 0.080576 0.276067
v 0.080033 0.080576 0.276067
v 0.080033 0.080576 0.276067
v 0.080033 0.080576 0.276067
v 0.080033 0.080576 0.276067
v 0.080033 0.080576 0.276067
v 0.193950 0.105632 0.323033
v 0.193950 0.105632 0.323033
v 0.193950 0.105632 0.323033
v 0.193950 0.105632 0.323033
v 0.193950 0.105632 0.323033
v 0.193950 0.105632 0.323033
v 0.193950 0.105632 0.323033
v 0.214600 0.102176 0.323033
v 0.206817 0.102176 0.330717
v 0.189350 0.102176 0.332617
v 0.175350 0.102176 0.327300
v 0.175350 0.102176 0.318767
v 0.189350 0.102176 0.313450
v 0.206817 0.102176 0.315350
v 0.223150 0.093840 0.323033
v 0.212150 0.093840 0.333900
v 0.187450 0.093840 0.336583
v 0.167633 0.093840 0.329067
v 0.167633 0.093840 0.317000
v 0.187450 0.093840 0.309467
v 0.212150 0.093840 0.312167
v 0.214600 0.085504 0.323033
v 0.206817 0.085504 0.330717
v 0.189350 0.085504 0.332617
v 0.175350 0.085504 0.327300
v 0.175350 0.085504 0.318767
v 0.189350 0.085504 0.313450
v 0.206817 0.085504 0.315350
v 0.193950 0.082048 0.323033
v 0.193950 0.082048 0.323033
v 0.193950 0.082048 0.323033
v 0.193950 0.082048 0.323033
v 0.193950 0.082048 0.323033
v 0.193950 0.082048 0.323033
v 0.193950 0.082048 0.323033
v -0.045017 0.135296 -0.143700
v -0.045017 0.135296 -0.143700
v -0.045017 0.135296 -0.143700
v -0.045017 0.135296 -0.143700
v -0.045017 0.135296 -0.143700
v -0.045017 0.135296 -0.143700
v -0.045017 0.135296 -0.143700
v -0.027950 0.131888 -0.143700
v -0.034383 0.131888 -0.133483
v -0.048817 0.131888 -0.130950
v -0.060400 0.131888 -0.138033
v -0.060400 0.131888 -0.149367
v -0.048817 0.131888 -0.156450
v -0.034383 0.131888 -0.153917
v -0.020883 0.123680 -0.143700
v -0.029967 0.123680 -0.129250
v -0.050400 0.123680 -0.125683
v -0.066767 0.123680 -0.135683
v -0.066767 0.123680 -0.151717
v -0.050400 0.123680 -0.161717
v -0.029967 0.123680 -0.158150
v -0.027950 0.115472 -0.143700
v -0.034383 0.115472 -0.133483
v -0.048817 0.115472 -0.130950
v -0.060400 0.115472 -0.138033
v -0.060400 0.115472 -0.149367
v -0.048817 0.115472 -0.156450
v -0.034383 0.115472 -0.153917
v -0.045017 0.112080 -0.143700
v -0.045017 0.112080 -0.143700
v -0.045017 0.112080 -0.143700
v -0.045017 0.112080 -0.143700
v -0.045017 0.112080 -0.143700
v -0.045017 0.112080 -0.143700
v -0.045017 0.112080 -0.143700
v -0.268917 0.102768 -0.024367
v -0.268917 0.102768 -0.024367
v -0.268917 0.102768 -0.024367
v -0.268917 0.102768 -0.024367
v -0.268917 0.102768 -0.024367
v -0.268917 0.102768 -0.024367
v -0.268917 0.102768 -0.024367
v -0.251567 0.100944 -0.024367
v -0.258100 0.100944 -0.014667
v -0.272767 0.100944 -0.012283
v -0.284533 0.100944 -0.018983
v -0.284533 0.100944 -0.029733
v -0.272767 0.100944 -0.036433
v -0.258100 0.100944 -0.034050
v -0.244400 0.096512 -0.024367
v -0.253617 0.096512 -0.010667
v -0.274367 0.096512 -0.007283
v -0.291000 0.096512 -0.016750
v -0.291000 0.096512 -0.031967
v -0.274367 0.096512 -0.041433
v -0.253617 0.096512 -0.038050
v -0.251567 0.092096 -0.024367
v -0.258100 0.092096 -0.014667
v -0.272767 0.092096 -0.012283
v -0.284533 0.092096 -0.018983
v -0.284533 0.092096 -0.029733
v -0.272767 0.092096 -0.036433
v -0.258100 0.092096 -0.034050
v -0.268917 0.090256 -0.024367
v -0.268917 0.090256 -0.024367
v -0.268917 0.090256 -0.024367
v -0.268917 0.090256 -0.024367
v -0.268917 0.090256 -0.024367
v -0.268917 0.090256 -0.024367
v -0.268917 0.090256 -0.024367
v -0.290217 0.112960 0.040967
v -0.290217 0.112960 0.040967
v -0.290217 0.112960 0.040967
v -0.290217 0.112960 0.040967
v -0.290217 0.112960 0.040967
v -0.290217 0.112960 0.040967
v -0.290217 0.112960 0.040967
v -0.266133 0.108224 0.040967
v -0.275200 0.108224 0.056083
v -0.295567 0.108224 0.059817
v -0.311900 0.108224 0.049367
v -0.311900 0.108224 0.032583
v -0.295567 0.108224 0.022117
v -0.275200 0.108224 0.025850
v -0.256167 0.096816 0.040967
v -0.268983 0.096816 0.062350
v -0.297783 0.096816 0.067633
v -0.320900 0.096816 0.052833
v -0.320900 0.096816 0.029100
v -0.297783 0.096816 0.014317
v -0.268983 0.096816 0.019583
v -0.266133 0.085408 0.040967
v -0.275200 0.085408 0.056083
v -0.295567 0.085408 0.059817
v -0.311900 0.085408 0.049367
v -0.311900 0.085408 0.032583
v -0.295567 0.085408 0.022117
v -0.275200 0.085408 0.025850
v -0.290217 0.080688 0.040967
v -0.290217 0.080688 0.040967
v -0.290217 0.080688 0.040967
v -0.290217 0.080688 0.040967
v -0.290217 0.080688 0.040967
v -0.290217 0.080688 0.040967
v -0.290217 0.080688 0.040967
v 0.041650 0.113040 0.229783
v 0.041650 0.113040 0.229783
v 0.041650 0.113040 0.229783
v 0.041650 0.113040 0.229783
v 0.041650 0.113040 0.229783
v 0.041650 0.113040 0.229783
v 0.041650 0.113040 0.229783
v 0.059733 0.109552 0.229783
v 0.052917 0.109552 0.239883
v 0.037617 0.109552 0.242383
v 0.025350 0.109552 0.235383
v 0.025350 0.109552 0.224167
v 0.037617 0.109552 0.217183
v 0.052917 0.109552 0.219683
v 0.067217 0.101136 0.229783
v 0.057600 0.101136 0.244067
v 0.035950 0.101136 0.247600
v 0.018600 0.101136 0.237717
v 0.018600 0.101136 0.221850
v 0.035950 0.101136 0.211967
v 0.057600 0.101136 0.215483
v 0.059733 0.092720 0.229783
v 0.052917 0.092720 0.239883
v 0.037617 0.092720 0.242383
v 0.025350 0.092720 0.235383
v 0.025350 0.092720 0.224167
v 0.037617 0.092720 0.217183
v 0.052917 0.092720 0.219683
v 0.041650 0.089232 0.229783
v 0.041650 0.089232 0.229783
v 0.041650 0.089232 0.229783
v 0.041650 0.089232 0.229783
v 0.041650 0.089232 0.229783
v 0.041650 0.089232 0.229783
v 0.041650 0.089232 0.229783
v -0.157350 0.087904 -0.048600
v -0.157350 0.087904 -0.048600
v -0.157350 0.087904 -0.048600
v -0.157350 0.087904 -0.048600
v -0.157350 0.087904 -0.048600
v -0.157350 0.087904 -0.048600
v -0.157350 0.087904 -0.048600
v -0.143017 0.085520 -0.048600
v -0.148417 0.085520 -0.039717
v -0.160550 0.085520 -0.037533
v -0.170283 0.085520 -0.043667
v -0.170283 0.085520 -0.053517
v -0.160550 0.085520 -0.059667
v -0.148417 0.085520 -0.057467
v -0.137067 0.079760 -0.048600
v -0.144700 0.079760 -0.036050
v -0.161867 0.079760 -0.032950
v -0.175633 0.079760 -0.041633
v -0.175633 0.079760 -0.055567
v -0.161867 0.079760 -0.064250
v -0.144700 0.079760 -0.061150
v -0.143017 0.074000 -0.048600
v -0.148417 0.074000 -0.039717
v -0.160550 0.074000 -0.037533
v -0.170283 0.074000 -0.043667
v -0.170283 0.074000 -0.053517
v -0.160550 0.074000 -0.059667
v -0.148417 0.074000 -0.057467
v -0.157350 0.071616 -0.048600
v -0.157350 0.071616 -0.048600
v -0.157350 0.071616 -0.048600
v -0.157350 0.071616 -0.048600
v -0.157350 0.071616 -0.048600
v -0.157350 0.071616 -0.048600
v -0.157350 0.071616 -0.048600
v 0.138567 0.113872 0.187150
v 0.138567 0.113872 0.187150
v 0.138567 0.113872 0.187150
v 0.138567 0.113872 0.187150
v 0.138567 0.113872 0.187150
v 0.138567 0.113872 0.187150
v 0.138567 0.113872 0.187150
v 0.166800 0.109040 0.187150
v 0.156167 0.109040 0.200317
v 0.132283 0.109040 0.203583
v 0.113133 0.109040 0.194467
v 0.113133 0.109040 0.179850
v 0.132283 0.109040 0.170733
v 0.156167 0.109040 0.173983
v 0.178500 0.097344 0.187150
v 0.163467 0.097344 0.205783
v 0.129683 0.097344 0.210383
v 0.102600 0.097344 0.197483
v 0.102600 0.097344 0.176817
v 0.129683 0.097344 0.163933
v 0.163467 0.097344 0.168533
v 0.166800 0.085664 0.187150
v 0.156167 0.085664 0.200317
v 0.132283 0.085664 0.203583
v 0.113133 0.085664 0.194467
v 0.113133 0.085664 0.179850
v 0.132283 0.085664 0.170733
v 0.156167 0.085664 0.173983
v 0.138567 0.080832 0.187150
v 0.138567 0.080832 0.187150
v 0.138567 0.080832 0.187150
v 0.138567 0.080832 0.187150
v 0.138567 0.080832 0.187150
v 0.138567 0.080832 0.187150
v 0.138567 0.080832 0.187150
v -0.027133 0.115024 0.232217
v -0.027133 0.115024 0.232217
v -0.027133 0.115024 0.232217
v -0.027133 0.115024 0.232217
v -0.027133 0.115024 0.232217
v -0.027133 0.115024 0.232217
v -0.027133 0.115024 0.232217
v -0.011600 0.111968 0.232217
v -0.017450 0.111968 0.241183
v -0.030600 0.111968 0.243383
v -0.041133 0.111968 0.237183
v -0.041133 0.111968 0.227233
v -0.030600 0.111968 0.221033
v -0.017450 0.111968 0.223250
v -0.005167 0.104576 0.232217
v -0.013433 0.104576 0.244900
v -0.032017 0.104576 0.248017
v -0.046933 0.104576 0.239250
v -0.046933 0.104576 0.225183
v -0.032017 0.104576 0.216400
v -0.013433 0.104576 0.219533
v -0.011600 0.097184 0.232217
v -0.017450 0.097184 0.241183
v -0.030600 0.097184 0.243383
v -0.041133 0.097184 0.237183
v -0.041133 0.097184 0.227233
v -0.030600 0.097184 0.221033
v -0.017450 0.097184 0.223250
v -0.027133 0.094128 0.232217
v -0.027133 0.094128 0.232217
v -0.027133 0.094128 0.232217
v -0.027133 0.094128 0.232217
v -0.027133 0.094128 0.232217
v -0.027133 0.094128 0.232217
v -0.027133 0.094128 0.232217
v 0.079950 0.084352 -0.091067
v 0.079950 0.084352 -0.091067
v 0.079950 0.084352 -0.091067
v 0.079950 0.084352 -0.091067
v 0.079950 0.084352 -0.091067
v 0.079950 0.084352 -0.091067
v 0.079950 0.084352 -0.091067
v 0.101133 0.081872 -0.091067
v 0.093167 0.081872 -0.081783
v 0.075250 0.081872 -0.079483
v 0.060883 0.081872 -0.085917
v 0.060883 0.081872 -0.096233
v 0.075250 0.081872 -0.102667
v 0.093167 0.081872 -0.100367
v 0.109917 0.075856 -0.091067
v 0.098633 0.075856 -0.077933
v 0.073300 0.075856 -0.074683
v 0.052967 0.075856 -0.083783
v 0.052967 0.075856 -0.098367
v 0.073300 0.075856 -0.107467
v 0.098633 0.075856 -0.104217
v 0.101133 0.069840 -0.091067
v 0.093167 0.069840 -0.081783
v 0.075250 0.069840 -0.079483
v 0.060883 0.069840 -0.085917
v 0.060883 0.069840 -0.096233
v 0.075250 0.069840 -0.102667
v 0.093167 0.069840 -0.100367
v 0.079950 0.067344 -0.091067
v 0.079950 0.067344 -0.091067
v 0.079950 0.067344 -0.091067
v 0.079950 0.067344 -0.091067
v 0.079950 0.067344 -0.091067
v 0.079950 0.067344 -0.091067
v 0.079950 0.067344 -0.091067
v 0.133333 0.095664 -0.176683
v 0.133333 0.095664 -0.176683
v 0.133333 0.095664 -0.176683
v 0.133333 0.095664 -0.176683
v 0.133333 0.095664 -0.176683
v 0.133333 0.095664 -0.176683
v 0.133333 0.095664 -0.176683
v 0.159167 0.092944 -0.176683
v 0.149433 0.092944 -0.160817
v 0.127583 0.092944 -0.156900
v 0.110050 0.092944 -0.167883
v 0.110050 0.092944 -0.185500
v 0.127583 0.092944 -0.196483
v 0.149433 0.092944 -0.192567
v 0.169867 0.086368 -0.176683
v 0.156100 0.086368 -0.154233
v 0.125200 0.086368 -0.148700
v 0.100417 0.086368 -0.164233
v 0.100417 0.086368 -0.189150
v 0.125200 0.086368 -0.204683
v 0.156100 0.086368 -0.199150
v 0.159167 0.079792 -0.176683
v 0.149433 0.079792 -0.160817
v 0.127583 0.079792 -0.156900
v 0.110050 0.079792 -0.167883
v 0.110050 0.079792 -0.185500
v 0.127583 0.079792 -0.196483
v 0.149433 0.079792 -0.192567
v 0.133333 0.077072 -0.176683
v 0.133333 0.077072 -0.176683
v 0.133333 0.077072 -0.176683
v 0.133333 0.077072 -0.176683
v 0.133333 0.077072 -0.176683
v 0.133333 0.077072 -0.176683
v 0.133333 0.077072 -0.176683
v 0.222317 0.103616 0.102800
v 0.222317 0.103616 0.102800
v 0.222317 0.103616 0.102800
v 0.222317 0.103616 0.102800
v 0.222317 0.103616 0.102800
v 0.222317 0.103616 0.102800
v 0.222317 0.103616 0.102800
v 0.237717 0.100336 0.102800
v 0.231917 0.100336 0.110650
v 0.218883 0.100336 0.112583
v 0.208433 0.100336 0.107150
v 0.208433 0.100336 0.098450
v 0.218883 0.100336 0.093017
v 0.231917 0.100336 0.094950
v 0.244100 0.092416 0.102800
v 0.235900 0.092416 0.113900
v 0.217467 0.092416 0.116633
v 0.202683 0.092416 0.108967
v 0.202683 0.092416 0.096650
v 0.217467 0.092416 0.088967
v 0.235900 0.092416 0.091700
v 0.237717 0.084496 0.102800
v 0.231917 0.084496 0.110650
v 0.218883 0.084496 0.112583
v 0.208433 0.084496 0.107150
v 0.208433 0.084496 0.098450
v 0.218883 0.084496 0.093017
v 0.231917 0.084496 0.094950
v 0.222317 0.081216 0.102800
v 0.222317 0.081216 0.102800
v 0.222317 0.081216 0.102800
v 0.222317 0.081216 0.102800
v 0.222317 0.081216 0.102800
v 0.222317 0.081216 0.102800
v 0.222317 0.081216 0.102800
v 0.162400 0.103232 0.200133
v 0.162400 0.103232 0.200133
v 0.162400 0.103232 0.200133
v 0.162400 0.103232 0.200133
v 0.162400 0.103232 0.200133
v 0.162400 0.103232 0.200133
v 0.162400 0.103232 0.200133
v 0.184900 0.100208 0.200133
v 0.176433 0.100208 0.209967
v 0.157383 0.100208 0.212400
v 0.142117 0.100208 0.205583
v 0.142117 0.100208 0.194683
v 0.157383 0.100208 0.187883
v 0.176433 0.100208 0.190317
v 0.194233 0.092944 0.200133
v 0.182250 0.092944 0.214033
v 0.155317 0.092944 0.217467
v 0.133717 0.092944 0.207850
v 0.133717 0.092944 0.192433
v 0.155317 0.092944 0.182817
v 0.182250 0.092944 0.186233
v 0.184900 0.085680 0.200133
v 0.176433 0.085680 0.209967
v 0.157383 0.085680 0.212400
v 0.142117 0.085680 0.205583
v 0.142117 0.085680 0.194683
v 0.157383 0.085680 0.187883
v 0.176433 0.085680 0.190317
v 0.162400 0.082672 0.200133
v 0.162400 0.082672 0.200133
v 0.162400 0.082672 0.200133
v 0.162400 0.082672 0.200133
v 0.162400 0.082672 0.200133
v 0.162400 0.082672 0.200133
v 0.162400 0.082672 0.200133
v -0.078383 0.101824 -0.160067
v -0.078383 0.101824 -0.160067
v -0.078383 0.101824 -0.160067
v -0.078383 0.101824 -0.160067
v -0.078383 0.101824 -0.160067
v -0.078383 0.101824 -0.160067
v -0.078383 0.101824 -0.160067
v -0.059917 0.098688 -0.160067
v -0.066867 0.098688 -0.153217
v -0.082500 0.098688 -0.151517
v -0.095033 0.098688 -0.156267
v -0.095033 0.098688 -0.163867
v -0.082500 0.098688 -0.168600
v -0.066867 0.098688 -0.166900
v -0.052267 0.091120 -0.160067
v -0.062100 0.091120 -0.150383
v -0.084200 0.091120 -0.147983
v -0.101933 0.091120 -0.154683
v -0.101933 0.091120 -0.165433
v -0.084200 0.091120 -0.172133
v -0.062100 0.091120 -0.169750
v -0.059917 0.083552 -0.160067
v -0.066867 0.083552 -0.153217
v -0.082500 0.083552 -0.151517
v -0.095033 0.083552 -0.156267
v -0.095033 0.083552 -0.163867
v -0.082500 0.083552 -0.168600
v -0.066867 0.083552 -0.166900
v -0.078383 0.080416 -0.160067
v -0.078383 0.080416 -0.160067
v -0.078383 0.080416 -0.160067
v -0.078383 0.080416 -0.160067
v -0.078383 0.080416 -0.160067
v -0.078383 0.080416 -0.160067
v -0.078383 0.080416 -0.160067
v 0.179250 0.103008 -0.202450
v 0.179250 0.103008 -0.202450
v 0.179250 0.103008 -0.202450
v 0.179250 0.103008 -0.202450
v 0.179250 0.103008 -0.202450
v 0.179250 0.103008 -0.202450
v 0.179250 0.103008 -0.202450
v 0.190467 0.100944 -0.202450
v 0.186250 0.100944 -0.196017
v 0.176750 0.100944 -0.194433
v 0.169150 0.100944 -0.198883
v 0.169150 0.100944 -0.206017
v 0.176750 0.100944 -0.210450
v 0.186250 0.100944 -0.208867
v 0.195117 0.095936 -0.202450
v 0.189150 0.095936 -0.193367
v 0.175717 0.095936 -0.191117
v 0.164967 0.095936 -0.197400
v 0.164967 0.095936 -0.207483
v 0.175717 0.095936 -0.213767
v 0.189150 0.095936 -0.211533
v 0.190467 0.090928 -0.202450
v 0.186250 0.090928 -0.196017
v 0.176750 0.090928 -0.194433
v 0.169150 0.090928 -0.198883
v 0.169150 0.090928 -0.206017
v 0.176750 0.090928 -0.210450
v 0.186250 0.090928 -0.208867
v 0.179250 0.088864 -0.202450
v 0.179250 0.088864 -0.202450
v 0.179250 0.088864 -0.202450
v 0.179250 0.088864 -0.202450
v 0.179250 0.088864 -0.202450
v 0.179250 0.088864 -0.202450
v 0.179250 0.088864 -0.202450
v -0.128483 0.110512 0.147817
v -0.128483 0.110512 0.147817
v -0.128483 0.110512 0.147817
v -0.128483 0.110512 0.147817
v -0.128483 0.110512 0.147817
v -0.128483 0.110512 0.147817
v -0.128483 0.110512 0.147817
v -0.118850 0.108832 0.147817
v -0.122483 0.108832 0.153233
v -0.130633 0.108832 0.154567
v -0.137183 0.108832 0.150817
v -0.137183 0.108832 0.144817
v -0.130633 0.108832 0.141067
v -0.122483 0.108832 0.142400
v -0.114850 0.104784 0.147817
v -0.119983 0.104784 0.155483
v -0.131533 0.104784 0.157367
v -0.140783 0.104784 0.152067
v -0.140783 0.104784 0.143567
v -0.131533 0.104784 0.138267
v -0.119983 0.104784 0.140150
v -0.118850 0.100720 0.147817
v -0.122483 0.100720 0.153233
v -0.130633 0.100720 0.154567
v -0.137183 0.100720 0.150817
v -0.137183 0.100720 0.144817
v -0.130633 0.100720 0.141067
v -0.122483 0.100720 0.142400
v -0.128483 0.099040 0.147817
v -0.128483 0.099040 0.147817
v -0.128483 0.099040 0.147817
v -0.128483 0.099040 0.147817
v -0.128483 0.099040 0.147817
v -0.128483 0.099040 0.147817
v -0.128483 0.099040 0.147817
v 0.093917 0.107648 0.146517
v 0.093917 0.107648 0.146517
v 0.093917 0.107648 0.146517
v 0.093917 0.107648 0.146517
v 0.093917 0.107648 0.146517
v 0.093917 0.107648 0.146517
v 0.093917 0.107648 0.146517
v 0.104967 0.105776 0.146517
v 0.100817 0.105776 0.152233
v 0.091467 0.105776 0.153633
v 0.083967 0.105776 0.149683
v 0.083967 0.105776 0.143350
v 0.091467 0.105776 0.139400
v 0.100817 0.105776 0.140817
v 0.109550 0.101232 0.146517
v 0.103667 0.101232 0.154600
v 0.090450 0.101232 0.156583
v 0.079850 0.101232 0.151000
v 0.079850 0.101232 0.142050
v 0.090450 0.101232 0.136467
v 0.103667 0.101232 0.138450
v 0.104967 0.096704 0.146517
v 0.100817 0.096704 0.152233
v 0.091467 0.096704 0.153633
v 0.083967 0.096704 0.149683
v 0.083967 0.096704 0.143350
v 0.091467 0.096704 0.139400
v 0.100817 0.096704 0.140817
v 0.093917 0.094832 0.146517
v 0.093917 0.094832 0.146517
v 0.093917 0.094832 0.146517
v 0.093917 0.094832 0.146517
v 0.093917 0.094832 0.146517
v 0.093917 0.094832 0.146517
v 0.093917 0.094832 0.146517
v -0.193733 0.107872 -0.099200
v -0.193733 0.107872 -0.099200
v -0.193733 0.107872 -0.099200
v -0.193733 0.107872 -0.099200
v -0.193733 0.107872 -0.099200
v -0.193733 0.107872 -0.099200
v -0.193733 0.107872 -0.099200
v -0.170117 0.103248 -0.099200
v -0.179017 0.103248 -0.090033
v -0.199000 0.103248 -0.087767
v -0.215017 0.103248 -0.094100
v -0.215017 0.103248 -0.104283
v -0.199000 0.103248 -0.110633
v -0.179017 0.103248 -0.108367
v -0.160350 0.092112 -0.099200
v -0.172917 0.092112 -0.086233
v -0.201167 0.092112 -0.083017
v -0.223817 0.092112 -0.092000
v -0.223817 0.092112 -0.106400
v -0.201167 0.092112 -0.115367
v -0.172917 0.092112 -0.112167
v -0.170117 0.080976 -0.099200
v -0.179017 0.080976 -0.090033
v -0.199000 0.080976 -0.087767
v -0.215017 0.080976 -0.094100
v -0.215017 0.080976 -0.104283
v -0.199000 0.080976 -0.110633
v -0.179017 0.080976 -0.108367
v -0.193733 0.076352 -0.099200
v -0.193733 0.076352 -0.099200
v -0.193733 0.076352 -0.099200
v -0.193733 0.076352 -0.099200
v -0.193733 0.076352 -0.099200
v -0.193733 0.076352 -0.099200
v -0.193733 0.076352 -0.099200
v 0.190750 0.102320 0.188917
v 0.190750 0.102320 0.188917
v 0.190750 0.102320 0.188917
v 0.190750 0.102320 0.188917
v 0.190750 0.102320 0.188917
v 0.190750 0.102320 0.188917
v 0.190750 0.102320 0.188917
v 0.206700 0.099120 0.188917
v 0.200700 0.099120 0.196400
v 0.187217 0.099120 0.198267
v 0.176400 0.099120 0.193067
v 0.176400 0.099120 0.184750
v 0.187217 0.099120 0.179567
v 0.200700 0.099120 0.181417
v 0.213300 0.091408 0.188917
v 0.204817 0.091408 0.199517
v 0.185750 0.091408 0.202133
v 0.170450 0.091408 0.194800
v 0.170450 0.091408 0.183033
v 0.185750 0.091408 0.175683
v 0.204817 0.091408 0.178317
v 0.206700 0.083696 0.188917
v 0.200700 0.083696 0.196400
v 0.187217 0.083696 0.198267
v 0.176400 0.083696 0.193067
v 0.176400 0.083696 0.184750
v 0.187217 0.083696 0.179567
v 0.200700 0.083696 0.181417
v 0.190750 0.080496 0.188917
v 0.190750 0.080496 0.188917
v 0.190750 0.080496 0.188917
v 0.190750 0.080496 0.188917
v 0.190750 0.080496 0.188917
v 0.190750 0.080496 0.188917
v 0.190750 0.080496 0.188917
v 0.196117 0.104720 -0.111217
v 0.196117 0.104720 -0.111217
v 0.196117 0.104720 -0.111217
v 0.196117 0.104720 -0.111217
v 0.196117 0.104720 -0.111217
v 0.196117 0.104720 -0.111217
v 0.196117 0.104720 -0.111217
v 0.208867 0.101952 -0.111217
v 0.204067 0.101952 -0.102783
v 0.193267 0.101952 -0.100700
v 0.184617 0.101952 -0.106533
v 0.184617 0.101952 -0.115900
v 0.193267 0.101952 -0.121733
v 0.204067 0.101952 -0.119650
v 0.214150 0.095264 -0.111217
v 0.207350 0.095264 -0.099300
v 0.192100 0.095264 -0.096350
v 0.179867 0.095264 -0.104600
v 0.179867 0.095264 -0.117833
v 0.192100 0.095264 -0.126100
v 0.207350 0.095264 -0.123150
v 0.208867 0.088576 -0.111217
v 0.204067 0.088576 -0.102783
v 0.193267 0.088576 -0.100700
v 0.184617 0.088576 -0.106533
v 0.184617 0.088576 -0.115900
v 0.193267 0.088576 -0.121733
v 0.204067 0.088576 -0.119650
v 0.196117 0.085808 -0.111217
v 0.196117 0.085808 -0.111217
v 0.196117 0.085808 -0.111217
v 0.196117 0.085808 -0.111217
v 0.196117 0.085808 -0.111217
v 0.196117 0.085808 -0.111217
v 0.196117 0.085808 -0.111217
v 0.193633 0.094336 -0.122717
v 0.193633 0.094336 -0.122717
v 0.193633 0.094336 -0.122717
v 0.193633 0.094336 -0.122717
v 0.193633 0.094336 -0.122717
v 0.193633 0.094336 -0.122717
v 0.193633 0.094336 -0.122717
v 0.204000 0.092704 -0.122717
v 0.200100 0.092704 -0.116700
v 0.191333 0.092704 -0.115217
v 0.184300 0.092704 -0.119383
v 0.184300 0.092704 -0.126050
v 0.191333 0.092704 -0.130217
v 0.200100 0.092704 -0.128733
v 0.208300 0.088736 -0.122717
v 0.202767 0.088736 -0.114217
v 0.190367 0.088736 -0.112100
v 0.180433 0.088736 -0.118000
v 0.180433 0.088736 -0.127433
v 0.190367 0.088736 -0.133317
v 0.202767 0.088736 -0.131217
v 0.204000 0.084784 -0.122717
v 0.200100 0.084784 -0.116700
v 0.191333 0.084784 -0.115217
v 0.184300 0.084784 -0.119383
v 0.184300 0.084784 -0.126050
v 0.191333 0.084784 -0.130217
v 0.200100 0.084784 -0.128733
v 0.193633 0.083136 -0.122717
v 0.193633 0.083136 -0.122717
v 0.193633 0.083136 -0.122717
v 0.193633 0.083136 -0.122717
v 0.193633 0.083136 -0.122717
v 0.193633 0.083136 -0.122717
v 0.193633 0.083136 -0.122717
v -0.223667 0.110288 0.102100
v -0.223667 0.110288 0.102100
v -0.223667 0.110288 0.102100
v -0.223667 0.110288 0.102100
v -0.223667 0.110288 0.102100
v -0.223667 0.110288 0.102100
v -0.223667 0.110288 0.102100
v -0.205950 0.105872 0.102100
v -0.212617 0.105872 0.114833
v -0.227617 0.105872 0.117983
v -0.239650 0.105872 0.109167
v -0.239650 0.105872 0.095050
v -0.227617 0.105872 0.086233
v -0.212617 0.105872 0.089383
v -0.198600 0.095200 0.102100
v -0.208050 0.095200 0.120117
v -0.229250 0.095200 0.124550
v -0.246267 0.095200 0.112100
v -0.246267 0.095200 0.092117
v -0.229250 0.095200 0.079650
v -0.208050 0.095200 0.084100
v -0.205950 0.084544 0.102100
v -0.212617 0.084544 0.114833
v -0.227617 0.084544 0.117983
v -0.239650 0.084544 0.109167
v -0.239650 0.084544 0.095050
v -0.227617 0.084544 0.086233
v -0.212617 0.084544 0.089383
v -0.223667 0.080112 0.102100
v -0.223667 0.080112 0.102100
v -0.223667 0.080112 0.102100
v -0.223667 0.080112 0.102100
v -0.223667 0.080112 0.102100
v -0.223667 0.080112 0.102100
v -0.223667 0.080112 0.102100
v 0.198750 0.109104 0.171033
v 0.198750 0.109104 0.171033
v 0.198750 0.109104 0.171033
v 0.198750 0.109104 0.171033
v 0.198750 0.109104 0.171033
v 0.198750 0.109104 0.171033
v 0.198750 0.109104 0.171033
v 0.217150 0.106528 0.171033
v 0.210217 0.106528 0.179883
v 0.194667 0.106528 0.182067
v 0.182183 0.106528 0.175950
v 0.182183 0.106528 0.166117
v 0.194667 0.106528 0.159983
v 0.210217 0.106528 0.162183
v 0.224767 0.100288 0.171033
v 0.214967 0.100288 0.183550
v 0.192967 0.100288 0.186650
v 0.175333 0.100288 0.177983
v 0.175333 0.100288 0.164083
v 0.192967 0.100288 0.155417
v 0.214967 0.100288 0.158517
v 0.217150 0.094048 0.171033
v 0.210217 0.094048 0.179883
v 0.194667 0.094048 0.182067
v 0.182183 0.094048 0.175950
v 0.182183 0.094048 0.166117
v 0.194667 0.094048 0.159983
v 0.210217 0.094048 0.162183
v 0.198750 0.091456 0.171033
v 0.198750 0.091456 0.171033
v 0.198750 0.091456 0.171033
v 0.198750 0.091456 0.171033
v 0.198750 0.091456 0.171033
v 0.198750 0.091456 0.171033
v 0.198750 0.091456 0.171033
v -0.140617 0.111904 -0.179500
v -0.140617 0.111904 -0.179500
v -0.140617 0.111904 -0.179500
v -0.140617 0.111904 -0.179500
v -0.140617 0.111904 -0.179500
v -0.140617 0.111904 -0.179500
v -0.140617 0.111904 -0.179500
v -0.114867 0.108336 -0.179500
v -0.124550 0.108336 -0.166217
v -0.146350 0.108336 -0.162933
v -0.163817 0.108336 -0.172133
v -0.163817 0.108336 -0.186867
v -0.146350 0.108336 -0.196067
v -0.124550 0.108336 -0.192783
v -0.104183 0.099728 -0.179500
v -0.117900 0.099728 -0.160717
v -0.148717 0.099728 -0.156083
v -0.173433 0.099728 -0.169083
v -0.173433 0.099728 -0.189933
v -0.148717 0.099728 -0.202933
v -0.117900 0.099728 -0.198283
v -0.114867 0.091120 -0.179500
v -0.124550 0.091120 -0.166217
v -0.146350 0.091120 -0.162933
v -0.163817 0.091120 -0.172133
v -0.163817 0.091120 -0.186867
v -0.146350 0.091120 -0.196067
v -0.124550 0.091120 -0.192783
v -0.140617 0.087568 -0.179500
v -0.140617 0.087568 -0.179500
v -0.140617 0.087568 -0.179500
v -0.140617 0.087568 -0.179500
v -0.140617 0.087568 -0.179500
v -0.140617 0.087568 -0.179500
v -0.140617 0.087568 -0.179500
v -0.074583 0.048368 -0.098000
v -0.065417 0.048368 -0.098000
v -0.076117 0.032960 -0.084667
v -0.066950 0.032960 -0.084667
v -0.077567 0.027584 -0.071317
v -0.068400 0.027584 -0.071317
v -0.078883 0.027584 -0.057983
v -0.069717 0.027584 -0.057983
v -0.079967 0.013056 -0.044633
v -0.070800 0.013056 -0.044633
v -0.080783 0.003392 -0.031300
v -0.071617 0.003392 -0.031300
v -0.081300 -0.004464 -0.017950
v -0.072133 -0.004464 -0.017950
v -0.081467 -0.008784 -0.004600
v -0.072300 -0.008784 -0.004600
v -0.081300 -0.006496 0.008733
v -0.072133 -0.006496 0.008733
v -0.080783 -0.004336 0.022083
v -0.071617 -0.004336 0.022083
v -0.079967 0.000544 0.035417
v -0.070800 0.000544 0.035417
v -0.078883 0.007440 0.048767
v -0.069717 0.007440 0.048767
v -0.077567 0.015888 0.062100
v -0.068400 0.015888 0.062100
v -0.076117 0.020896 0.075450
v -0.066950 0.020896 0.075450
v -0.074583 0.034336 0.088783
v -0.065417 0.034336 0.088783
v -0.041250 0.040336 -0.096600
v -0.032083 0.040336 -0.096600
v -0.035750 0.026560 -0.083750
v -0.026583 0.026560 -0.083750
v -0.030533 0.008000 -0.070900
v -0.021367 0.008000 -0.070900
v -0.025833 0.008000 -0.058050
v -0.016667 0.008000 -0.058050
v -0.021917 -0.006704 -0.045200
v -0.012750 -0.006704 -0.045200
v -0.018983 -0.023232 -0.032350
v -0.009817 -0.023232 -0.032350
v -0.017150 -0.031472 -0.019500
v -0.007983 -0.031472 -0.019500
v -0.016533 -0.036000 -0.006633
v -0.007367 -0.036000 -0.006633
v -0.017150 -0.035152 0.006217
v -0.007983 -0.035152 0.006217
v -0.018983 -0.032688 0.019067
v -0.009817 -0.032688 0.019067
v -0.021917 -0.026096 0.031917
v -0.012750 -0.026096 0.031917
v -0.025833 -0.018592 0.044767
v -0.016667 -0.018592 0.044767
v -0.030533 -0.018592 0.057617
v -0.021367 -0.018592 0.057617
v -0.035750 -0.005936 0.070467
v -0.026583 -0.005936 0.070467
v -0.041250 0.008384 0.083317
v -0.032083 0.008384 0.083317
v -0.004583 0.035632 -0.095650
v 0.004583 0.035632 -0.095650
v -0.007183 0.020736 -0.083883
v 0.001983 0.020736 -0.083883
v -0.009650 0.005248 -0.072117
v -0.000483 0.005248 -0.072117
v -0.011867 0.005248 -0.060350
v -0.002700 0.005248 -0.060350
v -0.013700 -0.010368 -0.048583
v -0.004533 -0.010368 -0.048583
v -0.015100 -0.023232 -0.036833
v -0.005933 -0.023232 -0.036833
v -0.015967 -0.031472 -0.025067
v -0.006800 -0.031472 -0.025067
v -0.016250 -0.036000 -0.013300
v -0.007083 -0.036000 -0.013300
v -0.015967 -0.036000 -0.001533
v -0.006800 -0.036000 -0.001533
v -0.015100 -0.035152 0.010233
v -0.005933 -0.035152 0.010233
v -0.013700 -0.032688 0.022000
v -0.004533 -0.032688 0.022000
v -0.011867 -0.027712 0.033750
v -0.002700 -0.027712 0.033750
v -0.009650 -0.023008 0.045517
v -0.000483 -0.023008 0.045517
v -0.007183 -0.023008 0.057283
v 0.001983 -0.023008 0.057283
v -0.004583 -0.010672 0.069050
v 0.004583 -0.010672 0.069050
v 0.032083 0.040368 -0.092650
v 0.041250 0.040368 -0.092650
v 0.036833 0.022448 -0.079817
v 0.046000 0.022448 -0.079817
v 0.041350 0.009376 -0.066983
v 0.050517 0.009376 -0.066983
v 0.045400 -0.002864 -0.054167
v 0.054567 -0.002864 -0.054167
v 0.048783 -0.014352 -0.041333
v 0.057950 -0.014352 -0.041333
v 0.051317 -0.019824 -0.028517
v 0.060483 -0.019824 -0.028517
v 0.052900 -0.019824 -0.015683
v 0.062067 -0.019824 -0.015683
v 0.053433 -0.017696 -0.002850
v 0.062600 -0.017696 -0.002850
v 0.052900 -0.023568 0.009967
v 0.062067 -0.023568 0.009967
v 0.051317 -0.018528 0.022800
v 0.060483 -0.018528 0.022800
v 0.048783 -0.011936 0.035633
v 0.057950 -0.011936 0.035633
v 0.045400 -0.005408 0.048450
v 0.054567 -0.005408 0.048450
v 0.041350 0.005904 0.061283
v 0.050517 0.005904 0.061283
v 0.036833 0.011456 0.074100
v 0.046000 0.011456 0.074100
v 0.032083 0.011456 0.086933
v 0.041250 0.011456 0.086933
v 0.065417 0.049424 -0.093267
v 0.074583 0.049424 -0.093267
v 0.068583 0.036880 -0.079233
v 0.077750 0.036880 -0.079233
v 0.071600 0.020768 -0.065200
v 0.080750 0.020768 -0.065200
v 0.074283 0.007232 -0.051167
v 0.083450 0.007232 -0.051167
v 0.076550 0.000144 -0.037133
v 0.085717 0.000144 -0.037133
v 0.078233 -0.005296 -0.023100
v 0.087400 -0.005296 -0.023100
v 0.079283 -0.008112 -0.009083
v 0.088450 -0.008112 -0.009083
v 0.079650 -0.007280 0.004950
v 0.088817 -0.007280 0.004950
v 0.079283 -0.001872 0.018983
v 0.088450 -0.001872 0.018983
v 0.078233 0.005136 0.033017
v 0.087400 0.005136 0.033017
v 0.076550 0.013424 0.047050
v 0.085717 0.013424 0.047050
v 0.074283 0.023792 0.061083
v 0.083450 0.023792 0.061083
v 0.071600 0.034048 0.075117
v 0.080750 0.034048 0.075117
v 0.068583 0.057072 0.089150
v 0.077750 0.057072 0.089150
v 0.065417 0.090768 0.103183
v 0.074583 0.090768 0.103183
v -0.095467 0.018176 0.054200
v -0.092467 0.018176 0.054200
v -0.011300 0.019776 0.050450
v -0.008300 0.019776 0.050450
v -0.052017 -0.016512 0.037117
v -0.049017 -0.016512 0.037117
v -0.017750 -0.014912 0.070967
v -0.014750 -0.014912 0.070967
v -0.021900 -0.019600 -0.033850
v -0.018900 -0.019600 -0.033850
v 0.041500 -0.018000 -0.032017
v 0.044500 -0.018000 -0.032017
v -0.024133 -0.025776 0.030867
v -0.021133 -0.025776 0.030867
v 0.018233 -0.024176 0.089800
v 0.021233 -0.024176 0.089800
v 0.045133 -0.005088 0.046683
v 0.048133 -0.005088 0.046683
v 0.111750 -0.003488 0.006717
v 0.114750 -0.003488 0.006717
v 0.027033 -0.021344 -0.031383
v 0.030033 -0.021344 -0.031383
v 0.062033 -0.019744 0.010200
v 0.065033 -0.019744 0.010200
v -0.001833 -0.031152 -0.025183
v 0.001167 -0.031152 -0.025183
v 0.073267 -0.029552 -0.048733
v 0.076267 -0.029552 -0.048733
v -0.109283 0.014224 -0.022483
v -0.106283 0.014224 -0.022483
v -0.062800 0.015824 -0.094100
v -0.059800 0.015824 -0.094100
vn -0.0888 0.9940 0.0636
vn -0.1420 0.9898 0.0098
vn -0.0474 0.9988 0.0099
vn 0.0743 0.9886 0.1309
vn 0.0601 0.9896 0.1310
vn -0.0704 0.9975 0.0011
vn 0.0077 1.0000 0.0011
vn -0.0254 0.9992 -0.0320
vn -0.0627 0.9975 -0.0319
vn -0.0507 0.9985 -0.0198
vn 0.0375 0.9991 -0.0198
vn 0.1204 0.9907 0.0634
vn -0.0594 0.9962 0.0638
vn -0.0407 0.9958 0.0824
vn 0.0692 0.9942 0.0823
vn 0.0876 0.9911 0.1006
vn 0.0744 0.9921 0.1007
vn 0.0396 0.9970 0.0660
vn 0.0725 0.9952 0.0659
vn 0.0243 0.9995 0.0176
vn 0.0496 0.9986 0.0176
vn -0.0243 0.9981 -0.0562
vn 0.1535 0.9866 -0.0555
vn 0.1406 0.9877 -0.0687
vn 0.0055 0.9976 -0.0693
vn -0.0329 0.9937 -0.1075
vn 0.0950 0.9897 -0.1070
vn 0.1780 0.9838 -0.0228
vn -0.0989 0.9948 -0.0231
vn -0.1032 0.9943 -0.0274
vn 0.1643 0.9860 -0.0272
vn 0.1126 0.9904 -0.0798
vn -0.1341 0.9878 -0.0796
vn 0.0297 0.9960 0.0846
vn 0.1116 0.9902 0.0841
vn -0.1141 0.9834 -0.1411
vn -0.1395 0.9802 -0.1406
vn -0.0594 0.9964 -0.0605
vn 0.0132 0.9981 -0.0606
vn 0.1162 0.9923 0.0427
vn -0.0704 0.9966 0.0429
vn -0.0988 0.9950 0.0143
vn -0.1411 0.9899 0.0142
vn -0.1454 0.9893 0.0098
vn 0.0781 0.9969 0.0099
vn 0.0154 0.9985 -0.0529
vn -0.0725 0.9960 -0.0528
vn -0.0408 0.9989 -0.0209
vn -0.2043 0.9787 -0.0205
vn -0.0109 0.9847 0.1739
vn 0.0239 0.9845 0.1738
vn -0.0471 0.9934 0.1041
vn 0.0406 0.9937 0.1042
vn -0.1311 0.9891 -0.0677
vn -0.1724 0.9827 -0.0672
vn -0.0792 0.9965 0.0275
vn 0.0077 0.9996 0.0276
vn -0.0022 0.9998 0.0177
vn 0.1633 0.9864 0.0174
vn 0.1020 0.9938 -0.0450
vn -0.0210 0.9988 -0.0452
vn 0.1147 0.9893 0.0906
vn 0.0973 0.9911 0.0908
vn -0.0099 0.9998 -0.0165
vn 0.0276 0.9995 -0.0165
vn -0.0297 0.9968 -0.0737
vn 0.0099 0.9972 -0.0737
vn 0.0496 0.9982 -0.0341
vn 0.1462 0.9887 -0.0338
vn 0.0941 0.9918 -0.0865
vn -0.0286 0.9958 -0.0868
vn 0.1289 0.9891 0.0709
vn 0.1692 0.9831 0.0705
vn -0.0000 0.9950 -0.0999
vn 0.0263 0.9947 -0.0999
vn 0.0516 0.9959 -0.0747
vn -0.0791 0.9941 -0.0746
vn 0.0044 1.0000 0.0088
vn 0.0901 0.9959 0.0088
vn 0.0792 0.9969 -0.0022
vn -0.0022 1.0000 -0.0022
vn -0.1187 0.9858 -0.1186
vn -0.0481 0.9917 -0.1193
vn -0.0055 0.9970 -0.0770
vn -0.0121 0.9970 -0.0770
vn 0.0989 0.9945 0.0340
vn -0.0309 0.9989 0.0342
vn -0.0650 0.9979 -0.0000
vn 0.0044 1.0000 -0.0000
vn -0.1510 0.9763 -0.1551
vn -0.1822 0.9711 -0.1543
vn 0.0462 0.9961 0.0747
vn -0.1094 0.9912 0.0744
vn -0.1749 0.9846 0.0076
vn -0.0661 0.9978 0.0077
vn 0.0165 0.9958 0.0901
vn -0.0033 0.9959 0.0901
vn -0.0836 0.9965 0.0099
vn 0.0055 0.9999 0.0099
vn -0.0452 0.9981 -0.0408
vn -0.0353 0.9985 -0.0408
vn 0.0561 0.9971 0.0506
vn -0.0759 0.9958 0.0505
vn -0.0297 0.9949 0.0966
vn 0.0011 0.9953 0.0966
vn 0.0044 0.9950 0.0999
vn 0.1145 0.9884 0.0993
vn -0.0604 0.9953 -0.0758
vn 0.0110 0.9971 -0.0759
vn 0.0276 0.9979 -0.0595
vn 0.0231 0.9980 -0.0595
vn 0.1396 0.9885 0.0578
vn 0.0320 0.9978 0.0584
vn -0.0814 0.9952 -0.0549
vn 0.0121 0.9984 -0.0551
vn 0.1384 0.9878 0.0719
vn 0.1203 0.9901 0.0721
vn 0.0912 0.9949 0.0428
vn 0.1472 0.9882 0.0425
vn 0.0242 0.9964 -0.0814
vn -0.0811 0.9934 -0.0811
vn -0.0430 0.9982 -0.0430
vn 0.1173 0.9922 -0.0427
vn 0.0198 0.9989 -0.0430
vn 0.0716 0.9965 -0.0429
vn -0.0339 0.9885 -0.1473
vn -0.0338 0.9885 -0.1473
vn -0.0066 0.9927 -0.1205
vn -0.0088 0.9927 -0.1205
vn 0.0220 0.9957 -0.0901
vn -0.0984 0.9911 -0.0897
vn 0.0320 0.9987 0.0408
vn 0.0716 0.9966 0.0407
vn -0.0712 0.9922 -0.1018
vn -0.1338 0.9858 -0.1012
vn -0.1051 0.9918 -0.0722
vn -0.1414 0.9857 -0.0915
vn -0.0055 0.9990 0.0452
vn 0.0748 0.9962 0.0451
vn 0.0055 0.9997 -0.0243
vn -0.0704 0.9972 -0.0242
vn -0.0276 0.9994 0.0188
vn -0.0254 0.9995 0.0188
vn -0.0760 0.9966 -0.0319
vn -0.0507 0.9982 -0.0320
vn 0.0319 0.9982 0.0507
vn 0.1205 0.9914 0.0504
vn 0.1097 0.9932 0.0395
vn -0.0408 0.9984 0.0397
vn -0.0955 0.9953 -0.0154
vn 0.0880 0.9960 -0.0154
vn 0.0033 0.9950 -0.1000
vn 0.0395 0.9942 -0.0999
vn 0.0626 0.9951 -0.0769
vn 0.0242 0.9967 -0.0771
vn 0.0308 0.9970 -0.0705
vn -0.0242 0.9972 -0.0705
vn 0.0485 0.9988 0.0022
vn 0.1409 0.9900 0.0022
vn 0.1140 0.9932 -0.0252
vn -0.0331 0.9991 -0.0254
vn -0.0011 1.0000 0.0066
vn 0.1781 0.9840 0.0065
vn 0.1062 0.9921 -0.0669
vn -0.1031 0.9924 -0.0669
vn 0.0734 0.9913 0.1095
vn 0.1123 0.9877 0.1091
vn -0.0331 0.9988 -0.0364
vn 0.0298 0.9989 -0.0364
vn 0.0066 0.9982 -0.0595
vn -0.1150 0.9916 -0.0592
vn -0.1225 0.9902 -0.0667
vn -0.0593 0.9960 -0.0671
vn 0.0177 0.9998 0.0099
vn 0.1163 0.9932 0.0099
vn -0.0099 0.9932 -0.1163
vn -0.0982 0.9884 -0.1157
vn -0.0582 0.9954 -0.0759
vn -0.1450 0.9866 -0.0752
vn 0.0384 0.9933 0.1086
vn 0.0154 0.9940 0.1087
vn -0.1215 0.9922 -0.0285
vn -0.0408 0.9988 -0.0287
vn -0.0779 0.9948 -0.0659
vn -0.0110 0.9977 -0.0661
vn 0.0099 0.9989 -0.0452
vn -0.0473 0.9979 -0.0452
vn -0.0088 0.9999 -0.0066
vn -0.1314 0.9913 -0.0066
vn -0.0528 0.9960 0.0726
vn -0.0790 0.9942 0.0725
vn 0.0011 0.9884 0.1518
vn -0.0022 0.9884 0.1518
vn -0.0626 0.9938 0.0922
vn 0.1017 0.9906 0.0919
vn 0.1081 0.9893 0.0984
vn 0.1147 0.9885 0.0983
vn 0.0342 0.9993 0.0177
vn -0.0099 0.9998 0.0177
vn -0.0033 0.9997 0.0243
vn -0.0298 0.9993 0.0243
vn -0.0243 0.9993 0.0298
vn 0.0496 0.9983 0.0298
vn 0.0375 0.9991 0.0177
vn 0.0945 0.9954 0.0176
vn 0.0683 0.9976 -0.0088
vn 0.1293 0.9916 -0.0088
vn 0.0011 0.9906 -0.1368
vn -0.0000 0.9906 -0.1368
vn 0.1420 0.9899 0.0055
vn 0.0518 0.9986 0.0055
vn 0.0954 0.9942 0.0494
vn 0.0044 0.9988 0.0497
vn -0.0562 0.9984 -0.0110
vn 0.0792 0.9968 -0.0110
vn 0.0220 0.9974 -0.0683
vn -0.1193 0.9905 -0.0678
vn 0.0461 0.9941 0.0977
vn -0.0055 0.9952 0.0978
vn -0.0988 0.9951 0.0044
vn 0.0989 0.9951 0.0044
vn 0.0331 0.9975 -0.0617
vn -0.0648 0.9960 -0.0616
vn -0.0177 0.9997 -0.0144
vn -0.1528 0.9882 -0.0142
vn -0.0583 0.9950 0.0813
vn 0.0461 0.9956 0.0814
vn -0.1547 0.9806 -0.1202
vn -0.1737 0.9775 -0.1199
vn 0.1124 0.9796 0.1667
vn 0.0163 0.9857 0.1677
vn -0.1108 0.9930 0.0417
vn -0.0835 0.9956 0.0418
vn -0.0296 0.9950 0.0956
vn -0.0450 0.9944 0.0956
vn -0.0219 0.9927 0.1184
vn 0.0558 0.9914 0.1183
vn -0.0672 0.9977 -0.0044
vn -0.0298 0.9995 -0.0044
vn 0.0232 0.9986 0.0485
vn 0.0044 0.9988 0.0485
vn -0.1223 0.9894 -0.0787
vn -0.0604 0.9950 -0.0791
vn 0.0856 0.9941 0.0670
vn 0.0275 0.9974 0.0672
vn -0.0110 0.9995 0.0287
vn 0.1398 0.9898 0.0284
vn 0.1291 0.9915 0.0175
vn -0.0815 0.9965 0.0176
vn -0.0099 0.9960 0.0891
vn 0.1382 0.9865 0.0883
vn 0.0232 0.9994 -0.0276
vn 0.0913 0.9954 -0.0275
vn 0.0088 0.9939 -0.1098
vn 0.0241 0.9937 -0.1098
vn 0.1526 0.9881 0.0196
vn -0.0430 0.9989 0.0199
vn 0.0066 0.9976 0.0694
vn 0.1171 0.9907 0.0690
vn -0.0330 0.9961 -0.0814
vn 0.0198 0.9965 -0.0815
vn -0.0341 0.9969 -0.0705
vn 0.1202 0.9892 0.0841
vn -0.0066 0.9964 0.0848
vn -0.0540 0.9978 0.0375
vn 0.0221 0.9991 0.0375
vn -0.0507 0.9981 -0.0353
vn 0.0320 0.9989 -0.0353
vn 0.0408 0.9988 -0.0265
vn -0.0716 0.9971 -0.0264
vn -0.0836 0.9958 -0.0385
vn -0.1053 0.9937 -0.0384
vn -0.0419 0.9988 0.0254
vn -0.0055 0.9999 -0.0132
vn 0.0419 0.9985 0.0342
vn 0.0055 0.9994 0.0342
vn -0.0496 0.9985 -0.0209
vn -0.0276 0.9994 -0.0210
vn 0.0407 0.9980 0.0474
vn -0.0759 0.9960 0.0473
vn 0.0319 0.9984 0.0474
vn 0.0724 0.9935 0.0877
vn 0.1094 0.9901 0.0874
vn -0.0199 0.9989 -0.0419
vn -0.0955 0.9946 -0.0417
vn 0.0439 0.9943 0.0976
vn 0.0033 0.9952 0.0977
vn 0.0372 0.9907 0.1312
vn 0.0622 0.9894 0.1310
vn 0.0633 0.9892 0.1321
vn 0.0306 0.9907 0.1323
vn 0.0208 0.9922 0.1226
vn 0.0482 0.9913 0.1225
vn -0.0176 0.9982 0.0573
vn 0.1138 0.9919 0.0569
vn 0.0879 0.9957 0.0308
vn -0.0011 0.9995 0.0309
vn 0.0691 0.9925 0.1008
vn 0.1059 0.9893 0.1004
vn -0.1058 0.9882 -0.1112
vn 0.0734 0.9910 -0.1115
vn 0.1095 0.9911 -0.0755
vn -0.0330 0.9966 -0.0759
vn -0.1042 0.9837 -0.1465
vn 0.0065 0.9891 -0.1473
vn 0.0581 0.9936 -0.0965
vn -0.1222 0.9879 -0.0959
vn 0.0276 0.9982 0.0540
vn 0.0176 0.9984 0.0540
vn -0.1051 0.9921 -0.0690
vn -0.0099 0.9975 -0.0693
vn -0.0319 0.9953 -0.0912
vn -0.0581 0.9941 -0.0911
vn 0.0682 0.9970 0.0352
vn 0.0386 0.9986 0.0353
vn -0.0022 1.0000 -0.0055
vn -0.1216 0.9926 -0.0055
vn -0.1280 0.9917 -0.0120
vn -0.0781 0.9969 -0.0121
vn -0.0726 0.9973 -0.0066
vn 0.0099 0.9999 -0.0066
vn 0.0077 0.9999 -0.0088
vn -0.0088 0.9999 -0.0088
vn -0.0572 0.9967 -0.0572
vn -0.0529 0.9970 -0.0572
vn 0.0463 0.9981 0.0418
vn 0.0011 0.9991 0.0419
vn -0.0463 0.9989 -0.0055
vn -0.0628 0.9980 -0.0055
vn 0.0624 0.9909 0.1192
vn 0.1078 0.9871 0.1187
vn -0.0154 0.9999 -0.0044
vn 0.0342 0.9994 -0.0044
vn 0.0243 0.9996 -0.0143
vn -0.0033 0.9999 -0.0143
vn 0.0265 0.9995 0.0154
vn -0.0243 0.9996 0.0154
vn 0.0308 0.9970 0.0704
vn 0.0374 0.9968 0.0704
vn -0.0353 0.9994 -0.0022
vn 0.0683 0.9977 -0.0022
vn 0.1490 0.9856 0.0794
vn 0.0011 0.9968 0.0803
vn 0.0307 0.9935 0.1096
vn 0.1412 0.9840 0.1086
vn 0.0243 0.9997 -0.0088
vn 0.0956 0.9954 -0.0088
vn -0.0968 0.9752 -0.1991
vn -0.0551 0.9783 -0.1997
vn 0.0988 0.9939 -0.0483
vn 0.0220 0.9986 -0.0485
vn 0.0923 0.9955 0.0220
vn 0.0463 0.9987 0.0220
vn -0.1351 0.9781 -0.1586
vn -0.0976 0.9824 -0.1593
vn -0.0165 0.9967 -0.0792
vn 0.0330 0.9963 -0.0792
vn -0.0099 0.9925 -0.1216
vn -0.0175 0.9924 -0.1216
vn 0.0550 0.9973 -0.0495
vn -0.0584 0.9971 -0.0495
vn -0.0985 0.9911 -0.0897
vn -0.1552 0.9839 -0.0890
vn 0.0384 0.9937 0.1053
vn 0.1134 0.9880 0.1047
vn -0.0088 0.9998 -0.0177
vn -0.1109 0.9937 -0.0175
vn -0.1631 0.9841 -0.0706
vn -0.0297 0.9970 -0.0715
vn -0.0275 0.9972 -0.0693
vn -0.0220 0.9974 -0.0693
vn 0.0814 0.9961 0.0341
vn -0.0671 0.9972 0.0341
vn -0.1365 0.9900 -0.0360
vn 0.0232 0.9991 -0.0364
vn 0.1396 0.9869 0.0806
vn -0.1223 0.9892 0.0808
vn -0.0501 0.9870 0.1525
vn 0.0848 0.9847 0.1521
vn 0.0601 0.9900 0.1278
vn -0.0110 0.9917 0.1280
vn -0.0088 0.9915 0.1302
vn 0.1280 0.9833 0.1291
vn 0.0276 0.9992 0.0287
vn -0.0099 0.9995 0.0287
vn -0.0639 0.9976 -0.0253
vn 0.0232 0.9994 -0.0254
vn 0.1095 0.9921 0.0613
vn 0.0088 0.9981 0.0617
vn 0.0570 0.9924 0.1095
vn 0.1518 0.9825 0.1084
vn 0.0386 0.9992 -0.0055
vn 0.0066 1.0000 -0.0055
vn 0.0110 0.9999 -0.0011
vn -0.0331 0.9995 -0.0011
vn -0.0694 0.9969 -0.0374
vn 0.0309 0.9988 -0.0375
vn 0.0650 0.9979 -0.0033
vn 0.1206 0.9927 -0.0033
vn 0.1000 0.9947 -0.0241
vn -0.0540 0.9982 -0.0242
vn -0.1018 0.9922 -0.0723
vn -0.0506 0.9961 -0.0725
vn 0.0177 0.9998 -0.0044
vn 0.0408 0.9992 -0.0044
vn -0.0022 0.9989 -0.0474
vn -0.0836 0.9954 -0.0472
vn -0.0408 0.9992 -0.0044
vn -0.0419 0.9991 -0.0044
vn -0.0540 0.9984 -0.0165
vn 0.0418 0.9977 0.0529
vn 0.0309 0.9986 0.0419
vn -0.0496 0.9979 0.0419
vn -0.0397 0.9979 0.0518
vn 0.0407 0.9978 0.0518
vn 0.0187 0.9994 0.0298
vn -0.0760 0.9967 0.0297
vn -0.0352 0.9969 0.0705
vn 0.0725 0.9949 0.0703
vn 0.0441 0.9981 0.0419
vn -0.0199 0.9989 0.0419
vn 0.0022 0.9980 0.0639
vn 0.0440 0.9970 0.0639
vn -0.0055 0.9999 0.0144
vn 0.0375 0.9992 0.0143
vn -0.0177 0.9990 -0.0408
vn 0.0638 0.9971 -0.0408
vn 0.0988 0.9951 -0.0055
vn 0.0210 0.9998 -0.0055
vn -0.0895 0.9892 -0.1158
vn -0.0176 0.9931 -0.1163
vn 0.1000 0.9950 0.0011
vn 0.0879 0.9961 0.0011
vn -0.0405 0.9911 -0.1270
vn 0.0689 0.9895 -0.1268
vn 0.0502 0.9881 -0.1452
vn -0.1053 0.9839 -0.1446
vn -0.0308 0.9970 -0.0705
vn 0.1095 0.9915 -0.0701
vn 0.0602 0.9910 -0.1193
vn -0.1046 0.9874 -0.1189
vn 0.0507 0.9981 0.0364
vn 0.0583 0.9976 0.0364
vn 0.0033 0.9998 -0.0188
vn 0.0276 0.9994 -0.0188
vn -0.0418 0.9952 -0.0880
vn -0.1049 0.9906 -0.0875
vn -0.0386 0.9990 -0.0210
vn -0.0320 0.9993 -0.0210
vn 0.0682 0.9974 -0.0209
vn 0.1032 0.9946 0.0143
vn -0.0022 0.9999 0.0144
vn -0.0122 0.9999 0.0044
vn -0.1280 0.9918 0.0044
vn -0.0318 0.9944 0.1011
vn -0.0723 0.9923 0.1008
vn -0.0196 0.9881 0.1528
vn 0.0076 0.9882 0.1528
vn -0.0153 0.9914 0.1303
vn -0.0568 0.9899 0.1301
vn -0.0087 0.9841 0.1772
vn 0.0456 0.9831 0.1770
vn -0.0550 0.9954 0.0781
vn -0.0462 0.9959 0.0781
vn 0.0175 0.9898 0.1411
vn 0.0622 0.9881 0.1408
vn -0.1000 0.9948 -0.0209
vn -0.0154 0.9997 -0.0210
vn 0.0188 0.9997 0.0133
vn 0.0243 0.9996 0.0133
vn -0.0496 0.9969 -0.0606
vn 0.0264 0.9978 -0.0606
vn 0.0187 0.9975 -0.0683
vn 0.0308 0.9972 -0.0683
vn 0.0583 0.9975 -0.0408
vn -0.0121 0.9998 -0.0177
vn 0.1495 0.9886 -0.0175
vn 0.1843 0.9827 0.0185
vn 0.0309 0.9993 0.0188
vn -0.0121 0.9996 -0.0243
vn 0.0243 0.9994 -0.0243
vn -0.1009 0.9837 -0.1489
vn -0.0977 0.9840 -0.1489
vn 0.0966 0.9943 0.0450
vn 0.0988 0.9941 0.0450
vn 0.0595 0.9982 0.0055
vn 0.0923 0.9957 0.0055
vn -0.0887 0.9807 -0.1744
vn -0.1347 0.9756 -0.1735
vn 0.0595 0.9980 0.0198
vn -0.0165 0.9997 0.0199
vn -0.0276 0.9996 0.0088
vn -0.0099 0.9999 0.0088
vn 0.0276 0.9985 0.0463
vn 0.0550 0.9974 0.0463
vn -0.0033 0.9999 -0.0122
vn -0.0989 0.9950 -0.0121
vn 0.0055 0.9957 0.0924
vn 0.0384 0.9950 0.0923
vn -0.1138 0.9917 -0.0603
vn -0.0088 0.9981 -0.0606
vn -0.0850 0.9870 -0.1363
vn -0.1620 0.9775 -0.1350
vn -0.0287 0.9996 -0.0011
vn -0.0276 0.9996 -0.0011
vn 0.0176 0.9989 0.0441
vn 0.0814 0.9957 0.0440
vn -0.0473 0.9953 -0.0847
vn -0.1362 0.9871 -0.0840
vn 0.0871 0.9864 0.1395
vn 0.1387 0.9806 0.1387
vn 0.0044 1.0000 0.0044
vn -0.0507 0.9987 0.0044
vn -0.1095 0.9925 -0.0548
vn 0.0605 0.9966 -0.0551
vn 0.0627 0.9966 -0.0528
vn -0.0088 0.9986 -0.0530
vn -0.0011 0.9990 -0.0452
vn 0.0275 0.9986 -0.0452
vn 0.1321 0.9894 0.0601
vn -0.0638 0.9961 0.0605
vn -0.0176 0.9942 0.1065
vn 0.1091 0.9884 0.1059
vn -0.0210 0.9995 -0.0243
vn 0.0573 0.9981 -0.0243
vn -0.0198 0.9947 -0.1011
vn 0.0384 0.9941 -0.1010
vn 0.0077 0.9913 -0.1314
vn 0.0109 0.9913 -0.1314
vn 0.0329 0.9934 -0.1097
vn -0.0690 0.9916 -0.1095
vn 0.0912 0.9945 0.0505
vn 0.0649 0.9966 0.0506
vn 0.0055 0.9999 -0.0088
vn 0.1000 0.9949 -0.0088
vn -0.0769 0.9799 -0.1840
vn -0.1003 0.9779 -0.1836
vn -0.0219 0.9941 -0.1065
vn 0.0176 0.9942 -0.1065
vn 0.0836 0.9957 -0.0407
vn -0.0022 0.9992 -0.0408
vn 0.0397 0.9992 0.0011
vn -0.0408 0.9992 0.0011
vn -0.0923 0.9944 -0.0505
vn -0.0539 0.9973 -0.0507
vn -0.0055 1.0000 -0.0022
vn 0.0307 0.9944 0.1009
vn 0.0154 0.9962 0.0857
vn -0.0396 0.9955 0.0857
vn -0.0341 0.9953 0.0912
vn 0.0187 0.9957 0.0912
vn -0.0441 0.9986 0.0287
vn -0.0353 0.9990 0.0287
vn 0.0817 0.9861 0.1447
vn 0.0436 0.9885 0.1451
vn -0.0726 0.9969 0.0297
vn 0.0022 0.9996 0.0298
vn -0.0694 0.9967 -0.0418
vn -0.0055 0.9991 -0.0419
vn 0.0419 0.9991 0.0055
vn -0.0177 0.9998 0.0055
vn 0.0929 0.9889 0.1157
vn 0.0982 0.9884 0.1156
vn -0.0221 0.9997 -0.0044
vn -0.0901 0.9959 -0.0044
vn 0.0642 0.9867 0.1492
vn 0.0989 0.9839 0.1487
vn -0.1021 0.9934 -0.0515
vn -0.0407 0.9978 -0.0517
vn 0.0276 0.9995 0.0165
vn 0.0507 0.9986 0.0165
vn 0.0890 0.9945 0.0549
vn -0.0308 0.9980 0.0551
vn -0.0606 0.9978 0.0253
vn 0.0606 0.9978 0.0253
vn -0.0033 0.9992 -0.0386
vn 0.0507 0.9980 -0.0385
vn 0.0055 0.9965 -0.0836
vn 0.0033 0.9965 -0.0836
vn 0.0341 0.9980 -0.0529
vn -0.0419 0.9977 -0.0528
vn 0.0099 0.9999 -0.0011
vn -0.0386 0.9993 -0.0011
vn -0.0121 0.9996 0.0254
vn -0.0320 0.9992 0.0254
vn -0.1193 0.9909 -0.0623
vn 0.1030 0.9927 -0.0624
vn 0.1084 0.9925 -0.0569
vn -0.0121 0.9983 -0.0573
vn -0.0396 0.9956 -0.0846
vn -0.0319 0.9959 -0.0846
vn -0.0011 0.9985 -0.0540
vn -0.0198 0.9983 -0.0540
vn 0.0419 0.9991 0.0077
vn -0.0155 0.9999 0.0077
vn -0.0485 0.9985 -0.0253
vn -0.0088 0.9996 -0.0254
vn 0.0276 0.9996 0.0110
vn -0.0551 0.9984 0.0110
vn -0.0254 0.9988 0.0408
vn 0.0176 0.9990 0.0408
vn -0.0099 0.9999 0.0132
vn -0.1000 0.9949 0.0132
vn 0.0033 0.9932 0.1162
vn 0.0186 0.9931 0.1162
vn -0.1010 0.9949 -0.0033
vn -0.0497 0.9988 -0.0033
vn 0.1159 0.9801 0.1611
vn 0.0185 0.9866 0.1622
vn -0.0000 0.9896 0.1441
vn 0.0578 0.9879 0.1439
vn -0.0496 0.9981 0.0374
vn -0.0121 0.9992 0.0375
vn 0.0549 0.9931 0.1041
vn 0.1834 0.9777 0.1025
vn -0.0110 0.9956 -0.0934
vn -0.0121 0.9956 -0.0934
vn -0.0143 0.9953 -0.0956
vn -0.1016 0.9903 -0.0951
vn 0.1079 0.9876 0.1144
vn 0.0960 0.9888 0.1146
vn -0.0985 0.9919 -0.0799
vn 0.0594 0.9950 -0.0802
vn 0.1054 0.9938 -0.0340
vn -0.0901 0.9954 -0.0340
vn -0.0243 0.9992 0.0320
vn 0.0595 0.9977 0.0319
vn -0.0971 0.9875 -0.1242
vn -0.0274 0.9918 -0.1248
vn -0.0339 0.9908 -0.1312
vn 0.0274 0.9910 -0.1312
vn 0.0505 0.9928 -0.1085
vn -0.0033 0.9941 -0.1086
vn 0.0825 0.9963 -0.0231
vn 0.0055 0.9997 -0.0232
vn -0.0550 0.9950 -0.0834
vn -0.1136 0.9900 -0.0830
vn 0.0176 0.9987 0.0485
vn -0.0857 0.9952 0.0483
vn -0.1064 0.9939 0.0274
vn -0.0287 0.9992 0.0276
vn 0.0967 0.9836 0.1520
vn 0.0174 0.9881 0.1526
vn -0.0022 0.9911 0.1334
vn -0.0470 0.9900 0.1333
vn -0.0844 0.9918 0.0963
vn 0.0875 0.9915 0.0963
vn -0.0044 1.0000 0.0044
vn 0.0066 1.0000 0.0066
vn -0.1097 0.9939 0.0066
vn 0.0186 0.9907 0.1345
vn 0.0622 0.9890 0.1342
vn -0.0825 0.9965 -0.0099
vn -0.0011 1.0000 -0.0099
vn 0.0932 0.9921 0.0843
vn 0.1319 0.9877 0.0839
vn -0.0775 0.9891 -0.1255
vn -0.0175 0.9919 -0.1259
vn 0.1033 0.9946 -0.0055
vn -0.0210 0.9998 -0.0055
vn -0.0033 0.9999 0.0121
vn -0.0199 0.9997 0.0121
vn 0.0276 0.9979 0.0595
vn 0.0077 0.9982 0.0595
vn -0.0540 0.9985 -0.0022
vn 0.0331 0.9995 -0.0022
vn 0.0022 0.9995 -0.0331
vn 0.0913 0.9953 -0.0329
vn 0.0967 0.9949 -0.0274
vn 0.0055 0.9996 -0.0276
vn -0.0461 0.9958 -0.0791
vn -0.0780 0.9938 -0.0790
vn -0.0320 0.9989 -0.0331
vn -0.0221 0.9992 -0.0331
vn 0.0397 0.9988 0.0287
vn 0.0836 0.9961 0.0286
vn -0.0308 0.9958 -0.0857
vn 0.0395 0.9955 -0.0857
vn 0.0044 0.9927 -0.1205
vn -0.0917 0.9885 -0.1200
vn -0.0243 0.9983 -0.0529
vn -0.0055 0.9986 -0.0529
vn 0.0551 0.9985 0.0077
vn 0.0154 0.9993 0.0342
vn 0.0549 0.9958 0.0737
vn -0.0341 0.9967 0.0738
vn -0.1474 0.9883 -0.0404
vn -0.0441 0.9982 -0.0408
vn 0.0210 0.9995 0.0243
vn 0.0825 0.9963 0.0242
vn 0.0716 0.9973 0.0132
vn -0.0726 0.9973 0.0132
vn -0.1010 0.9948 -0.0154
vn -0.0694 0.9975 -0.0154
vn 0.0099 0.9979 0.0639
vn 0.0418 0.9971 0.0639
vn 0.1266 0.9808 0.1484
vn 0.0924 0.9845 0.1490
vn -0.1247 0.9899 -0.0678
vn -0.0220 0.9974 -0.0683
vn 0.0671 0.9975 0.0209
vn 0.0650 0.9977 0.0209
vn 0.0132 0.9994 -0.0309
vn -0.1022 0.9943 -0.0308
vn 0.0033 0.9972 0.0749
vn 0.0275 0.9968 0.0749
vn -0.0331 0.9993 0.0144
vn 0.0891 0.9959 0.0143
vn 0.0584 0.9982 -0.0165
vn -0.0606 0.9980 -0.0165
vn -0.0044 0.9992 0.0397
vn -0.0033 0.9992 0.0397
vn -0.0144 0.9995 0.0287
vn 0.0055 0.9996 0.0287
vn -0.0353 0.9993 -0.0121
vn 0.0342 0.9993 -0.0121
vn 0.0265 0.9995 -0.0199
vn 0.0099 0.9998 -0.0199
vn 0.0077 0.9997 -0.0221
vn -0.0121 0.9997 -0.0221
vn -0.1195 0.9844 -0.1294
vn -0.1185 0.9845 -0.1294
vn 0.0834 0.9939 0.0725
vn 0.1083 0.9915 0.0723
vn -0.0143 0.9986 -0.0507
vn -0.0397 0.9979 -0.0507
vn -0.0133 0.9996 -0.0243
vn -0.0011 0.9997 -0.0243
vn -0.0516 0.9959 -0.0748
vn 0.0418 0.9963 -0.0748
vn 0.1430 0.9893 0.0273
vn -0.0485 0.9984 0.0276
vn -0.0088 0.9977 0.0672
vn -0.1062 0.9921 -0.0669
vn -0.0253 0.9974 -0.0672
vn -0.0055 0.9989 -0.0474
vn -0.0099 0.9988 -0.0474
vn -0.0022 0.9992 -0.0397
vn 0.0033 0.9992 -0.0397
vn 0.0705 0.9971 0.0275
vn -0.1010 0.9945 0.0275
vn 0.0262 0.9877 0.1539
vn 0.1160 0.9814 0.1529
vn 0.0286 0.9974 0.0661
vn -0.0000 0.9978 0.0661
vn -0.1299 0.9894 -0.0645
vn -0.0495 0.9967 -0.0650
vn 0.0199 0.9998 0.0044
vn 0.0552 0.9985 0.0044
vn 0.0320 0.9993 -0.0188
vn -0.0110 0.9998 -0.0188
vn -0.0495 0.9971 -0.0573
vn -0.0143 0.9983 -0.0573
vn 0.0879 0.9951 0.0451
vn 0.1085 0.9931 0.0450
vn -0.0536 0.9917 -0.1172
vn -0.0981 0.9883 -0.1168
vn -0.0691 0.9937 -0.0878
vn 0.1051 0.9906 -0.0875
vn 0.1355 0.9891 -0.0568
vn -0.0242 0.9981 -0.0573
vn -0.0894 0.9885 -0.1223
vn -0.0971 0.9877 -0.1222
vn 0.0759 0.9958 0.0506
vn -0.0341 0.9981 0.0507
vn -0.1129 0.9932 -0.0285
vn 0.0507 0.9983 -0.0287
vn 0.0022 0.9970 -0.0771
vn 0.0822 0.9936 -0.0768
vn 0.0383 0.9920 -0.1205
vn -0.0548 0.9912 -0.1205
vn 0.0430 0.9988 -0.0232
vn 0.0176 0.9996 -0.0232
vn 0.0781 0.9962 0.0374
vn -0.1064 0.9936 0.0373
vn -0.0757 0.9948 0.0681
vn 0.0976 0.9929 0.0680
vn 0.0298 0.9996 -0.0000
vn -0.0022 1.0000 -0.0000
vn -0.0848 0.9964 -0.0000
vn 0.0611 0.9875 0.1451
vn -0.0044 0.9894 0.1454
vn -0.1441 0.9895 0.0055
vn 0.0066 1.0000 0.0055
vn 0.0714 0.9950 0.0703
vn 0.0187 0.9973 0.0705
vn -0.0066 0.9990 0.0452
vn -0.0824 0.9956 0.0451
vn -0.0505 0.9957 0.0770
vn 0.0932 0.9927 0.0768
vn -0.0132 0.9995 -0.0298
vn -0.0781 0.9965 -0.0297
vn 0.0570 0.9928 0.1053
vn 0.1027 0.9892 0.1049
vn -0.0044 1.0000 -0.0022
vn -0.0033 1.0000 -0.0022
vn -0.0594 0.9965 -0.0583
vn 0.0276 0.9979 -0.0584
vn 0.0771 0.9970 -0.0088
vn -0.0540 0.9985 -0.0088
vn -0.0987 0.9937 -0.0538
vn 0.0022 0.9985 -0.0541
vn 0.1467 0.9849 0.0914
vn 0.0963 0.9911 0.0920
vn -0.1375 0.9803 -0.1419
vn -0.0458 0.9887 -0.1431
vn 0.0440 0.9976 -0.0540
vn -0.0320 0.9980 -0.0540
vn -0.0188 0.9990 -0.0408
vn 0.0397 0.9984 -0.0408
vn -0.0643 0.9875 -0.1440
vn -0.0306 0.9891 -0.1442
vn 0.1357 0.9905 0.0219
vn 0.0044 0.9997 0.0221
vn -0.0298 0.9995 -0.0121
vn -0.0243 0.9996 -0.0121
vn -0.0649 0.9965 -0.0528
vn 0.0550 0.9971 -0.0529
vn 0.0143 0.9955 -0.0935
vn 0.0551 0.9984 -0.0143
vn -0.0264 0.9951 -0.0955
vn -0.1468 0.9846 -0.0945
vn 0.0319 0.9959 0.0846
vn 0.0209 0.9962 0.0846
vn -0.0231 0.9989 0.0408
vn 0.0441 0.9989 0.0132
vn -0.1010 0.9948 0.0132
vn 0.0489 0.9856 0.1620
vn 0.0098 0.9867 0.1622
vn 0.0076 0.9871 0.1601
vn 0.1264 0.9792 0.1588
vn 0.0242 0.9981 0.0573
vn -0.1247 0.9906 0.0568
vn -0.0229 0.9872 0.1579
vn 0.0663 0.9853 0.1576
vn -0.0044 0.9961 0.0879
vn 0.0132 0.9960 0.0879
vn -0.1812 0.9775 -0.1079
vn 0.0033 0.9940 -0.1097
vn 0.1249 0.9921 0.0120
vn -0.0331 0.9994 0.0121
vn -0.1019 0.9932 -0.0570
vn 0.0584 0.9967 -0.0572
vn 0.0650 0.9966 -0.0506
vn -0.0044 0.9987 -0.0507
vn -0.1568 0.9668 -0.2016
vn -0.0141 0.9788 -0.2041
vn 0.0656 0.9898 -0.1267
vn -0.0350 0.9913 -0.1269
vn 0.0572 0.9977 -0.0352
vn 0.0265 0.9990 -0.0353
vn -0.1123 0.9785 -0.1728
vn 0.0076 0.9847 -0.1739
vn -0.0000 0.9834 -0.1812
vn -0.1185 0.9765 -0.1799
vn -0.0088 0.9974 -0.0715
vn 0.0835 0.9940 -0.0713
vn 0.1464 0.9892 -0.0076
vn -0.0143 0.9999 -0.0077
vn -0.0121 0.9999 -0.0055
vn -0.0133 0.9999 -0.0055
vn -0.0254 0.9995 -0.0176
vn -0.0518 0.9985 -0.0176
vn 0.0873 0.9888 0.1211
vn 0.1420 0.9825 0.1203
vn -0.0297 0.9982 -0.0518
vn -0.0088 0.9986 -0.0518
vn -0.0044 0.9989 -0.0474
vn -0.1063 0.9932 -0.0471
vn 0.0066 0.9978 0.0661
vn -0.0055 0.9978 0.0661
vn -0.0022 0.9976 0.0694
vn -0.0022 0.9976 0.0693
vn 0.0176 0.9959 0.0890
vn 0.0702 0.9936 0.0888
vn 0.0822 0.9915 0.1007
vn 0.0263 0.9945 0.1010
vn -0.0890 0.9959 -0.0143
vn 0.0287 0.9995 -0.0143
vn 0.0463 0.9989 0.0033
vn -0.1302 0.9915 0.0033
vn 0.0305 0.9861 0.1632
vn 0.0196 0.9864 0.1633
vn 0.0076 0.9884 0.1516
vn 0.0317 0.9879 0.1515
vn -0.1260 0.9920 -0.0055
vn -0.0496 0.9988 -0.0055
vn 0.0253 0.9973 0.0693
vn 0.0878 0.9937 0.0691
vn 0.0254 0.9997 0.0066
vn -0.0540 0.9985 0.0066
vn -0.0879 0.9958 -0.0275
vn -0.0693 0.9972 -0.0275
vn -0.0022 0.9992 0.0397
vn 0.1356 0.9900 0.0393
vn 0.0055 0.9958 -0.0912
vn -0.0897 0.9918 -0.0908
vn -0.0484 0.9976 -0.0495
vn 0.0759 0.9959 -0.0495
vn -0.1121 0.9865 -0.1197
vn 0.0077 1.0000 -0.0000
vn 0.0022 1.0000 -0.0000
vn -0.0703 0.9949 -0.0725
vn 0.0385 0.9966 -0.0726
vn 0.0297 0.9962 -0.0813
vn 0.0429 0.9958 -0.0813
vn 0.1250 0.9922 0.0011
vn 0.0781 0.9969 0.0011
vn -0.0793 0.9847 -0.1554
vn -0.0750 0.9850 -0.1554
vn 0.1193 0.9921 0.0383
vn 0.0298 0.9988 0.0386
vn -0.0888 0.9928 -0.0800
vn -0.0022 0.9968 -0.0803
vn 0.1710 0.9808 0.0942
vn 0.0615 0.9935 0.0954
vn -0.0309 0.9995 0.0033
vn -0.1441 0.9896 0.0033
vn -0.0965 0.9940 0.0516
vn 0.0715 0.9961 0.0517
vn 0.0529 0.9981 0.0330
vn -0.0066 0.9994 0.0331
vn -0.0077 0.9995 0.0320
vn -0.0507 0.9982 0.0319
vn 0.0824 0.9830 0.1638
vn -0.0131 0.9863 0.1643
vn 0.0043 0.9834 0.1812
vn 0.0563 0.9819 0.1809
vn -0.1611 0.9863 -0.0359
vn -0.0044 0.9993 -0.0364
vn 0.1381 0.9847 0.1065
vn -0.0591 0.9925 0.1073
vn -0.0405 0.9912 0.1258
vn 0.0765 0.9891 0.1255
vn -0.0661 0.9977 -0.0165
vn -0.0988 0.9950 -0.0165
vn -0.0890 0.9960 -0.0066
vn 0.1473 0.9891 -0.0065
vn 0.0055 0.9889 -0.1484
vn -0.1374 0.9795 -0.1470
vn -0.0714 0.9941 -0.0812
vn 0.0439 0.9957 -0.0813
vn 0.0274 0.9948 -0.0977
vn -0.0187 0.9950 -0.0977
vn 0.0540 0.9982 -0.0253
vn -0.0649 0.9976 -0.0253
vn -0.0846 0.9954 -0.0450
vn 0.1356 0.9898 -0.0448
vn 0.1095 0.9914 -0.0711
vn 0.0573 0.9982 0.0154
vn -0.0650 0.9978 0.0154
vn -0.1440 0.9875 -0.0643
vn 0.0143 0.9978 -0.0650
vn 0.0319 0.9984 -0.0474
vn -0.0265 0.9996 -0.0011
vn 0.0614 0.9943 0.0868
vn 0.0319 0.9957 0.0869
vn 0.0732 0.9891 0.1278
vn -0.0230 0.9915 0.1282
vn 0.0131 0.9865 0.1635
vn 0.0436 0.9856 0.1633
vn 0.0349 0.9873 0.1549
vn 0.0490 0.9867 0.1548
vn -0.0055 0.9949 0.1011
vn 0.0077 0.9948 0.1011
vn -0.0782 0.9968 0.0154
vn 0.0243 0.9996 0.0155
vn -0.0908 0.9909 -0.0996
vn -0.0231 0.9947 -0.1000
vn -0.0329 0.9934 -0.1097
vn -0.0044 0.9939 -0.1098
vn 0.0429 0.9971 -0.0628
vn -0.1819 0.9814 -0.0618
vn -0.0627 0.9963 0.0594
vn 0.1247 0.9904 0.0591
vn -0.0000 0.9978 -0.0661
vn -0.1019 0.9926 -0.0658
vn -0.0878 0.9948 -0.0517
vn 0.0650 0.9965 -0.0517
vn -0.0186 0.9907 -0.1346
vn -0.1587 0.9783 -0.1329
vn -0.0736 0.9962 -0.0473
vn 0.0661 0.9967 -0.0473
vn 0.0077 0.9944 -0.1055
vn 0.0570 0.9928 -0.1053
vn 0.0208 0.9898 -0.1411
vn -0.1129 0.9837 -0.1402
vn 0.0154 0.9998 -0.0121
vn -0.0000 0.9999 -0.0122
vn 0.0835 0.9940 0.0714
vn -0.0088 0.9974 0.0716
vn -0.0342 0.9983 0.0463
vn 0.1463 0.9882 0.0458
vn 0.0297 0.9970 -0.0716
vn -0.0121 0.9974 -0.0716
vn 0.0825 0.9963 0.0231
vn -0.0254 0.9994 0.0232
vn 0.0264 0.9968 0.0749
vn 0.0877 0.9933 0.0746
vn -0.0011 0.9999 -0.0144
vn -0.0298 0.9995 -0.0144
vn 0.0756 0.9930 0.0910
vn -0.0044 0.9958 0.0913
vn -0.0485 0.9977 0.0474
vn 0.0066 0.9989 0.0474
vn 0.0765 0.9902 0.1170
vn -0.0022 0.9931 0.1174
vn -0.0989 0.9949 0.0209
vn 0.0176 0.9996 0.0210
vn 0.0626 0.9959 0.0660
vn 0.0824 0.9944 0.0659
vn 0.0298 0.9995 0.0132
vn -0.0890 0.9959 0.0132
vn 0.0055 0.9942 0.1076
vn 0.0461 0.9931 0.1075
vn -0.0110 0.9987 0.0507
vn 0.0308 0.9982 0.0507
vn 0.0088 0.9995 0.0287
vn 0.0077 0.9996 0.0287
vn -0.1627 0.9764 -0.1424
vn -0.1247 0.9818 -0.1432
vn -0.0254 0.9987 -0.0441
vn 0.0253 0.9987 -0.0441
vn 0.0110 0.9982 -0.0584
vn 0.0254 0.9980 -0.0584
vn -0.0351 0.9923 -0.1184
vn -0.0873 0.9892 -0.1180
vn 0.0584 0.9979 0.0276
vn -0.0022 0.9996 0.0276
vn -0.0943 0.9934 -0.0648
vn 0.0055 0.9979 -0.0650
vn 0.0474 0.9986 -0.0232
vn -0.0485 0.9986 -0.0232
vn -0.0375 0.9992 -0.0121
vn 0.0044 0.9999 -0.0122
vn -0.0463 0.9970 -0.0628
vn 0.0077 0.9980 -0.0628
vn 0.0825 0.9965 0.0121
vn -0.0705 0.9974 0.0121
vn 0.0066 0.9960 0.0891
vn 0.0297 0.9956 0.0891
vn -0.0628 0.9980 -0.0033
vn 0.1250 0.9922 -0.0033
vn 0.0748 0.9957 -0.0539
vn -0.0802 0.9953 -0.0539
vn -0.0375 0.9992 -0.0110
vn 0.1194 0.9928 -0.0110
vn 0.1621 0.9862 0.0327
vn -0.0891 0.9955 0.0330
vn 0.0468 0.9848 0.1675
vn 0.1694 0.9716 0.1653
vn -0.1175 0.9856 -0.1219
vn -0.0307 0.9920 -0.1227
vn 0.0837 0.9965 -0.0088
vn -0.0966 0.9953 -0.0088
vn 0.0033 0.9958 0.0913
vn 0.0527 0.9944 0.0912
vn 0.0341 0.9968 0.0727
vn -0.0077 0.9973 0.0727
vn 0.0718 0.9859 0.1514
vn 0.0826 0.9850 0.1513
vn -0.1521 0.9848 -0.0838
vn 0.0044 0.9964 -0.0848
vn 0.0672 0.9975 -0.0220
vn -0.1611 0.9867 -0.0218
vn -0.0976 0.9943 0.0428
vn 0.1388 0.9894 0.0426
vn 0.1044 0.9945 0.0077
vn -0.0408 0.9991 0.0077
vn -0.0573 0.9983 -0.0088
vn -0.0661 0.9978 -0.0088
vn -0.0836 0.9961 -0.0264
vn -0.0890 0.9957 -0.0264
vn 0.0176 0.9966 0.0804
vn 0.0055 0.9967 0.0804
vn -0.1374 0.9885 -0.0633
vn -0.0715 0.9954 -0.0638
vn 0.0790 0.9931 0.0867
vn 0.0275 0.9958 0.0869
vn 0.0132 0.9973 0.0727
vn 0.0539 0.9959 0.0726
vn -0.0243 0.9997 -0.0055
vn -0.0847 0.9964 -0.0055
vn -0.0209 0.9981 0.0584
vn 0.1096 0.9923 0.0581
vn -0.1084 0.9813 -0.1593
vn 0.0565 0.9855 -0.1600
vn 0.0282 0.9818 -0.1876
vn -0.1418 0.9723 -0.1858
vn 0.0617 0.9980 0.0165
vn 0.0320 0.9994 0.0166
vn 0.0725 0.9957 0.0572
vn 0.0612 0.9899 0.1278
vn -0.0977 0.9947 -0.0307
vn 0.0738 0.9968 -0.0308
vn 0.1558 0.9864 0.0522
vn 0.0132 0.9985 0.0529
vn 0.0088 0.9988 0.0485
vn 0.0353 0.9982 0.0485
vn -0.0298 0.9994 -0.0165
vn -0.0055 0.9998 -0.0165
vn -0.0767 0.9932 -0.0877
vn -0.0779 0.9931 -0.0877
vn 0.1061 0.9897 0.0961
vn -0.0908 0.9912 0.0962
vn -0.0043 0.9834 0.1812
vn -0.0326 0.9829 0.1811
vn -0.1813 0.9829 0.0325
vn 0.0430 0.9985 0.0331
vn 0.1145 0.9879 0.1046
vn -0.0624 0.9925 0.1051
vn -0.1718 0.9851 -0.0054
vn -0.0000 1.0000 -0.0055
vn 0.0562 0.9971 0.0506
vn -0.0878 0.9949 0.0505
vn -0.0747 0.9952 0.0637
vn -0.0187 0.9978 0.0639
vn -0.0254 0.9980 0.0573
vn -0.0736 0.9956 0.0571
vn 0.0077 0.9983 0.0573
vn -0.1075 0.9925 -0.0580
vn 0.0209 0.9981 -0.0584
vn 0.0022 0.9970 -0.0770
vn 0.0154 0.9969 -0.0770
vn 0.0551 0.9978 -0.0374
vn 0.0836 0.9958 -0.0374
vn 0.0913 0.9954 -0.0297
vn -0.0342 0.9990 -0.0298
vn 0.0099 0.9998 0.0143
vn 0.0298 0.9995 0.0143
vn 0.0133 0.9999 -0.0022
vn 0.0825 0.9966 -0.0022
vn -0.0459 0.9904 -0.1301
vn 0.0263 0.9911 -0.1301
vn 0.0252 0.9910 -0.1312
vn -0.0011 0.9913 -0.1313
vn 0.2015 0.9767 0.0733
vn 0.0757 0.9943 0.0746
vn -0.0088 0.9999 -0.0099
vn -0.0485 0.9988 -0.0099
vn -0.0683 0.9972 -0.0297
vn 0.0770 0.9966 -0.0297
vn 0.1735 0.9825 0.0683
vn -0.0987 0.9927 0.0690
vn 0.0357 0.9790 0.2009
vn 0.0615 0.9777 0.2007
vn -0.0197 0.9924 0.1215
vn 0.0296 0.9921 0.1215
vn -0.1098 0.9938 -0.0175
vn 0.0055 0.9998 -0.0177
vn 0.0964 0.9926 0.0734
vn -0.0110 0.9972 0.0737
vn -0.1044 0.9943 -0.0197
vn 0.0088 0.9998 -0.0199
vn 0.0715 0.9965 0.0429
vn -0.1642 0.9855 0.0424
vn -0.1352 0.9882 0.0720
vn -0.0253 0.9970 0.0726
vn 0.0394 0.9899 0.1365
vn 0.0109 0.9906 0.1366
vn -0.1227 0.9924 0.0033
vn -0.0353 0.9994 0.0033
vn -0.0727 0.9968 -0.0341
vn 0.0583 0.9977 -0.0341
vn -0.0652 0.9855 -0.1566
vn -0.0933 0.9833 -0.1562
vn 0.0441 0.9988 -0.0198
vn 0.0474 0.9987 -0.0198
vn -0.1186 0.9757 -0.1841
vn -0.0368 0.9820 -0.1853
vn 0.0889 0.9941 -0.0614
vn -0.0463 0.9970 -0.0616
vn -0.0951 0.9893 -0.1103
vn 0.0820 0.9905 -0.1104
vn 0.0185 0.9848 -0.1728
vn 0.0065 0.9849 -0.1728
vn 0.0087 0.9853 -0.1707
vn -0.0619 0.9834 -0.1704
vn 0.1869 0.9792 0.0789
vn 0.0747 0.9940 0.0801
vn 0.0121 0.9998 0.0177
vn -0.0375 0.9991 0.0176
vn -0.0276 0.9992 0.0276
vn 0.1622 0.9864 0.0272
vn 0.0142 0.9925 -0.1216
vn 0.0471 0.9915 -0.1214
vn 0.1560 0.9877 -0.0120
vn -0.1183 0.9929 -0.0121
vn -0.0473 0.9971 0.0594
vn 0.0835 0.9947 0.0593
vn 0.0857 0.9944 0.0614
vn 0.0033 0.9981 0.0617
vn 0.1061 0.9808 0.1634
vn 0.0338 0.9858 0.1643
vn -0.0011 0.9915 0.1302
vn 0.0720 0.9889 0.1299
vn 0.0143 0.9973 0.0726
vn -0.1523 0.9857 0.0718
vn -0.0499 0.9835 0.1736
vn 0.0662 0.9826 0.1735
vn -0.1463 0.9885 -0.0382
vn -0.0977 0.9945 -0.0384
vn 0.0110 0.9975 0.0704
vn 0.1041 0.9921 0.0701
vn -0.0723 0.9917 -0.1061
vn -0.0570 0.9927 -0.1063
vn -0.0559 0.9929 -0.1052
vn -0.0832 0.9910 -0.1050
vn 0.0441 0.9988 0.0220
vn 0.0176 0.9996 0.0221
vn -0.0995 0.9905 -0.0951
vn -0.1371 0.9860 -0.0947
vn -0.0353 0.9993 0.0077
vn 0.0793 0.9968 0.0077
vn -0.0417 0.9927 -0.1128
vn 0.0132 0.9935 -0.1129
vn 0.0802 0.9957 -0.0461
vn -0.0243 0.9986 -0.0463
vn -0.1506 0.9735 -0.1719
vn -0.0206 0.9846 -0.1738
vn 0.1269 0.9915 -0.0274
vn -0.1098 0.9936 -0.0274
vn -0.0397 0.9983 0.0430
vn 0.0287 0.9987 0.0430
vn -0.0199 0.9998 -0.0055
vn 0.0617 0.9981 -0.0055
vn 0.0232 0.9988 -0.0441
vn 0.0726 0.9964 -0.0440
vn 0.0264 0.9956 -0.0901
vn -0.0977 0.9947 -0.0318
vn 0.0525 0.9916 0.1182
vn 0.1550 0.9810 0.1169
vn -0.0363 0.9965 -0.0748
vn 0.0088 0.9972 -0.0748
vn 0.1460 0.9873 0.0632
vn -0.0298 0.9975 0.0638
vn -0.1313 0.9906 -0.0383
vn -0.0770 0.9963 -0.0385
vn 0.0958 0.9864 0.1339
vn 0.1056 0.9854 0.1337
vn -0.0298 0.9996 -0.0011
vn -0.0044 1.0000 -0.0011
vn -0.0165 0.9998 -0.0132
vn -0.1814 0.9833 -0.0130
vn -0.1129 0.9920 0.0569
vn 0.1149 0.9917 0.0569
vn 0.0441 0.9989 -0.0143
vn -0.1717 0.9850 -0.0141
vn -0.0504 0.9928 0.1085
vn 0.0559 0.9925 0.1084
vn -0.0463 0.9989 0.0066
vn -0.0748 0.9972 0.0066
vn -0.0672 0.9976 0.0143
vn -0.0254 0.9996 0.0143
vn -0.1351 0.9862 -0.0958
vn -0.0734 0.9926 -0.0964
vn -0.1045 0.9863 -0.1273
vn -0.1068 0.9861 -0.1273
vn 0.1432 0.9821 0.1225
vn 0.0022 0.9923 0.1237
vn -0.0944 0.9952 0.0275
vn 0.0551 0.9981 0.0275
vn 0.0199 0.9998 -0.0077
vn 0.0913 0.9958 -0.0077
vn 0.0242 0.9969 -0.0748
vn 0.0099 0.9971 -0.0748
vn 0.0242 0.9979 -0.0606
vn 0.0826 0.9965 0.0088
vn -0.0463 0.9989 0.0088
vn -0.0044 0.9987 0.0507
vn 0.0254 0.9984 0.0507
vn 0.0842 0.9904 0.1093
vn 0.2009 0.9737 0.1074
vn 0.0945 0.9955 -0.0011
vn -0.0088 1.0000 -0.0011
vn 0.0429 0.9978 0.0506
vn -0.0682 0.9964 0.0506
vn -0.0891 0.9956 0.0297
vn 0.1738 0.9843 0.0293
vn 0.0779 0.9946 -0.0680
vn 0.0363 0.9970 -0.0682
vn -0.0197 0.9924 -0.1215
vn 0.0451 0.9973 -0.0572
vn -0.1096 0.9923 -0.0569
vn 0.0121 0.9978 0.0650
vn 0.0964 0.9932 0.0647
vn 0.0748 0.9963 0.0429
vn -0.1043 0.9936 0.0428
vn -0.0088 0.9904 0.1377
vn 0.0709 0.9880 0.1374
vn -0.1902 0.9738 -0.1246
vn -0.1345 0.9829 -0.1258
vn 0.0011 1.0000 0.0099
vn 0.0397 0.9992 0.0099
vn -0.0626 0.9938 -0.0921
vn -0.1221 0.9883 -0.0916
vn 0.0429 0.9964 0.0737
vn -0.0725 0.9947 0.0735
vn -0.1687 0.9854 -0.0239
vn -0.0660 0.9975 -0.0242
vn -0.0055 0.9993 0.0364
vn 0.0441 0.9984 0.0364
vn 0.0375 0.9989 0.0298
vn -0.1206 0.9923 0.0296
vn -0.0505 0.9937 0.0998
vn 0.0886 0.9911 0.0995
vn -0.1460 0.9800 -0.1352
vn -0.0948 0.9862 -0.1360
vn 0.0606 0.9980 0.0187
vn 0.0188 0.9996 0.0188
vn 0.1069 0.9885 0.1069
vn 0.0088 0.9942 0.1075
vn 0.0307 0.9912 0.1291
vn 0.1860 0.9743 0.1269
vn -0.0763 0.9877 -0.1362
vn 0.0120 0.9905 -0.1366
vn 0.1206 0.9923 -0.0285
vn -0.0276 0.9992 -0.0287
vn 0.0342 0.9989 0.0331
vn 0.0143 0.9993 0.0331
vn 0.1162 0.9841 0.1346
vn 0.1546 0.9789 0.1339
vn 0.0496 0.9984 0.0286
vn -0.0474 0.9985 0.0286
vn -0.0044 0.9974 0.0715
vn 0.0856 0.9938 0.0713
vn 0.0540 0.9978 0.0396
vn 0.1074 0.9934 0.0395
vn 0.0726 0.9973 0.0044
vn -0.0011 1.0000 0.0044
vn 0.0221 0.9994 0.0276
vn 0.0143 0.9995 0.0276
vn -0.0507 0.9980 -0.0374
vn 0.0440 0.9974 0.0572
vn -0.1462 0.9876 0.0567
vn -0.0185 0.9829 0.1833
vn 0.0108 0.9830 0.1833
vn -0.1127 0.9917 0.0613
vn -0.0726 0.9955 0.0615
vn 0.0240 0.9873 0.1569
vn -0.0555 0.9861 0.1567
vn -0.1737 0.9841 0.0380
vn 0.0441 0.9983 0.0386
vn -0.0649 0.9954 -0.0703
vn -0.0997 0.9925 -0.0701
vn -0.0463 0.9988 -0.0165
vn -0.0353 0.9992 -0.0165
vn -0.0942 0.9927 -0.0756
vn -0.0418 0.9962 -0.0759
vn 0.0966 0.9934 0.0625
vn 0.0801 0.9948 0.0626
vn -0.0756 0.9928 -0.0931
vn -0.1522 0.9840 -0.0923
vn -0.0154 0.9989 0.0452
vn 0.1268 0.9909 0.0448
vn 0.0584 0.9980 -0.0242
vn -0.0397 0.9989 -0.0242
vn -0.1242 0.9863 -0.1088
vn -0.0197 0.9938 -0.1097
vn 0.1701 0.9821 0.0813
vn 0.0231 0.9963 0.0825
vn -0.1258 0.9898 -0.0666
vn 0.0264 0.9974 -0.0671
vn 0.1042 0.9945 0.0110
vn 0.0526 0.9929 -0.1064
vn 0.2141 0.9751 0.0582
vn -0.0364 0.9976 0.0595
vn -0.1011 0.9949 -0.0055
vn 0.1463 0.9892 -0.0055
vn 0.0186 0.9909 -0.1335
vn -0.1303 0.9826 -0.1324
vn 0.0485 0.9977 0.0463
vn 0.0965 0.9943 0.0461
vn 0.0331 0.9993 -0.0177
vn -0.0298 0.9994 -0.0177
vn -0.0309 0.9993 -0.0188
vn -0.0165 0.9997 -0.0188
vn -0.0055 1.0000 -0.0077
vn -0.1131 0.9936 -0.0077
vn 0.0441 0.9990 -0.0077
vn -0.0506 0.9969 -0.0606
vn -0.0593 0.9958 -0.0693
vn -0.0462 0.9965 -0.0694
vn -0.0408 0.9971 -0.0639
vn -0.0670 0.9957 -0.0638
vn -0.1016 0.9899 -0.0984
vn -0.1351 0.9860 -0.0980
vn -0.0496 0.9987 -0.0121
vn -0.1053 0.9944 -0.0121
vn -0.1075 0.9941 -0.0143
vn 0.1443 0.9894 -0.0142
vn -0.0022 0.9871 -0.1603
vn -0.0933 0.9828 -0.1596
vn 0.0199 0.9998 -0.0055
vn -0.0669 0.9935 -0.0922
vn 0.0242 0.9954 -0.0924
vn 0.1033 0.9946 -0.0132
vn 0.0243 0.9996 -0.0133
vn 0.0825 0.9955 -0.0473
vn 0.0396 0.9951 -0.0901
vn -0.0044 0.9959 -0.0902
vn 0.0220 0.9977 -0.0639
vn 0.0846 0.9944 -0.0637
vn 0.1771 0.9837 0.0304
vn 0.0944 0.9951 0.0308
vn 0.0529 0.9985 -0.0110
vn 0.0430 0.9990 -0.0110
vn 0.0573 0.9984 0.0033
vn -0.0891 0.9960 0.0033
vn -0.0198 0.9972 0.0727
vn 0.0779 0.9943 0.0725
vn 0.1239 0.9852 0.1186
vn -0.0175 0.9927 0.1195
vn -0.0362 0.9942 0.1010
vn 0.0450 0.9939 0.1010
vn -0.0397 0.9991 0.0166
vn 0.0121 0.9998 0.0166
vn 0.0790 0.9934 0.0834
vn 0.0746 0.9937 0.0834
vn 0.0187 0.9994 0.0276
vn -0.0088 0.9996 0.0276
vn -0.0987 0.9931 -0.0625
vn -0.1913 0.9796 -0.0617
vn -0.0142 0.9930 0.1174
vn 0.0011 0.9931 0.1174
vn -0.0616 0.9966 0.0550
vn -0.0627 0.9965 0.0550
vn -0.0176 0.9948 0.1000
vn 0.0428 0.9941 0.0999
vn -0.1530 0.9835 -0.0967
vn -0.1680 0.9811 -0.0965
vn -0.0044 0.9977 0.0683
vn -0.0055 0.9976 0.0683
vn -0.1678 0.9812 -0.0954
vn 0.0373 0.9946 -0.0967
vn 0.0395 0.9947 -0.0945
vn -0.0505 0.9942 -0.0945
vn -0.0657 0.9918 -0.1096
vn -0.1465 0.9832 -0.1086
vn -0.0595 0.9980 -0.0209
vn 0.0606 0.9979 -0.0209
vn -0.0110 0.9957 -0.0924
vn 0.1071 0.9900 -0.0919
vn 0.1833 0.9830 -0.0141
vn 0.0309 0.9994 -0.0144
vn -0.1253 0.9775 -0.1695
vn -0.0759 0.9824 -0.1704
vn 0.1877 0.9777 0.0940
vn 0.1201 0.9882 0.0950
vn -0.0907 0.9891 -0.1158
vn 0.0340 0.9926 -0.1162
vn 0.0910 0.9941 -0.0593
vn 0.1170 0.9914 -0.0591
vn 0.1580 0.9873 -0.0175
vn 0.0496 0.9986 -0.0177
vn -0.0165 0.9964 -0.0837
vn -0.0044 0.9965 -0.0837
vn 0.0847 0.9964 0.0055
vn 0.0541 0.9985 0.0055
vn 0.0672 0.9976 0.0187
vn 0.0726 0.9972 0.0187
vn 0.0022 0.9987 -0.0519
vn 0.0221 0.9984 -0.0518
vn 0.0485 0.9985 -0.0254
vn -0.0507 0.9984 -0.0254
vn -0.0342 0.9994 -0.0088
vn 0.0441 0.9990 -0.0088
vn -0.0231 0.9968 -0.0760
vn -0.0187 0.9969 -0.0760
vn 0.0902 0.9954 0.0330
vn -0.1129 0.9931 0.0329
vn -0.1559 0.9877 -0.0109
vn 0.0243 0.9996 -0.0110
vn -0.0680 0.9924 -0.1030
vn -0.1730 0.9797 -0.1017
vn -0.0923 0.9955 -0.0198
vn -0.0650 0.9977 -0.0198
vn -0.0077 0.9993 0.0375
vn -0.0463 0.9982 0.0375
vn -0.0650 0.9977 0.0187
vn -0.0945 0.9954 0.0187
vn 0.0120 0.9921 0.1249
vn 0.0960 0.9876 0.1244
vn -0.0573 0.9979 -0.0287
vn -0.0759 0.9967 -0.0286
vn -0.1549 0.9819 -0.1085
vn -0.0154 0.9938 -0.1098
vn 0.1270 0.9914 0.0329
vn 0.0584 0.9977 0.0331
vn -0.1462 0.9743 -0.1711
vn -0.1231 0.9774 -0.1717
vn 0.1510 0.9832 0.1021
vn 0.1698 0.9802 0.1018
vn -0.0154 0.9963 -0.0847
vn -0.1256 0.9885 -0.0841
vn 0.0033 0.9990 0.0452
vn 0.1042 0.9935 0.0450
vn 0.1583 0.9823 0.0998
vn 0.2134 0.9719 0.0997
vn -0.0022 0.9930 -0.1183
vn -0.1004 0.9880 -0.1177
vn 0.1200 0.9875 0.1024
vn 0.0187 0.9945 0.1032
vn 0.0696 0.9857 0.1534
vn 0.0480 0.9870 0.1536
vn 0.0361 0.9892 0.1419
vn 0.0328 0.9893 0.1419
vn -0.1567 0.9865 -0.0479
vn -0.0309 0.9983 -0.0485
vn 0.1274 0.9857 0.1099
vn -0.0055 0.9938 0.1108
vn -0.1355 0.9906 -0.0197
vn -0.1130 0.9934 -0.0197
vn -0.0452 0.9978 0.0484
vn -0.0088 0.9988 0.0485
vn 0.0011 0.9983 0.0584
vn -0.0594 0.9965 0.0583
vn -0.1173 0.9931 -0.0000
vn -0.0408 0.9992 -0.0000
vn -0.0923 0.9944 -0.0516
vn -0.1019 0.9935 -0.0515
vn 0.0165 0.9976 0.0671
vn -0.0495 0.9965 0.0671
vn -0.0672 0.9965 0.0495
vn -0.1074 0.9930 0.0493
vn -0.1665 0.9860 -0.0109
vn -0.0022 0.9999 -0.0110
vn 0.0921 0.9923 0.0832
vn 0.0615 0.9946 0.0834
vn -0.0671 0.9967 -0.0451
vn 0.0077 0.9995 0.0298
vn 0.1032 0.9942 0.0296
vn -0.0373 0.9932 -0.1107
vn -0.0099 0.9938 -0.1108
vn 0.0220 0.9966 -0.0792
vn 0.0396 0.9961 -0.0791
vn 0.0671 0.9964 -0.0517
vn 0.0220 0.9984 -0.0518
vn 0.0847 0.9963 0.0110
vn 0.1772 0.9841 0.0109
vn 0.0834 0.9929 -0.0844
vn 0.0527 0.9950 -0.0845
vn 0.1484 0.9889 0.0120
vn 0.0573 0.9983 0.0121
vn -0.0176 0.9979 -0.0628
vn -0.0198 0.9978 -0.0628
vn 0.0858 0.9954 0.0428
vn 0.1247 0.9913 0.0427
vn -0.0077 0.9959 -0.0901
vn -0.0363 0.9953 -0.0901
vn 0.1021 0.9936 0.0482
vn -0.0396 0.9980 0.0485
vn 0.0621 0.9869 0.1492
vn 0.0784 0.9857 0.1490
vn -0.0474 0.9986 0.0242
vn 0.0187 0.9995 0.0243
vn -0.0962 0.9912 -0.0908
vn -0.0985 0.9910 -0.0908
vn 0.0232 0.9993 0.0309
vn -0.0143 0.9994 0.0309
vn -0.0802 0.9962 -0.0352
vn -0.0616 0.9975 -0.0352
vn 0.0473 0.9962 0.0736
vn -0.0176 0.9971 0.0737
vn -0.0968 0.9953 -0.0055
vn -0.1537 0.9881 -0.0055
vn -0.0790 0.9944 0.0702
vn -0.0044 0.9975 0.0704
vn -0.1054 0.9940 -0.0307
vn -0.1685 0.9852 -0.0304
vn 0.0033 0.9899 0.1420
vn 0.0393 0.9891 0.1419
vn -0.1919 0.9772 -0.0906
vn -0.0659 0.9936 -0.0921
vn 0.0726 0.9963 0.0462
vn -0.0594 0.9972 0.0462
vn 0.0393 0.9888 0.1440
vn -0.0109 0.9895 0.1441
vn -0.0417 0.9926 0.1139
vn 0.1822 0.9769 0.1121
vn -0.0285 0.9946 -0.0999
vn -0.1265 0.9870 -0.0991
vn 0.0143 0.9990 0.0419
vn 0.1884 0.9812 0.0411
vn 0.0142 0.9908 -0.1345
vn -0.0905 0.9868 -0.1339
vn 0.1848 0.9725 0.1417
vn 0.0903 0.9855 0.1435
vn -0.0879 0.9955 -0.0341
vn 0.1579 0.9869 -0.0338
vn 0.0896 0.9907 -0.1028
vn -0.0165 0.9945 -0.1032
vn 0.1281 0.9909 0.0415
vn 0.0846 0.9955 0.0417
vn 0.0386 0.9992 -0.0044
vn 0.0672 0.9977 -0.0044
vn 0.1097 0.9932 0.0384
vn 0.0022 0.9993 0.0386
vn 0.0636 0.9930 0.0997
vn 0.0483 0.9938 0.0998
vn 0.0439 0.9945 0.0955
vn -0.0340 0.9948 0.0955
vn -0.1642 0.9858 -0.0359
vn -0.0232 0.9991 -0.0364
vn -0.0055 0.9998 -0.0188
vn 0.0902 0.9957 -0.0187
vn 0.0452 0.9969 -0.0638
vn -0.1556 0.9858 -0.0631
vn -0.0770 0.9969 0.0165
vn -0.0683 0.9975 0.0165
vn -0.0375 0.9982 0.0474
vn -0.0922 0.9946 0.0472
vn -0.1053 0.9939 0.0340
vn -0.0077 0.9994 0.0342
vn 0.0330 0.9967 0.0748
vn -0.0648 0.9951 0.0747
vn -0.1800 0.9828 -0.0423
vn 0.0121 0.9990 -0.0430
vn 0.0397 0.9991 -0.0154
vn -0.0573 0.9982 -0.0154
vn -0.1235 0.9890 -0.0818
vn -0.1553 0.9845 -0.0815
vn -0.0419 0.9986 0.0331
vn 0.1270 0.9914 0.0328
vn -0.0599 0.9863 -0.1535
vn -0.1467 0.9774 -0.1521
vn 0.0397 0.9986 0.0342
vn 0.1517 0.9879 0.0338
vn 0.0924 0.9954 -0.0264
vn -0.0154 0.9995 -0.0265
vn -0.0778 0.9930 -0.0888
vn 0.0033 0.9960 -0.0890
vn 0.1249 0.9916 0.0328
vn 0.1590 0.9867 0.0327
vn 0.0263 0.9945 -0.1010
vn -0.0022 0.9982 -0.0606
vn 0.0298 0.9991 -0.0287
vn 0.1989 0.9786 0.0519
vn 0.0703 0.9961 0.0528
vn -0.0275 0.9986 -0.0452
vn 0.0364 0.9983 -0.0452
vn 0.0408 0.9983 -0.0408
vn -0.1568 0.9868 -0.0403
vn -0.0955 0.9952 0.0220
vn 0.1282 0.9915 0.0219
vn 0.0584 0.9971 -0.0485
vn -0.1354 0.9896 -0.0481
vn -0.1258 0.9913 -0.0383
vn -0.0452 0.9982 -0.0386
vn -0.0320 0.9992 -0.0254
vn 0.0011 0.9997 -0.0254
vn 0.0033 0.9997 -0.0232
vn -0.1172 0.9928 -0.0230
vn -0.1290 0.9910 -0.0350
vn -0.0923 0.9951 -0.0352
vn -0.0574 0.9984 -0.0000
vn 0.0165 0.9999 -0.0000
vn 0.0309 0.9994 0.0144
vn -0.0935 0.9955 -0.0121
vn -0.1665 0.9860 -0.0120
vn -0.0208 0.9907 0.1346
vn 0.0916 0.9867 0.1341
vn -0.1550 0.9815 -0.1128
vn -0.0667 0.9913 -0.1139
vn 0.0595 0.9982 0.0121
vn 0.0077 0.9999 0.0122
vn 0.0188 0.9996 0.0232
vn -0.0375 0.9990 0.0232
vn -0.0541 0.9985 0.0066
vn 0.0221 0.9997 0.0066
vn -0.0110 0.9996 -0.0265
vn 0.0672 0.9974 -0.0264
vn 0.1960 0.9750 0.1045
vn 0.0842 0.9908 0.1062
vn -0.0342 0.9993 -0.0121
vn 0.0837 0.9964 -0.0121
vn 0.1494 0.9873 0.0545
vn 0.1482 0.9875 0.0545
vn -0.0274 0.9922 -0.1217
vn -0.0175 0.9924 -0.1217
vn 0.0759 0.9967 -0.0286
vn 0.0858 0.9959 -0.0286
vn 0.0584 0.9967 -0.0562
vn -0.0077 0.9984 -0.0563
vn 0.0824 0.9960 0.0341
vn 0.1021 0.9942 0.0340
vn 0.1162 0.9921 0.0482
vn 0.0627 0.9969 0.0485
vn -0.1088 0.9864 -0.1231
vn -0.0471 0.9912 -0.1237
vn 0.1291 0.9902 0.0525
vn -0.0965 0.9939 0.0527
vn -0.1009 0.9937 0.0483
vn -0.1030 0.9916 -0.0778
vn -0.0800 0.9937 -0.0779
vn 0.0713 0.9947 0.0736
vn 0.0473 0.9962 0.0737
vn -0.0996 0.9923 -0.0734
vn -0.0965 0.9926 -0.0735
vn -0.1019 0.9917 -0.0789
vn -0.0790 0.9937 -0.0790
vn -0.0670 0.9955 -0.0671
vn -0.1052 0.9922 -0.0669
vn -0.0121 0.9996 0.0265
vn 0.0033 0.9996 0.0265
vn -0.0780 0.9954 -0.0550
vn -0.1924 0.9798 -0.0541
vn -0.1345 0.9909 0.0055
vn 0.0727 0.9973 0.0055
vn -0.0044 0.9974 -0.0716
vn 0.0396 0.9966 -0.0716
vn 0.0770 0.9964 -0.0341
vn -0.0419 0.9985 -0.0342
vn -0.0899 0.9925 -0.0822
vn -0.0286 0.9962 -0.0825
vn -0.0121 0.9977 -0.0661
vn 0.0143 0.9977 -0.0661
vn 0.0793 0.9969 -0.0011
vn 0.0143 0.9999 -0.0011
vn -0.0011 0.9999 -0.0166
vn 0.1866 0.9823 -0.0163
vn 0.1708 0.9848 -0.0326
vn -0.0879 0.9956 -0.0330
vn 0.0634 0.9910 0.1182
vn 0.0895 0.9890 0.1180
vn 0.1282 0.9917 -0.0011
vn 0.1749 0.9835 0.0467
vn 0.0385 0.9981 0.0474
vn 0.0843 0.9921 0.0932
vn 0.1093 0.9897 0.0929
vn 0.0474 0.9984 0.0309
vn 0.0638 0.9975 0.0309
vn -0.0916 0.9880 -0.1244
vn 0.0438 0.9912 -0.1248
vn 0.0295 0.9899 -0.1389
vn -0.1628 0.9771 -0.1371
vn 0.1097 0.9846 0.1360
vn -0.0055 0.9906 0.1368
vn -0.1118 0.9933 0.0307
vn 0.0452 0.9985 0.0309
vn 0.0606 0.9971 0.0463
vn -0.0769 0.9960 0.0462
vn -0.1227 0.9924 -0.0000
vn -0.0375 0.9993 -0.0000
vn 0.0462 0.9954 0.0836
vn -0.1050 0.9910 0.0832
vn -0.1664 0.9858 0.0207
vn 0.0331 0.9992 0.0210
vn -0.1015 0.9883 -0.1136
vn -0.1790 0.9774 -0.1123
vn -0.0264 0.9988 0.0419
vn 0.0397 0.9983 0.0419
vn -0.0844 0.9930 -0.0823
vn -0.1235 0.9890 -0.0819
vn 0.0385 0.9960 0.0803
vn -0.0418 0.9959 0.0803
vn -0.0966 0.9950 0.0253
vn -0.0606 0.9978 0.0254
vn -0.0782 0.9969 0.0077
vn 0.0397 0.9992 0.0077
vn 0.0704 0.9968 0.0385
vn 0.0923 0.9950 0.0385
vn -0.0494 0.9934 -0.1032
vn -0.0777 0.9916 -0.1030
vn 0.0594 0.9976 0.0342
vn 0.1249 0.9916 0.0340
vn 0.0132 0.9969 -0.0782
vn 0.0264 0.9966 -0.0782
vn 0.0726 0.9968 -0.0319
vn 0.0297 0.9961 0.0835
vn -0.0320 0.9992 0.0221
vn 0.1991 0.9797 0.0216
vn 0.0470 0.9901 -0.1322
vn -0.0273 0.9908 -0.1323
vn 0.1021 0.9948 -0.0033
vn 0.0408 0.9992 -0.0033
vn -0.0352 0.9962 -0.0791
vn -0.0953 0.9923 -0.0788
vn 0.0517 0.9963 0.0682
vn 0.0583 0.9960 0.0681
vn -0.0485 0.9981 -0.0385
vn 0.0077 0.9954 0.0956
vn -0.0319 0.9949 0.0955
vn -0.0737 0.9958 0.0538
vn 0.0033 0.9985 0.0540
vn -0.0342 0.9993 0.0165
vn -0.1291 0.9915 0.0164
vn -0.1685 0.9854 -0.0239
vn -0.0573 0.9981 -0.0242
vn -0.0199 0.9997 0.0132
vn 0.0309 0.9994 0.0132
vn -0.0658 0.9943 -0.0834
vn -0.0932 0.9922 -0.0832
vn -0.0441 0.9984 -0.0342
vn -0.0209 0.9992 -0.0342
vn -0.0374 0.9980 -0.0507
vn -0.1558 0.9865 -0.0501
vn 0.0175 0.9922 0.1237
vn 0.0590 0.9906 0.1235
vn -0.0999 0.9944 -0.0351
vn 0.0187 0.9992 -0.0353
vn 0.0364 0.9992 -0.0176
vn -0.0540 0.9984 -0.0176
vn 0.0374 0.9966 0.0737
vn 0.0055 0.9959 0.0901
vn 0.1963 0.9765 0.0884
vn 0.1163 0.9932 0.0066
vn -0.0342 0.9994 0.0066
vn -0.0298 0.9995 0.0110
vn 0.1496 0.9887 0.0109
vn 0.0428 0.9944 -0.0966
vn -0.0274 0.9949 -0.0966
vn 0.1416 0.9872 0.0730
vn 0.0757 0.9944 0.0735
vn 0.1016 0.9898 0.0994
vn 0.0582 0.9933 0.0997
vn -0.0825 0.9958 -0.0407
vn 0.0824 0.9958 -0.0407
vn 0.1097 0.9939 -0.0132
vn 0.1163 0.9931 -0.0132
vn 0.0869 0.9953 -0.0428
vn -0.1096 0.9931 -0.0427
vn 0.0579 0.9905 0.1246
vn 0.1283 0.9840 0.1238
vn -0.0855 0.9923 -0.0898
vn -0.1006 0.9909 -0.0897
vn 0.0440 0.9975 0.0550
vn -0.1031 0.9932 0.0548
vn -0.1528 0.9882 0.0044
vn 0.0715 0.9974 0.0044
vn -0.0176 0.9963 -0.0846
vn -0.0996 0.9915 -0.0842
vn 0.0176 0.9993 0.0331
vn -0.1021 0.9942 0.0329
vn -0.0890 0.9950 0.0461
vn -0.0671 0.9967 0.0462
vn -0.0132 0.9949 0.0999
vn -0.0121 0.9949 0.0999
vn -0.0913 0.9956 0.0209
vn -0.0781 0.9967 0.0209
vn -0.1183 0.9928 -0.0197
vn -0.1345 0.9907 -0.0197
vn -0.1053 0.9944 0.0099
vn -0.0044 0.9999 0.0099
vn 0.0452 0.9972 0.0594
vn 0.0769 0.9953 0.0593
vn -0.1109 0.9855 -0.1283
vn -0.0895 0.9877 -0.1286
vn 0.1224 0.9890 0.0829
vn -0.0121 0.9964 0.0836
vn 0.0448 0.9892 0.1397
vn 0.0785 0.9871 0.1394
vn -0.0956 0.9948 -0.0340
vn -0.0011 0.9994 -0.0342
vn 0.1285 0.9871 0.0958
vn 0.1701 0.9808 0.0952
vn 0.0771 0.9970 0.0011
vn 0.0639 0.9980 0.0011
vn 0.0375 0.9990 -0.0254
vn -0.0298 0.9992 -0.0254
vn 0.0397 0.9982 0.0441
vn 0.1749 0.9836 0.0434
vn 0.1357 0.9907 0.0033
vn 0.0847 0.9964 0.0033
vn 0.0803 0.9968 -0.0011
vn 0.0474 0.9989 -0.0011
vn -0.0374 0.9956 -0.0857
vn -0.0920 0.9921 -0.0854
vn 0.0254 0.9992 0.0320
vn 0.0298 0.9990 0.0320
vn 0.0364 0.9986 0.0386
vn 0.1107 0.9931 0.0384
vn 0.0715 0.9974 -0.0011
vn -0.1118 0.9937 -0.0011
vn -0.1398 0.9897 -0.0295
vn 0.0606 0.9977 -0.0297
vn 0.0430 0.9980 -0.0474
vn -0.1225 0.9914 -0.0470
vn -0.0683 0.9976 0.0077
vn 0.0463 0.9989 0.0077
vn -0.1170 0.9810 -0.1548
vn -0.1645 0.9743 -0.1537
vn 0.0648 0.9950 0.0758
vn -0.1019 0.9919 0.0755
vn -0.1324 0.9902 0.0448
vn -0.0264 0.9986 0.0452
vn -0.0540 0.9984 0.0176
vn -0.0846 0.9963 0.0176
vn -0.0988 0.9951 0.0033
vn 0.0386 0.9992 0.0033
vn 0.0232 0.9997 -0.0121
vn -0.0966 0.9952 -0.0121
vn -0.0397 0.9982 0.0452
vn -0.0781 0.9959 0.0451
vn -0.0165 0.9942 0.1064
vn 0.0700 0.9919 0.1062
vn -0.0606 0.9979 -0.0242
vn -0.0496 0.9985 -0.0242
vn 0.0615 0.9943 0.0867
vn 0.0593 0.9945 0.0867
vn -0.0780 0.9957 -0.0505
vn 0.0132 0.9986 -0.0507
vn 0.0573 0.9983 -0.0066
vn 0.0726 0.9973 -0.0066
vn -0.0320 0.9991 -0.0265
vn -0.0199 0.9997 -0.0144
vn 0.0474 0.9988 -0.0143
vn 0.0880 0.9958 0.0264
vn 0.1020 0.9944 0.0264
vn -0.0066 0.9966 -0.0826
vn -0.0352 0.9960 -0.0825
vn -0.0154 0.9979 -0.0628
vn 0.0517 0.9967 -0.0628
vn 0.1430 0.9893 0.0295
vn -0.0485 0.9984 0.0298
vn -0.1302 0.9901 -0.0525
vn 0.0077 0.9986 -0.0530
vn -0.0580 0.9913 -0.1183
vn -0.0733 0.9903 -0.1182
vn 0.0419 0.9991 -0.0033
vn -0.0342 0.9994 -0.0033
vn -0.0441 0.9989 -0.0132
vn -0.1686 0.9856 -0.0131
vn -0.0076 0.9889 0.1486
vn -0.0197 0.9887 0.1485
vn -0.2114 0.9763 -0.0453
vn -0.0660 0.9967 -0.0462
vn 0.0593 0.9951 0.0791
vn -0.0440 0.9959 0.0792
vn -0.0187 0.9944 0.1044
vn -0.0373 0.9938 0.1043
vn -0.0582 0.9948 0.0835
vn 0.0176 0.9963 0.0837
vn -0.1065 0.9935 -0.0406
vn -0.0998 0.9942 -0.0406
vn -0.0441 0.9989 0.0154
vn 0.0364 0.9992 0.0155
vn -0.0385 0.9975 -0.0595
vn 0.0375 0.9975 -0.0595
vn 0.0606 0.9975 -0.0364
vn 0.0055 0.9993 -0.0364
vn 0.1297 0.9876 0.0884
vn 0.1158 0.9893 0.0885
vn -0.0992 0.9870 -0.1265
vn -0.0295 0.9915 -0.1271
vn 0.0660 0.9973 -0.0320
vn 0.0430 0.9986 -0.0320
vn 0.0738 0.9973 -0.0011
vn 0.1420 0.9899 -0.0011
vn 0.0472 0.9942 -0.0967
vn 0.1016 0.9902 -0.0963
vn 0.0721 0.9894 -0.1257
vn -0.0819 0.9887 -0.1256
vn 0.0814 0.9960 0.0374
vn 0.1096 0.9933 0.0373
vn 0.0298 0.9986 -0.0430
vn 0.0869 0.9953 -0.0429
vn 0.1613 0.9864 0.0327
vn -0.1503 0.9730 -0.1752
vn -0.0845 0.9807 -0.1766
vn 0.1704 0.9823 0.0781
vn 0.0440 0.9959 0.0792
vn -0.0900 0.9944 -0.0549
vn -0.1526 0.9868 -0.0545
vn -0.0573 0.9975 0.0419
vn -0.0176 0.9990 0.0419
vn -0.0353 0.9991 0.0243
vn 0.0176 0.9995 0.0243
vn -0.0254 0.9995 -0.0188
vn -0.0891 0.9958 -0.0187
vn -0.0902 0.9957 -0.0198
vn -0.0132 0.9997 -0.0199
vn -0.0309 0.9988 -0.0375
vn -0.0912 0.9951 -0.0374
vn -0.1214 0.9903 -0.0678
vn -0.1181 0.9907 -0.0679
vn 0.0559 0.9928 0.1064
vn -0.1047 0.9888 0.1060
vn -0.0993 0.9888 0.1114
vn 0.0450 0.9927 0.1119
vn -0.0869 0.9960 -0.0198
vn -0.1118 0.9935 -0.0198
vn 0.0175 0.9938 0.1098
vn 0.1221 0.9865 0.1090
vn 0.0769 0.9950 0.0638
vn 0.0451 0.9969 0.0639
vn -0.0616 0.9972 -0.0430
vn -0.0956 0.9945 -0.0428
vn -0.0519 0.9987 0.0011
vn 0.1291 0.9916 0.0011
vn 0.1162 0.9932 -0.0121
vn 0.0771 0.9970 -0.0121
vn 0.0176 0.9973 -0.0716
vn 0.0374 0.9967 -0.0716
vn 0.1226 0.9923 0.0143
vn 0.0397 0.9991 0.0143
vn -0.0418 0.9969 -0.0672
vn 0.1354 0.9885 -0.0666
vn 0.1408 0.9881 -0.0611
vn 0.0801 0.9949 -0.0615
vn 0.0044 0.9906 -0.1368
vn -0.0372 0.9899 -0.1367
vn 0.0782 0.9967 -0.0220
vn 0.0254 0.9994 -0.0221
vn -0.0000 0.9989 -0.0474
vn 0.0364 0.9982 -0.0474
vn 0.0913 0.9958 0.0077
vn 0.0715 0.9974 0.0077
vn -0.0912 0.9838 -0.1543
vn -0.1382 0.9784 -0.1535
vn -0.0264 0.9988 -0.0419
vn 0.0430 0.9982 -0.0419
vn -0.0154 0.9949 -0.1000
vn -0.0679 0.9927 -0.0998
vn -0.0451 0.9960 -0.0770
vn -0.1181 0.9900 -0.0766
vn 0.0407 0.9958 0.0825
vn 0.0647 0.9945 0.0824
vn -0.0561 0.9977 -0.0386
vn -0.1324 0.9905 -0.0383
vn -0.1599 0.9849 -0.0664
vn -0.0539 0.9963 -0.0671
vn -0.0495 0.9968 -0.0628
vn -0.0986 0.9932 -0.0625
vn -0.0154 0.9997 0.0210
vn 0.0232 0.9995 0.0210
vn -0.0408 0.9982 -0.0430
vn -0.0397 0.9983 -0.0430
vn 0.0638 0.9961 0.0605
vn -0.0165 0.9980 0.0606
vn -0.1141 0.9928 -0.0373
vn -0.0605 0.9975 -0.0375
vn 0.0852 0.9905 0.1083
vn 0.0614 0.9922 0.1085
vn -0.0672 0.9975 -0.0198
vn -0.0781 0.9967 -0.0198
vn 0.0827 0.9866 0.1406
vn 0.0568 0.9884 0.1409
vn -0.0243 0.9979 0.0606
vn 0.0845 0.9946 0.0604
vn 0.1316 0.9854 0.1078
vn -0.0199 0.9998 -0.0000
vn -0.0309 0.9995 -0.0110
vn 0.0880 0.9961 -0.0110
vn 0.0716 0.9971 -0.0275
vn -0.0066 0.9996 -0.0276
vn 0.1039 0.9911 0.0831
vn -0.0154 0.9964 0.0836
vn -0.1367 0.9899 -0.0382
vn 0.1430 0.9890 -0.0382
vn 0.1665 0.9859 -0.0141
vn -0.1303 0.9914 -0.0142
vn -0.0847 0.9959 0.0319
vn -0.0584 0.9978 0.0319
vn -0.0814 0.9966 0.0088
vn 0.0419 0.9991 0.0088
vn -0.0176 0.9986 -0.0507
vn -0.0440 0.9977 -0.0506
vn -0.0604 0.9959 -0.0670
vn -0.0077 0.9977 -0.0672
vn -0.0966 0.9832 -0.1551
vn -0.2091 0.9659 -0.1524
vn 0.0860 0.9859 0.1436
vn 0.0589 0.9878 0.1439
vn -0.1247 0.9914 -0.0394
vn -0.0188 0.9990 -0.0397
vn -0.0022 0.9997 -0.0232
vn -0.0584 0.9980 -0.0231
vn -0.0986 0.9931 -0.0636
vn -0.1063 0.9923 -0.0635
vn -0.0441 0.9982 0.0397
vn -0.0419 0.9982 0.0419
vn -0.0386 0.9984 0.0419
vn -0.0297 0.9983 0.0507
vn 0.0606 0.9969 0.0506
vn 0.0682 0.9960 0.0582
vn 0.1300 0.9898 0.0579
vn 0.0419 0.9986 -0.0309
vn -0.1000 0.9945 -0.0307
vn 0.0165 0.9962 0.0857
vn 0.0658 0.9942 0.0856
vn 0.1151 0.9842 0.1347
vn 0.0731 0.9881 0.1352
vn -0.0771 0.9969 -0.0143
vn 0.1447 0.9859 0.0838
vn 0.0724 0.9938 0.0844
vn 0.0352 0.9983 0.0474
vn 0.0814 0.9956 0.0472
vn -0.0132 0.9988 -0.0474
vn 0.0297 0.9984 -0.0474
vn 0.0408 0.9985 -0.0364
vn 0.1613 0.9863 -0.0359
vn -0.0022 0.9802 -0.1979
vn -0.1497 0.9692 -0.1957
vn 0.0650 0.9977 0.0176
vn 0.1709 0.9851 0.0174
vn 0.0318 0.9919 -0.1226
vn -0.0894 0.9885 -0.1222
vn 0.0033 0.9996 -0.0298
vn -0.0573 0.9979 -0.0297
vn -0.0890 0.9941 -0.0614
vn -0.0352 0.9975 -0.0616
vn -0.0110 0.9992 -0.0375
vn -0.0254 0.9990 -0.0375
vn 0.0594 0.9971 0.0473
vn -0.0901 0.9948 0.0472
vn -0.1496 0.9887 -0.0131
vn -0.0309 0.9994 -0.0132
vn -0.0736 0.9957 -0.0560
vn -0.1215 0.9910 -0.0558
vn 0.0011 0.9977 0.0672
vn 0.0561 0.9962 0.0671
vn -0.1293 0.9845 -0.1184
vn -0.0992 0.9879 -0.1188
vn -0.0231 0.9988 -0.0430
vn -0.0869 0.9953 -0.0428
vn -0.0540 0.9985 -0.0099
vn 0.0177 0.9998 -0.0099
vn 0.0899 0.9940 0.0625
vn 0.0769 0.9951 0.0626
vn -0.0648 0.9948 -0.0790
vn -0.0615 0.9950 -0.0790
vn -0.0518 0.9986 0.0132
vn 0.0656 0.9894 0.1299
vn 0.1152 0.9849 0.1293
vn 0.0462 0.9971 0.0605
vn 0.0176 0.9980 0.0606
vn 0.0830 0.9886 0.1255
vn 0.1217 0.9847 0.1250
vn -0.0779 0.9942 -0.0746
vn -0.0418 0.9963 -0.0748
vn 0.1505 0.9815 0.1181
vn 0.1401 0.9831 0.1182
vn 0.0419 0.9989 0.0198
vn 0.0044 0.9998 0.0199
vn 0.0637 0.9948 0.0790
vn 0.0780 0.9938 0.0790
vn -0.0144 0.9998 -0.0132
vn -0.0000 0.9999 -0.0132
vn 0.0397 0.9989 0.0265
vn 0.0913 0.9955 0.0264
vn -0.0504 0.9921 -0.1149
vn -0.0917 0.9892 -0.1146
vn 0.1379 0.9837 0.1151
vn -0.0263 0.9929 0.1161
vn -0.0593 0.9947 0.0834
vn -0.1141 0.9933 -0.0153
vn -0.0452 0.9989 -0.0154
vn -0.0309 0.9995 -0.0011
vn 0.0408 0.9992 -0.0011
vn 0.0814 0.9959 0.0396
vn -0.0561 0.9976 0.0396
vn -0.1194 0.9926 -0.0241
vn -0.1602 0.9868 -0.0240
vn -0.1507 0.9885 -0.0142
vn -0.0496 0.9987 -0.0143
vn -0.0507 0.9986 -0.0154
vn -0.0154 0.9998 -0.0154
vn 0.0681 0.9954 0.0681
vn -0.0407 0.9968 0.0682
vn -0.1152 0.9933 -0.0066
vn 0.0639 0.9979 -0.0066
vn 0.0441 0.9987 -0.0264
vn -0.1141 0.9931 -0.0263
vn 0.0307 0.9925 0.1183
vn 0.0852 0.9894 0.1179
vn -0.1453 0.9829 -0.1128
vn -0.0668 0.9913 -0.1138
vn 0.1468 0.9841 0.0999
vn 0.0831 0.9914 0.1006
vn -0.1252 0.9863 -0.1077
vn -0.0242 0.9938 -0.1086
vn 0.1323 0.9900 0.0481
vn 0.1322 0.9901 0.0481
vn -0.0241 0.9938 -0.1086
vn -0.0309 0.9986 -0.0441
vn 0.0715 0.9962 -0.0506
vn 0.0572 0.9963 -0.0649
vn 0.1040 0.9925 -0.0646
vn 0.1214 0.9915 -0.0470
vn -0.1366 0.9895 -0.0470
vn 0.0361 0.9914 0.1258
vn 0.1652 0.9784 0.1242
vn -0.0264 0.9973 -0.0682
vn -0.0846 0.9941 -0.0680
vn -0.0900 0.9932 -0.0734
vn -0.0812 0.9940 -0.0735
vn 0.0648 0.9953 0.0725
vn -0.0176 0.9972 0.0726
vn -0.0253 0.9976 0.0649
vn -0.0605 0.9961 0.0648
vn -0.0933 0.9951 0.0318
vn -0.0977 0.9947 0.0318
vn 0.0153 0.9894 0.1441
vn -0.0891 0.9955 -0.0308
vn -0.1248 0.9917 -0.0306
vn -0.0988 0.9951 -0.0044
vn -0.0022 1.0000 -0.0044
vn 0.0342 0.9989 0.0320
vn -0.0988 0.9946 0.0318
vn -0.1291 0.9916 0.0011
vn -0.0033 1.0000 0.0011
vn 0.0714 0.9946 0.0757
vn -0.0418 0.9962 0.0759
vn -0.0286 0.9956 0.0890
vn -0.0297 0.9956 0.0890
vn -0.0055 0.9936 0.1129
vn 0.0679 0.9913 0.1127
vn -0.0672 0.9975 -0.0220
vn 0.0419 0.9989 -0.0220
vn 0.1614 0.9819 0.0986
vn 0.0165 0.9949 0.0999
vn -0.1022 0.9946 -0.0187
vn 0.1162 0.9931 -0.0186
vn 0.1632 0.9862 0.0294
vn -0.0771 0.9966 0.0297
vn -0.1109 0.9938 -0.0044
vn 0.1452 0.9894 -0.0044
vn 0.1172 0.9926 -0.0329
vn 0.0353 0.9988 -0.0331
vn 0.0088 0.9982 -0.0595
vn -0.0132 0.9981 -0.0595
vn 0.0792 0.9963 0.0330
vn 0.0408 0.9986 0.0331
vn 0.0044 1.0000 -0.0033
vn -0.0022 1.0000 -0.0033
vn 0.0188 0.9997 0.0176
vn 0.1062 0.9926 0.0591
vn 0.0320 0.9977 0.0594
vn -0.0077 0.9998 0.0199
vn 0.0033 0.9998 0.0199
vn -0.1357 0.9835 -0.1194
vn -0.0885 0.9888 -0.1200
vn 0.0998 0.9927 0.0679
vn -0.0110 0.9976 0.0683
vn -0.0353 0.9984 0.0441
vn 0.0594 0.9973 0.0440
vn -0.0044 0.9998 -0.0199
vn -0.1496 0.9885 -0.0196
vn -0.1581 0.9870 -0.0283
vn -0.0737 0.9969 -0.0286
vn -0.0573 0.9983 -0.0121
vn 0.0011 0.9999 -0.0121
vn 0.0900 0.9930 0.0767
vn -0.1298 0.9886 0.0764
vn -0.1812 0.9832 0.0239
vn -0.0232 0.9994 0.0243
vn 0.0988 0.9844 0.1456
vn -0.0535 0.9878 0.1461
vn -0.0897 0.9898 0.1103
vn 0.0896 0.9899 0.1103
vn -0.0143 0.9999 0.0066
vn -0.0650 0.9979 0.0066
vn 0.0449 0.9922 0.1161
vn 0.0307 0.9928 0.1161
vn -0.0022 0.9965 0.0836
vn 0.0659 0.9943 0.0834
vn -0.0077 0.9999 0.0099
vn 0.0463 0.9989 0.0099
vn -0.0209 0.9981 -0.0573
vn 0.0835 0.9949 -0.0571
vn 0.1293 0.9916 -0.0109
vn -0.0781 0.9969 -0.0110
vn 0.0460 0.9926 0.1128
vn 0.1507 0.9823 0.1116
vn -0.0862 0.9884 -0.1254
vn 0.0416 0.9912 -0.1258
vn 0.1656 0.9862 -0.0011
vn 0.0639 0.9980 -0.0011
vn 0.0661 0.9978 0.0011
vn -0.0144 0.9999 0.0011
vn -0.1136 0.9887 -0.0982
vn 0.0395 0.9943 -0.0987
vn 0.0241 0.9932 -0.1140
vn -0.0504 0.9922 -0.1139
vn 0.1354 0.9882 0.0720
vn -0.0547 0.9911 -0.1214
vn -0.0590 0.9909 -0.1214
vn -0.0698 0.9888 -0.1320
vn -0.1131 0.9848 -0.1315
vn 0.0759 0.9955 0.0571
vn -0.0308 0.9979 0.0573
vn -0.0341 0.9980 0.0540
vn 0.0814 0.9952 0.0538
vn 0.0210 0.9998 -0.0066
vn -0.1194 0.9928 -0.0066
vn -0.0638 0.9967 0.0495
vn -0.1505 0.9874 0.0490
vn -0.1279 0.9892 0.0720
vn -0.0506 0.9961 0.0725
vn -0.0230 0.9947 0.0999
vn 0.0679 0.9927 0.0997
vn -0.1029 0.9921 -0.0712
vn -0.1149 0.9908 -0.0711
vn 0.0418 0.9954 0.0857
vn 0.0439 0.9954 0.0857
vn 0.0077 0.9987 0.0496
vn 0.0309 0.9983 0.0496
vn -0.0342 0.9993 -0.0154
vn -0.1463 0.9891 -0.0153
vn 0.0434 0.9838 0.1737
vn 0.1453 0.9743 0.1720
vn -0.0507 0.9984 -0.0231
vn -0.1259 0.9918 -0.0230
vn -0.0165 0.9961 0.0868
vn 0.1320 0.9875 0.0861
vn 0.1192 0.9902 0.0732
vn -0.0242 0.9970 0.0737
vn -0.0330 0.9973 0.0649
vn -0.0373 0.9930 -0.1119
vn 0.0792 0.9968 0.0044
vn 0.0573 0.9983 0.0044
vn 0.0869 0.9956 0.0341
vn 0.1215 0.9920 0.0340
vn -0.0426 0.9906 -0.1302
vn 0.0361 0.9908 -0.1303
vn 0.1009 0.9927 -0.0658
vn -0.0264 0.9975 -0.0661
vn -0.0000 0.9992 -0.0397
vn -0.0901 0.9951 -0.0396
vn -0.1310 0.9881 -0.0808
vn 0.0648 0.9946 -0.0813
vn 0.0022 0.9897 -0.1432
vn -0.0251 0.9894 -0.1432
vn -0.0077 0.9920 -0.1260
vn -0.0926 0.9878 -0.1255
vn -0.0165 0.9986 -0.0496
vn 0.0154 0.9986 -0.0496
vn 0.0077 0.9983 -0.0573
vn -0.0890 0.9944 -0.0571
vn -0.1159 0.9897 -0.0842
vn -0.0985 0.9916 -0.0843
vn 0.0276 0.9987 0.0419
vn 0.0342 0.9985 0.0419
vn -0.0813 0.9940 -0.0736
vn -0.1288 0.9890 -0.0732
vn -0.0055 0.9987 0.0508
vn 0.0715 0.9962 0.0506
vn 0.0562 0.9978 0.0353
vn -0.0287 0.9990 0.0353
vn -0.0923 0.9953 -0.0286
vn -0.0055 0.9996 -0.0287
vn 0.0823 0.9948 0.0593
vn -0.0671 0.9960 0.0594
vn -0.0374 0.9953 0.0891
vn 0.1616 0.9829 0.0880
vn -0.0241 0.9948 -0.0989
vn -0.1017 0.9899 -0.0984
vn 0.0033 1.0000 0.0066
vn 0.1633 0.9866 0.0065
vn 0.0855 0.9937 -0.0725
vn -0.1106 0.9912 -0.0723
vn 0.1044 0.9843 0.1424
vn 0.1161 0.9830 0.1423
vn 0.0385 0.9971 0.0650
vn 0.0088 0.9978 0.0650
vn -0.0879 0.9956 -0.0319
vn 0.0792 0.9963 -0.0319
vn 0.1195 0.9928 0.0088
vn 0.0517 0.9971 0.0562
vn 0.0187 0.9982 0.0562
vn -0.0606 0.9979 -0.0232
vn 0.1064 0.9941 -0.0231
vn 0.0373 0.9950 -0.0923
vn -0.0077 0.9957 -0.0924
vn -0.0557 0.9886 -0.1398
vn -0.1353 0.9810 -0.1387
vn 0.0909 0.9920 0.0877
vn 0.0996 0.9912 0.0876
vn -0.0725 0.9938 -0.0845
vn -0.0352 0.9958 -0.0847
vn -0.0978 0.9843 -0.1468
vn -0.0044 0.9891 -0.1475
vn 0.1107 0.9933 -0.0329
vn -0.1581 0.9869 -0.0327
vn -0.0682 0.9960 0.0583
vn -0.0572 0.9967 0.0584
vn -0.0308 0.9959 0.0847
vn 0.0899 0.9924 0.0844
vn 0.0166 0.9998 0.0110
vn -0.1812 0.9834 0.0109
vn -0.0294 0.9861 0.1634
vn 0.0986 0.9817 0.1627
vn -0.0529 0.9985 0.0121
vn -0.0902 0.9958 0.0121
vn -0.0584 0.9973 0.0441
vn -0.0143 0.9989 0.0441
vn 0.0634 0.9906 0.1215
vn 0.0449 0.9916 0.1216
vn -0.0891 0.9959 -0.0121
vn -0.0022 0.9999 -0.0122
vn 0.0528 0.9977 0.0430
vn -0.0077 0.9990 0.0430
vn 0.0275 0.9966 0.0782
vn -0.0209 0.9967 0.0782
vn -0.0759 0.9968 0.0231
vn 0.1292 0.9913 0.0230
vn 0.0441 0.9971 -0.0628
vn 0.0462 0.9970 -0.0628
vn 0.0814 0.9963 -0.0275
vn -0.0868 0.9958 -0.0275
vn 0.0623 0.9906 0.1215
vn 0.1644 0.9791 0.1201
vn -0.0154 0.9980 -0.0606
vn 0.0659 0.9960 -0.0605
vn 0.0022 0.9923 -0.1239
vn -0.1133 0.9859 -0.1231
vn 0.0011 1.0000 -0.0088
vn 0.0331 0.9995 -0.0000
vn 0.1357 0.9907 -0.0000
vn 0.1239 0.9922 -0.0121
vn -0.0551 0.9984 -0.0121
vn -0.0276 0.9995 0.0155
vn -0.0704 0.9974 0.0154
vn -0.1534 0.9858 -0.0686
vn 0.0758 0.9947 -0.0692
vn 0.0648 0.9947 -0.0802
vn -0.0341 0.9962 -0.0803
vn -0.0165 0.9979 -0.0628
vn 0.0209 0.9978 -0.0628
vn 0.0441 0.9982 -0.0397
vn -0.0638 0.9972 -0.0397
vn -0.1452 0.9819 -0.1215
vn -0.1272 0.9844 -0.1218
vn -0.0386 0.9987 -0.0331
vn -0.0232 0.9992 -0.0331
vn 0.0616 0.9968 0.0518
vn -0.1030 0.9933 0.0516
vn -0.0208 0.9908 0.1335
vn 0.0416 0.9902 0.1335
vn 0.0132 0.9943 0.1055
vn 0.0077 0.9944 0.1055
vn -0.0572 0.9975 0.0408
vn -0.0342 0.9986 0.0408
vn -0.0452 0.9985 0.0298
vn 0.0441 0.9986 0.0298
vn 0.0099 0.9999 -0.0044
vn -0.0508 0.9987 -0.0044
vn 0.0840 0.9880 0.1299
vn -0.0164 0.9913 0.1303
vn -0.0011 0.9894 0.1454
vn 0.1183 0.9824 0.1443
vn -0.0033 0.9997 0.0232
vn -0.0331 0.9992 0.0232
vn -0.0781 0.9967 -0.0220
vn 0.0792 0.9967 -0.0176
vn 0.0319 0.9974 -0.0649
vn 0.0868 0.9941 -0.0647
vn 0.0758 0.9942 -0.0757
vn -0.0429 0.9962 -0.0758
vn 0.0309 0.9995 -0.0022
vn 0.1011 0.9949 -0.0022
vn -0.0886 0.9778 -0.1899
vn -0.0000 0.9817 -0.1906
vn 0.0239 0.9856 -0.1675
vn -0.1296 0.9776 -0.1661
vn 0.0144 0.9996 -0.0232
vn 0.0022 0.9997 -0.0232
vn -0.0176 0.9989 -0.0430
vn -0.0077 0.9990 -0.0430
vn -0.0538 0.9946 -0.0889
vn -0.0165 0.9959 -0.0890
vn 0.0584 0.9982 -0.0143
vn 0.0077 0.9999 -0.0143
vn 0.0320 0.9994 0.0099
vn -0.1163 0.9932 0.0099
vn -0.1000 0.9946 0.0263
vn 0.0276 0.9993 0.0265
vn -0.0495 0.9975 -0.0506
vn -0.0814 0.9954 -0.0505
vn 0.1087 0.9843 0.1390
vn -0.0055 0.9902 0.1399
vn -0.0384 0.9935 0.1074
vn 0.0559 0.9926 0.1073
vn -0.0738 0.9970 -0.0220
vn -0.0923 0.9955 -0.0220
vn -0.0110 0.9982 0.0595
vn 0.1316 0.9853 0.1087
vn -0.0373 0.9933 0.1096
vn -0.1271 0.9917 0.0197
vn -0.0243 0.9995 0.0199
vn 0.1063 0.9830 0.1497
vn 0.0033 0.9886 0.1505
vn 0.0337 0.9831 0.1801
vn 0.0844 0.9801 0.1795
vn 0.0285 0.9918 0.1248
vn 0.1046 0.9867 0.1241
vn -0.0551 0.9979 -0.0352
vn 0.0386 0.9986 -0.0353
vn 0.0187 0.9983 -0.0551
vn -0.0878 0.9946 -0.0549
vn 0.0647 0.9931 0.0975
vn 0.1190 0.9881 0.0970
vn -0.0756 0.9924 -0.0975
vn 0.0515 0.9939 -0.0976
vn 0.1052 0.9935 -0.0439
vn -0.0606 0.9972 -0.0440
vn -0.1189 0.9876 -0.1024
vn 0.0373 0.9940 -0.1031
vn -0.0055 0.9894 -0.1452
vn -0.0557 0.9879 -0.1450
vn 0.1184 0.9926 0.0285
vn 0.0912 0.9954 0.0286
vn 0.0529 0.9986 -0.0099
vn -0.0727 0.9973 -0.0099
vn -0.0154 0.9988 0.0474
vn -0.0987 0.9940 0.0472
vn -0.0911 0.9943 0.0549
vn 0.1106 0.9924 0.0548
vn 0.0187 0.9991 -0.0375
vn -0.0683 0.9970 -0.0374
vn -0.0901 0.9942 -0.0592
vn -0.0308 0.9978 -0.0595
vn 0.0496 0.9986 0.0209
vn 0.0166 0.9996 0.0210
vn -0.0298 0.9995 0.0143
vn 0.0022 0.9989 0.0463
vn -0.0528 0.9975 0.0462
vn -0.1577 0.9857 -0.0598
vn -0.0583 0.9965 -0.0605
vn 0.0309 0.9991 0.0287
vn 0.0638 0.9975 0.0286
vn 0.0088 0.9996 -0.0265
vn -0.0891 0.9957 -0.0264
vn 0.0774 0.9872 0.1394
vn 0.0524 0.9888 0.1397
vn -0.0374 0.9980 0.0507
vn 0.0276 0.9983 0.0507
vn -0.0496 0.9984 -0.0264
vn -0.0759 0.9968 -0.0264
vn 0.0286 0.9965 0.0781
vn 0.0440 0.9960 0.0780
vn 0.0755 0.9911 0.1094
vn 0.0809 0.9907 0.1093
vn 0.0011 0.9996 0.0298
vn 0.0627 0.9976 0.0297
vn -0.0668 0.9928 -0.0997
vn -0.0154 0.9949 -0.0999
vn 0.1462 0.9873 0.0621
vn 0.0022 0.9980 0.0628
vn -0.0912 0.9954 -0.0308
vn 0.0011 0.9995 -0.0309
vn -0.0000 0.9995 -0.0320
vn 0.0331 0.9989 -0.0320
vn 0.0408 0.9989 -0.0242
vn 0.1238 0.9920 -0.0241
vn -0.0033 0.9886 -0.1505
vn -0.0273 0.9882 -0.1505
vn -0.0638 0.9805 -0.1861
vn -0.1511 0.9712 -0.1843
vn 0.1008 0.9927 0.0668
vn 0.0649 0.9956 0.0670
vn -0.0834 0.9932 -0.0811
vn -0.0165 0.9965 -0.0814
vn -0.0066 0.9974 -0.0715
vn 0.0440 0.9965 -0.0715
vn -0.0164 0.9912 -0.1313
vn -0.1450 0.9809 -0.1299
vn 0.1014 0.9880 0.1166
vn -0.0384 0.9924 0.1172
vn -0.1260 0.9916 0.0295
vn 0.0616 0.9977 0.0297
vn 0.0408 0.9991 0.0088
vn -0.0210 0.9997 0.0088
vn 0.0286 0.9979 0.0584
vn 0.0132 0.9982 0.0584
vn -0.1467 0.9839 -0.1021
vn -0.0570 0.9930 -0.1030
vn 0.1041 0.9929 0.0581
vn -0.0452 0.9973 0.0583
vn -0.0397 0.9972 0.0638
vn 0.0275 0.9963 0.0814
vn 0.0845 0.9931 0.0811
vn 0.0375 0.9987 0.0342
vn -0.0011 0.9994 0.0342
vn -0.0232 0.9997 0.0121
vn -0.0463 0.9984 -0.0308
vn -0.0781 0.9965 -0.0308
vn 0.0099 0.9983 0.0573
vn 0.0320 0.9994 0.0132
vn 0.1049 0.9907 0.0865
vn 0.0757 0.9934 0.0867
vn -0.0210 0.9997 -0.0099
vn 0.0309 0.9995 -0.0099
vn -0.0957 0.9860 -0.1362
vn -0.0894 0.9866 -0.1362
vn 0.0541 0.9985 0.0066
vn 0.0243 0.9997 0.0066
vn -0.0385 0.9977 -0.0562
vn 0.0143 0.9983 -0.0562
vn 0.0496 0.9985 -0.0210
vn -0.0176 0.9996 -0.0210
vn 0.0066 1.0000 0.0033
vn -0.0541 0.9985 0.0033
vn 0.0667 0.9901 0.1236
vn 0.0579 0.9906 0.1237
vn -0.1405 0.9872 -0.0753
vn 0.0319 0.9966 -0.0760
vn -0.0120 0.9928 -0.1195
vn -0.0993 0.9879 -0.1190
vn 0.0331 0.9994 0.0132
vn -0.0496 0.9987 0.0132
vn 0.0859 0.9852 0.1480
vn 0.1086 0.9831 0.1477
vn -0.0727 0.9968 -0.0330
vn -0.0088 1.0000 -0.0033
vn -0.0738 0.9973 -0.0033
vn 0.0698 0.9877 0.1397
vn -0.0109 0.9901 0.1400
vn -0.0164 0.9908 0.1346
vn 0.1312 0.9823 0.1335
vn -0.0887 0.9923 -0.0866
vn -0.1266 0.9882 -0.0862
vn 0.1107 0.9823 0.1508
vn 0.1063 0.9828 0.1509
vn -0.0584 0.9982 -0.0132
vn 0.0342 0.9993 -0.0132
vn 0.1020 0.9933 0.0549
vn 0.0286 0.9981 0.0551
vn 0.0077 0.9994 0.0342
vn -0.0551 0.9979 0.0342
vn -0.0000 0.9960 0.0891
vn 0.0187 0.9958 0.0891
vn -0.0419 0.9987 0.0287
vn 0.0649 0.9975 0.0287
vn -0.1032 0.9849 -0.1393
vn -0.0753 0.9873 -0.1396
vn 0.0672 0.9977 0.0022
vn 0.1053 0.9944 0.0022
vn 0.0209 0.9964 -0.0826
vn -0.1191 0.9895 -0.0820
vn 0.0647 0.9927 0.1020
vn -0.0055 0.9947 0.1022
vn -0.0671 0.9969 0.0407
vn 0.1184 0.9921 0.0406
vn 0.0804 0.9968 0.0022
vn 0.0529 0.9986 0.0022
vn 0.0143 0.9992 -0.0364
vn -0.0155 0.9992 -0.0364
vn -0.0430 0.9970 -0.0639
vn -0.0910 0.9938 -0.0637
vn 0.0154 0.9990 0.0430
vn 0.0187 0.9989 0.0430
vn -0.0921 0.9934 -0.0680
vn -0.0900 0.9936 -0.0681
vn 0.0386 0.9974 0.0606
vn 0.0495 0.9969 0.0606
vn -0.0143 0.9999 -0.0033
vn 0.0099 0.9999 -0.0033
vn 0.0639 0.9967 0.0506
vn 0.0022 0.9987 0.0508
vn -0.0232 0.9994 0.0254
vn -0.1579 0.9871 0.0251
vn 0.0451 0.9731 0.2258
vn 0.0301 0.9737 0.2259
vn -0.0349 0.9859 0.1634
vn 0.0087 0.9865 0.1635
vn -0.1280 0.9914 0.0274
vn 0.0782 0.9966 0.0275
vn 0.0530 0.9986 0.0022
vn -0.0375 0.9993 0.0022
vn 0.0538 0.9942 0.0934
vn -0.0494 0.9944 0.0934
vn -0.0560 0.9946 0.0868
vn 0.0286 0.9958 0.0869
vn -0.0540 0.9985 0.0044
vn 0.0760 0.9971 0.0044
vn 0.0143 0.9983 -0.0573
vn 0.0011 0.9984 -0.0574
vn 0.0463 0.9989 -0.0121
vn -0.0672 0.9977 -0.0121
vn 0.0623 0.9912 0.1172
vn 0.1454 0.9825 0.1161
vn 0.0155 0.9998 -0.0144
vn -0.0912 0.9957 -0.0143
vn -0.0055 0.9974 0.0716
vn -0.0000 0.9974 0.0716
vn -0.1333 0.9891 -0.0623
vn 0.0407 0.9972 -0.0628
vn 0.0055 0.9952 -0.0978
vn -0.0033 0.9952 -0.0978
vn 0.0132 0.9966 -0.0815
vn -0.0648 0.9946 -0.0813
vn -0.0055 0.9997 -0.0221
vn 0.1010 0.9946 -0.0220
vn -0.0836 0.9963 -0.0220
vn -0.0782 0.9968 -0.0165
vn -0.0066 0.9998 -0.0166
vn 0.0984 0.9912 0.0887
vn -0.0165 0.9959 0.0891
vn -0.0044 0.9949 0.1011
vn 0.1016 0.9897 0.1006
vn -0.1037 0.9891 -0.1049
vn -0.1253 0.9866 -0.1046
vn 0.1057 0.9863 0.1264
vn 0.0405 0.9911 0.1270
vn -0.0726 0.9973 0.0143
vn 0.0287 0.9995 0.0144
vn -0.1475 0.9891 -0.0044
vn -0.0912 0.9944 0.0527
vn 0.1041 0.9932 0.0527
vn 0.0900 0.9952 0.0385
vn -0.0397 0.9985 0.0386
vn 0.0264 0.9942 0.1043
vn 0.0274 0.9942 0.1043
vn -0.0836 0.9965 -0.0066
vn 0.0375 0.9993 -0.0066
vn 0.0923 0.9946 0.0483
vn -0.0231 0.9986 0.0485
vn -0.1437 0.9869 -0.0730
vn -0.0462 0.9962 -0.0737
vn 0.0110 0.9998 -0.0166
vn 0.0099 0.9998 -0.0166
vn -0.0121 0.9992 -0.0386
vn 0.1053 0.9944 -0.0011
vn 0.0638 0.9970 -0.0429
vn -0.0210 0.9989 -0.0430
vn -0.0132 0.9993 -0.0353
vn -0.0966 0.9947 -0.0351
vn 0.0540 0.9979 -0.0352
vn 0.0452 0.9980 -0.0440
vn -0.0386 0.9983 -0.0441
vn -0.0462 0.9976 -0.0517
vn 0.0496 0.9974 -0.0517
vn 0.0913 0.9958 -0.0099
vn 0.0066 0.9999 -0.0099
vn -0.0560 0.9958 -0.0725
vn 0.0671 0.9951 -0.0725
vn -0.0391 0.9835 -0.1769
vn -0.1387 0.9747 -0.1753
vn 0.1126 0.9908 0.0754
vn -0.0121 0.9970 0.0759
vn -0.0814 0.9967 0.0066
vn 0.0331 0.9994 0.0066
vn 0.1349 0.9849 0.1087
vn 0.0863 0.9903 0.1093
vn -0.0769 0.9956 -0.0538
vn -0.0726 0.9959 -0.0538
vn 0.1216 0.9827 0.1399
vn -0.0087 0.9900 0.1409
vn -0.0241 0.9918 0.1259
vn 0.0700 0.9896 0.1256
vn 0.0385 0.9948 0.0944
vn -0.0165 0.9954 0.0945
vn -0.0886 0.9916 0.0941
vn -0.0568 0.9904 0.1257
vn 0.1111 0.9859 0.1251
vn -0.0507 0.9981 -0.0363
vn -0.0583 0.9976 -0.0363
vn -0.0033 0.9998 0.0188
vn 0.1022 0.9946 0.0187
vn -0.0242 0.9939 -0.1075
vn 0.0077 0.9942 -0.1075
vn 0.1097 0.9940 -0.0055
vn -0.1271 0.9830 -0.1323
vn -0.0415 0.9902 -0.1333
vn 0.0825 0.9965 -0.0099
vn -0.1043 0.9945 -0.0099
vn -0.0484 0.9978 0.0462
vn 0.0672 0.9967 0.0462
vn -0.0132 0.9993 -0.0342
vn 0.0209 0.9992 -0.0342
vn 0.0781 0.9967 0.0231
vn 0.0650 0.9976 0.0231
vn 0.0011 0.9992 -0.0408
vn -0.0671 0.9969 -0.0407
vn -0.0221 0.9997 0.0044
vn 0.0804 0.9968 0.0044
vn 0.0254 0.9984 -0.0507
vn 0.0143 0.9986 -0.0507
vn -0.0558 0.9912 -0.1203
vn -0.0427 0.9918 -0.1204
vn -0.0132 0.9957 -0.0912
vn 0.0154 0.9957 -0.0912
vn 0.0418 0.9970 -0.0649
vn -0.0921 0.9936 -0.0647
vn 0.1012 0.9865 0.1285
vn 0.0383 0.9909 0.1290
vn -0.1313 0.9905 -0.0404
vn -0.0143 0.9991 -0.0408
vn 0.0353 0.9993 0.0088
vn 0.0639 0.9979 0.0088
vn -0.0011 0.9984 -0.0562
vn -0.0231 0.9982 -0.0562
vn 0.1568 0.9798 0.1243
vn 0.0459 0.9910 0.1258
vn -0.1236 0.9914 -0.0438
vn -0.0353 0.9984 -0.0441
vn 0.0942 0.9919 0.0854
vn -0.1276 0.9882 0.0851
vn -0.0315 0.9831 0.1801
vn 0.0521 0.9823 0.1799
vn 0.0531 0.9822 0.1799
vn -0.0219 0.9941 0.1064
vn -0.0559 0.9928 0.1063
vn -0.0460 0.9922 0.1161
vn -0.0536 0.9918 0.1160
vn -0.0448 0.9912 0.1247
vn 0.0142 0.9921 0.1248
vn 0.0328 0.9892 0.1430
vn 0.0458 0.9887 0.1429
vn -0.0748 0.9969 0.0231
vn 0.0628 0.9978 0.0231
vn 0.0011 0.9993 -0.0386
vn 0.0155 0.9991 -0.0386
vn -0.0055 0.9992 -0.0386
vn -0.0926 0.9878 -0.1253
vn -0.1325 0.9833 -0.1248
vn 0.0419 0.9979 0.0496
vn 0.0055 0.9988 0.0496
vn 0.0385 0.9959 0.0824
vn 0.0132 0.9965 0.0825
vn -0.0430 0.9987 0.0264
vn -0.0055 0.9996 0.0265
vn -0.0342 0.9994 -0.0022
vn 0.1010 0.9949 -0.0022
vn -0.0328 0.9902 -0.1355
vn -0.0775 0.9878 -0.1352
vn 0.1021 0.9938 0.0439
vn 0.0987 0.9941 0.0439
vn -0.1321 0.9736 -0.1859
vn -0.0043 0.9823 -0.1875
vn 0.1528 0.9878 -0.0316
vn -0.1042 0.9940 -0.0318
vn -0.1374 0.9883 -0.0654
vn 0.1063 0.9922 -0.0657
vn 0.1741 0.9847 0.0033
vn -0.0726 0.9974 0.0033
vn -0.0353 0.9985 0.0408
vn 0.0099 0.9991 0.0408
vn 0.0077 0.9992 0.0386
vn -0.0912 0.9951 0.0384
vn -0.0495 0.9955 0.0802
vn 0.0898 0.9927 0.0800
vn 0.1102 0.9888 0.1004
vn 0.0264 0.9945 0.1010
vn -0.0165 0.9982 0.0584
vn -0.0834 0.9948 0.0582
vn -0.1085 0.9935 0.0329
vn 0.0923 0.9952 0.0329
vn -0.0198 0.9967 -0.0792
vn -0.1437 0.9865 -0.0784
vn 0.1411 0.9685 0.2052
vn 0.0108 0.9782 0.2072
vn -0.0174 0.9835 0.1801
vn -0.0119 0.9836 0.1802
vn -0.0546 0.9888 0.1386
vn 0.0639 0.9977 0.0220
vn -0.0808 0.9892 -0.1224
vn -0.0132 0.9923 -0.1228
vn -0.0651 0.9826 -0.1737
vn -0.0952 0.9803 -0.1733
vn 0.0397 0.9984 -0.0397
vn 0.0452 0.9982 -0.0397
vn 0.0474 0.9982 -0.0375
vn -0.0463 0.9982 -0.0375
vn 0.0198 0.9994 0.0287
vn 0.0913 0.9954 0.0286
vn 0.0364 0.9990 -0.0265
vn -0.0562 0.9981 -0.0265
vn 0.0143 0.9989 0.0441
vn -0.0397 0.9982 0.0441
vn -0.1173 0.9925 -0.0340
vn 0.1129 0.9930 -0.0340
vn 0.0252 0.9923 -0.1217
vn -0.0808 0.9893 -0.1213
vn 0.1158 0.9904 0.0755
vn 0.1353 0.9879 0.0753
vn 0.0563 0.9984 -0.0044
vn -0.0770 0.9970 -0.0044
vn -0.0836 0.9964 -0.0110
vn 0.1228 0.9924 -0.0110
vn 0.1379 0.9904 0.0044
vn -0.0243 0.9997 0.0044
vn -0.0088 0.9998 0.0199
vn 0.0386 0.9991 0.0199
vn -0.0681 0.9939 -0.0867
vn -0.0165 0.9961 -0.0869
vn 0.1605 0.9828 0.0912
vn -0.0570 0.9941 0.0922
vn -0.0537 0.9940 0.0955
vn -0.0505 0.9941 0.0955
vn 0.0250 0.9852 0.1698
vn -0.0033 0.9855 0.1698
vn -0.0514 0.9911 0.1226
vn -0.0241 0.9921 0.1228
vn -0.0988 0.9939 0.0483
vn 0.1096 0.9928 0.0483
vn -0.0187 0.9966 -0.0804
vn -0.1278 0.9886 -0.0797
vn 0.0187 0.9976 0.0672
vn 0.0823 0.9944 0.0670
vn -0.0319 0.9984 -0.0474
vn -0.0484 0.9977 -0.0474
vn 0.0692 0.9951 0.0704
vn -0.0132 0.9974 0.0705
vn -0.0727 0.9973 0.0110
vn 0.0781 0.9969 0.0110
vn -0.0022 0.9976 -0.0694
vn 0.0011 0.9976 -0.0694
vn -0.0286 0.9947 -0.0989
vn -0.0220 0.9949 -0.0989
vn 0.1031 0.9943 0.0264
vn 0.0254 0.9993 0.0265
vn -0.0725 0.9948 -0.0714
vn -0.0560 0.9959 -0.0715
vn 0.1241 0.9863 0.1090
vn -0.0132 0.9939 0.1098
vn -0.0869 0.9956 0.0363
vn 0.0419 0.9985 0.0364
vn -0.1539 0.9751 -0.1594
vn 0.1008 0.9819 -0.1605
vn -0.1353 0.9154 -0.3792
vn -0.1216 0.9170 -0.3799
vn -0.1052 0.9248 -0.3657
vn 0.0328 0.9294 -0.3676
vn 0.2331 0.9559 -0.1785
vn -0.0011 0.9830 -0.1835
vn 0.2308 0.9717 0.0505
vn 0.1578 0.9861 0.0512
vn 0.1302 0.9912 0.0230
vn -0.1237 0.9921 0.0230
vn 0.0065 0.9882 0.1528
vn 0.0935 0.9839 0.1522
vn 0.1062 0.9806 0.1647
vn -0.0315 0.9857 0.1655
vn -0.0589 0.9886 0.1387
vn 0.0524 0.9889 0.1387
vn -0.0529 0.9980 0.0342
vn -0.0221 0.9992 0.0342
vn -0.0143 0.9990 0.0419
vn -0.0463 0.9980 0.0419
vn 0.0427 0.9906 0.1302
vn -0.0448 0.9905 0.1302
vn -0.0098 0.9863 0.1645
vn 0.0327 0.9858 0.1645
vn -0.0879 0.9951 0.0451
vn -0.0747 0.9962 0.0451
vn -0.0143 0.9943 0.1055
vn 0.0011 0.9944 0.1055
vn -0.1064 0.9943 -0.0022
vn 0.0155 0.9999 -0.0022
vn -0.0353 0.9980 -0.0529
vn -0.0933 0.9942 -0.0527
vn 0.0483 0.9949 0.0890
vn 0.0418 0.9952 0.0890
vn -0.1818 0.9739 -0.1356
vn 0.0382 0.9897 -0.1378
vn -0.0184 0.9810 -0.1929
vn -0.0422 0.9803 -0.1928
vn 0.1130 0.9928 -0.0395
vn -0.0342 0.9986 -0.0397
vn -0.0187 0.9995 -0.0243
vn -0.0331 0.9992 -0.0243
vn -0.1166 0.9873 -0.1080
vn 0.1016 0.9889 -0.1082
vn 0.1729 0.9843 -0.0359
vn -0.1344 0.9903 -0.0361
vn -0.0044 0.9955 0.0946
vn 0.1522 0.9839 0.0935
vn -0.1374 0.9880 -0.0709
vn -0.0573 0.9983 0.0099
vn 0.1740 0.9847 0.0098
vn 0.1656 0.9862 0.0011
vn -0.0353 0.9994 0.0011
vn -0.0551 0.9983 -0.0187
vn 0.0077 0.9998 -0.0188
vn -0.0496 0.9979 -0.0408
vn 0.0441 0.9976 0.0529
vn 0.1106 0.9925 0.0526
vn 0.0474 0.9988 -0.0110
vn -0.0166 0.9998 -0.0110
vn -0.0276 0.9994 -0.0221
vn -0.1086 0.9938 -0.0220
vn -0.0099 0.9970 0.0771
vn -0.0198 0.9968 0.0771
vn 0.0328 0.9911 0.1292
vn 0.1430 0.9814 0.1279
vn 0.0232 0.9997 0.0077
vn -0.0177 0.9998 0.0077
vn -0.0835 0.9948 -0.0582
vn -0.0550 0.9968 -0.0584
vn -0.0561 0.9967 -0.0595
vn -0.0814 0.9964 0.0253
vn -0.1323 0.9909 -0.0262
vn -0.0661 0.9975 -0.0264
vn 0.0110 0.9987 0.0507
vn 0.0396 0.9979 0.0507
vn 0.0243 0.9991 0.0353
vn 0.0474 0.9983 0.0352
vn -0.0386 0.9980 -0.0507
vn 0.0198 0.9985 -0.0507
vn 0.0463 0.9986 -0.0242
vn 0.0364 0.9990 -0.0243
vn -0.1177 0.9772 -0.1768
vn 0.0141 0.9839 -0.1781
vn 0.0688 0.9898 -0.1245
vn -0.1165 0.9854 -0.1240
vn 0.0529 0.9976 0.0451
vn 0.0253 0.9987 0.0452
vn -0.0375 0.9991 -0.0176
vn 0.1162 0.9931 -0.0175
vn 0.0494 0.9952 -0.0846
vn 0.0561 0.9948 -0.0845
vn 0.1195 0.9926 -0.0208
vn -0.0836 0.9963 -0.0209
vn 0.1049 0.9804 0.1666
vn 0.1360 0.9767 0.1660
vn -0.0584 0.9979 -0.0275
vn -0.0088 0.9996 -0.0276
vn 0.0953 0.9925 0.0767
vn -0.0681 0.9947 0.0768
vn -0.0406 0.9937 0.1042
vn 0.1603 0.9817 0.1029
vn 0.1052 0.9933 0.0471
vn -0.0539 0.9974 0.0473
vn -0.1151 0.9933 -0.0142
vn 0.0254 0.9996 -0.0143
vn -0.0110 0.9987 -0.0507
vn -0.0517 0.9974 -0.0506
vn 0.1079 0.9882 0.1090
vn -0.0983 0.9891 0.1091
vn -0.1267 0.9887 0.0807
vn -0.0187 0.9965 0.0814
vn 0.1063 0.9732 0.2040
vn 0.0184 0.9786 0.2052
vn -0.0294 0.9868 0.1590
vn -0.0316 0.9868 0.1590
vn -0.0918 0.9908 0.0995
vn 0.0690 0.9926 0.0997
vn -0.0362 0.9933 0.1096
vn -0.0022 0.9940 0.1097
vn -0.0285 0.9936 0.1096
vn -0.0759 0.9952 0.0626
vn 0.1030 0.9927 0.0624
vn -0.0154 0.9983 -0.0562
vn -0.0726 0.9958 -0.0560
vn -0.0441 0.9986 -0.0275
vn 0.1248 0.9918 -0.0274
vn 0.0394 0.9928 -0.1128
vn -0.0864 0.9899 -0.1125
vn -0.2192 0.9447 -0.2439
vn -0.1510 0.9571 -0.2471
vn -0.4463 0.7287 -0.5194
vn -0.1195 0.8085 -0.5763
vn -0.3620 0.6087 -0.7060
vn -0.0741 0.6512 -0.7553
vn -0.1780 0.5859 -0.7906
vn 0.1437 0.5892 -0.7951
vn 0.1212 0.5811 -0.8047
vn 0.1377 0.5799 -0.8030
vn 0.5752 0.6557 -0.4891
vn 0.1047 0.7972 -0.5946
vn 0.5638 0.8124 -0.1488
vn 0.0065 0.9836 -0.1802
vn 0.3351 0.9287 0.1588
vn 0.1061 0.9801 0.1676
vn 0.1155 0.9774 0.1769
vn -0.0585 0.9823 0.1778
vn -0.1000 0.9855 0.1370
vn -0.0524 0.9891 0.1375
vn -0.0481 0.9887 0.1418
vn -0.0142 0.9898 0.1420
vn 0.0885 0.9665 0.2410
vn 0.0418 0.9694 0.2418
vn -0.0611 0.9879 0.1428
vn -0.0098 0.9897 0.1431
vn -0.1107 0.9929 0.0427
vn -0.0880 0.9952 0.0428
vn -0.0066 0.9923 0.1237
vn -0.0142 0.9922 0.1237
vn -0.2047 0.9764 -0.0690
vn -0.1062 0.9919 -0.0700
vn 0.0264 0.9977 0.0628
vn -0.0353 0.9974 0.0627
vn 0.0011 0.9951 0.0988
vn 0.0483 0.9939 0.0987
vn -0.0781 0.9966 -0.0275
vn -0.1835 0.9827 -0.0271
vn -0.0494 0.9929 0.1085
vn -0.0186 0.9939 0.1086
vn -0.0395 0.9953 0.0879
vn 0.1126 0.9898 0.0874
vn -0.0842 0.9904 -0.1093
vn -0.0186 0.9938 -0.1097
vn -0.0567 0.9875 -0.1471
vn -0.1160 0.9824 -0.1463
vn 0.0889 0.9943 0.0582
vn 0.1727 0.9833 0.0575
vn -0.0110 0.9918 -0.1270
vn -0.0044 0.9919 -0.1270
vn -0.0446 0.9851 -0.1663
vn -0.0120 0.9860 -0.1665
vn 0.1151 0.9925 -0.0405
vn -0.0572 0.9975 -0.0407
vn 0.0593 0.9954 0.0758
vn 0.1651 0.9834 0.0749
vn -0.0448 0.9898 -0.1354
vn -0.0546 0.9893 -0.1354
vn 0.0748 0.9972 -0.0066
vn -0.0143 0.9999 -0.0066
vn 0.0832 0.9924 0.0909
vn 0.0440 0.9949 0.0911
vn -0.0397 0.9992 0.0077
vn 0.0474 0.9988 0.0077
vn 0.1201 0.9895 0.0808
vn -0.0275 0.9963 0.0814
vn 0.0382 0.9885 0.1462
vn -0.0098 0.9892 0.1463
vn -0.0230 0.9908 0.1334
vn 0.0328 0.9905 0.1333
vn -0.0264 0.9968 0.0748
vn 0.0231 0.9969 0.0748
vn -0.1116 0.9919 -0.0602
vn -0.0835 0.9947 -0.0604
vn 0.0756 0.9923 0.0985
vn -0.0559 0.9935 0.0987
vn -0.0044 0.9888 0.1495
vn -0.1323 0.9910 -0.0197
vn -0.1662 0.9846 -0.0543
vn 0.0110 0.9984 -0.0551
vn 0.0154 0.9986 -0.0507
vn 0.0242 0.9984 -0.0507
vn -0.1026 0.9790 -0.1761
vn -0.0380 0.9835 -0.1769
vn 0.0956 0.9944 -0.0450
vn 0.0462 0.9979 -0.0451
vn 0.0363 0.9978 -0.0551
vn -0.1194 0.9913 -0.0547
vn 0.0088 0.9972 0.0737
vn 0.0692 0.9949 0.0736
vn -0.0714 0.9952 -0.0670
vn 0.0528 0.9963 -0.0671
vn 0.0836 0.9958 -0.0363
vn -0.0375 0.9986 -0.0364
vn -0.0121 0.9999 -0.0110
vn 0.0496 0.9987 -0.0110
vn 0.1195 0.9925 -0.0241
vn 0.1368 0.9906 -0.0066
vn 0.1064 0.9943 -0.0066
vn 0.1237 0.9923 0.0109
vn -0.0584 0.9982 0.0110
vn -0.0826 0.9965 -0.0132
vn 0.0956 0.9953 -0.0132
vn 0.0374 0.9967 -0.0715
vn -0.0407 0.9966 -0.0715
vn 0.0890 0.9943 0.0582
vn 0.1052 0.9928 0.0581
vn 0.0309 0.9994 -0.0165
vn -0.1151 0.9932 -0.0164
vn -0.0319 0.9972 0.0671
vn -0.0110 0.9977 0.0672
vn 0.0762 0.9852 0.1533
vn 0.1073 0.9824 0.1528
vn 0.0526 0.9937 0.0987
vn -0.1265 0.9871 0.0980
vn -0.1749 0.9834 0.0488
vn 0.1085 0.9929 0.0493
vn 0.0693 0.9975 0.0099
vn -0.0298 0.9995 0.0099
vn 0.0055 0.9990 0.0452
vn -0.0922 0.9947 0.0450
vn -0.1086 0.9937 0.0285
vn 0.0430 0.9987 0.0287
vn -0.0121 0.9996 -0.0265
vn -0.0364 0.9990 -0.0265
vn 0.0746 0.9936 0.0844
vn -0.0022 0.9964 0.0847
vn -0.0901 0.9959 -0.0033
vn -0.0760 0.9971 -0.0033
vn -0.1565 0.9840 -0.0847
vn -0.0154 0.9962 -0.0857
vn -0.0900 0.9831 -0.1595
vn -0.0436 0.9862 -0.1600
vn -0.1947 0.9324 -0.3045
vn 0.0377 0.9499 -0.3103
vn -0.2930 0.7652 -0.5733
vn -0.1825 0.7868 -0.5895
vn -0.2896 0.7008 -0.6519
vn -0.4092 0.6681 -0.6215
vn -0.4906 0.5592 -0.6683
vn -0.3566 0.5996 -0.7165
vn -0.2871 0.6671 -0.6875
vn -0.2070 0.6813 -0.7021
vn -0.0946 0.7578 -0.6456
vn 0.1568 0.7518 -0.6405
vn -0.0613 0.6536 -0.7544
vn 0.4981 0.5678 -0.6554
vn 0.3339 0.5436 -0.7701
vn 0.3716 0.5354 -0.7585
vn 0.6179 0.5561 -0.5559
vn 0.2473 0.6852 -0.6851
vn 0.6903 0.6829 -0.2389
vn 0.1109 0.9381 -0.3281
vn 0.3198 0.9398 -0.1203
vn -0.1002 0.9869 -0.1263
vn 0.1168 0.9890 0.0906
vn -0.0483 0.9947 0.0911
vn 0.0584 0.9790 0.1955
vn 0.0895 0.9767 0.1951
vn 0.0153 0.9923 0.1226
vn -0.0613 0.9906 0.1224
vn 0.0043 0.9825 0.1865
vn -0.1088 0.9766 0.1854
vn -0.2148 0.9735 0.0784
vn -0.0066 0.9967 0.0803
vn -0.0694 0.9974 0.0176
vn -0.2052 0.9786 0.0173
vn -0.0162 0.9784 0.2062
vn 0.0259 0.9782 0.2062
vn 0.0011 0.9955 0.0945
vn -0.2021 0.9731 -0.1106
vn -0.0776 0.9906 -0.1126
vn -0.0497 0.9988 -0.0022
vn -0.0364 0.9993 0.0110
vn -0.0397 0.9992 0.0110
vn -0.0595 0.9982 -0.0088
vn -0.0848 0.9964 -0.0088
vn -0.1151 0.9926 -0.0394
vn -0.0572 0.9976 -0.0396
vn -0.0331 0.9993 -0.0154
vn 0.0890 0.9959 -0.0154
vn 0.0977 0.9952 -0.0066
vn -0.0110 0.9999 -0.0066
vn -0.0540 0.9973 -0.0495
vn -0.0451 0.9978 -0.0495
vn 0.1151 0.9925 0.0416
vn 0.0298 0.9986 -0.0441
vn 0.0594 0.9973 -0.0440
vn 0.1366 0.9901 0.0339
vn -0.0452 0.9984 0.0342
vn -0.0562 0.9981 0.0231
vn 0.0748 0.9969 0.0231
vn 0.1664 0.9793 0.1156
vn 0.0830 0.9897 0.1169
vn 0.0461 0.9957 0.0802
vn -0.0396 0.9960 0.0802
vn -0.0484 0.9963 0.0715
vn 0.1202 0.9902 0.0710
vn -0.0253 0.9969 -0.0748
vn 0.0385 0.9965 -0.0748
vn 0.0529 0.9968 -0.0605
vn -0.0231 0.9979 -0.0606
vn -0.0275 0.9975 -0.0649
vn -0.0264 0.9975 -0.0649
vn -0.0132 0.9986 -0.0518
vn -0.1117 0.9924 -0.0515
vn 0.0077 0.9976 0.0683
vn 0.0758 0.9948 0.0681
vn -0.0822 0.9926 -0.0898
vn -0.0044 0.9959 -0.0901
vn -0.0535 0.9889 -0.1386
vn -0.1648 0.9763 -0.1402
vn 0.0680 0.9933 0.0933
vn 0.0154 0.9955 0.0935
vn -0.0683 0.9976 0.0099
vn -0.1043 0.9945 0.0099
vn -0.0572 0.9967 0.0573
vn 0.0955 0.9938 0.0571
vn -0.0319 0.9970 -0.0705
vn 0.0363 0.9969 -0.0705
vn 0.0165 0.9958 -0.0902
vn 0.0088 0.9959 -0.0902
vn -0.0556 0.9866 -0.1537
vn -0.0707 0.9856 -0.1535
vn 0.0770 0.9970 -0.0066
vn 0.0837 0.9965 -0.0066
vn -0.0033 0.9956 -0.0935
vn -0.0121 0.9955 -0.0935
vn 0.0463 0.9983 -0.0353
vn 0.0364 0.9987 -0.0353
vn 0.2221 0.9629 0.1532
vn 0.1351 0.9785 0.1557
vn 0.0232 0.9988 0.0441
vn 0.1236 0.9914 0.0438
vn -0.0567 0.9890 -0.1366
vn -0.0818 0.9873 -0.1363
vn 0.2090 0.9654 0.1557
vn 0.0370 0.9866 0.1591
vn 0.0044 0.9919 0.1271
vn 0.0884 0.9880 0.1266
vn 0.0798 0.9898 0.1181
vn 0.0307 0.9925 0.1184
vn -0.0551 0.9979 0.0331
vn -0.0320 0.9989 0.0331
vn 0.0569 0.9910 0.1215
vn 0.0765 0.9897 0.1214
vn -0.0617 0.9980 -0.0165
vn 0.0529 0.9985 -0.0165
vn -0.0165 0.9962 -0.0858
vn -0.1745 0.9810 -0.0845
vn 0.0110 0.9947 0.1022
vn 0.0690 0.9924 0.1020
vn 0.0937 0.9875 0.1265
vn 0.0055 0.9919 0.1271
vn -0.0616 0.9963 0.0605
vn -0.1084 0.9923 0.0603
vn -0.0602 0.9923 0.1085
vn -0.0121 0.9940 0.1087
vn 0.1038 0.9696 0.2217
vn 0.0730 0.9722 0.2223
vn -0.0186 0.9909 0.1335
vn -0.0893 0.9871 0.1330
vn -0.2439 0.9695 -0.0257
vn -0.1571 0.9872 -0.0262
vn -0.3039 0.9356 -0.1798
vn -0.0896 0.9781 -0.1880
vn -0.3223 0.8540 -0.4085
vn -0.1851 0.8865 -0.4241
vn -0.3549 0.7507 -0.5573
vn -0.2939 0.7675 -0.5698
vn -0.2107 0.8338 -0.5103
vn -0.3324 0.8044 -0.4923
vn -0.2643 0.8606 -0.4354
vn -0.6164 0.7026 -0.3555
vn -0.1761 0.9671 0.1838
vn -0.3894 0.9049 0.1719
vn 0.3357 0.6121 0.7160
vn -0.0808 0.6476 0.7577
vn 0.2389 0.4712 0.8490
vn -0.0455 0.4848 0.8735
vn -0.2140 0.5418 0.8128
vn 0.3225 0.5250 0.7876
vn -0.5972 0.7949 0.1071
vn 0.7403 0.6662 0.0898
vn 0.0447 0.7363 -0.6751
vn 0.5974 0.5911 -0.5420
vn 0.5873 0.5913 -0.5527
vn 0.2412 0.7090 -0.6626
vn 0.4652 0.7427 -0.4816
vn 0.0986 0.8349 -0.5414
vn 0.3347 0.8792 -0.3390
vn 0.0556 0.9316 -0.3592
vn 0.1672 0.9519 -0.2566
vn 0.0149 0.9654 -0.2602
vn 0.1654 0.9797 -0.1136
vn 0.0044 0.9933 -0.1152
vn 0.1924 0.9785 0.0746
vn -0.2149 0.9738 0.0742
vn -0.0959 0.9763 0.1941
vn -0.0681 0.9785 0.1946
vn 0.0170 0.9613 0.2750
vn -0.0159 0.9613 0.2750
vn -0.2283 0.9714 0.0655
vn -0.0888 0.9938 0.0670
vn -0.0372 0.9923 0.1184
vn -0.2020 0.9725 0.1160
vn -0.2250 0.9700 0.0922
vn 0.0329 0.9950 0.0945
vn -0.0496 0.9987 0.0121
vn -0.0364 0.9993 0.0121
vn -0.0541 0.9985 -0.0055
vn -0.0595 0.9982 -0.0055
vn -0.0715 0.9973 -0.0176
vn -0.1152 0.9932 -0.0176
vn -0.0165 0.9965 0.0815
vn -0.0330 0.9961 0.0814
vn -0.1097 0.9940 0.0044
vn 0.0977 0.9952 0.0044
vn 0.0407 0.9978 -0.0529
vn -0.0540 0.9971 -0.0529
vn 0.0461 0.9958 0.0792
vn 0.0099 0.9990 0.0430
vn 0.0298 0.9986 0.0430
vn 0.1365 0.9897 0.0426
vn 0.0726 0.9971 -0.0220
vn -0.0562 0.9982 -0.0221
vn 0.0799 0.9903 0.1138
vn 0.1665 0.9796 0.1125
vn -0.0088 0.9979 -0.0639
vn 0.0462 0.9969 -0.0639
vn 0.0242 0.9960 -0.0858
vn -0.0484 0.9951 -0.0857
vn 0.1663 0.9775 0.1296
vn -0.0252 0.9910 0.1314
vn -0.0877 0.9937 0.0692
vn 0.0528 0.9962 0.0693
vn 0.1026 0.9876 0.1189
vn -0.0274 0.9925 0.1195
vn -0.0516 0.9941 0.0955
vn -0.0132 0.9953 0.0957
vn -0.0694 0.9968 0.0396
vn 0.0077 0.9992 0.0397
vn 0.0614 0.9937 0.0933
vn -0.0822 0.9922 0.0932
vn -0.1388 0.9897 0.0361
vn -0.0540 0.9979 0.0364
vn 0.0770 0.9831 0.1662
vn 0.0680 0.9941 0.0845
vn -0.0044 0.9999 0.0121
vn -0.0683 0.9976 0.0121
vn -0.0749 0.9972 0.0055
vn -0.0573 0.9983 0.0055
vn -0.1256 0.9901 -0.0634
vn -0.0320 0.9974 -0.0638
vn -0.0571 0.9944 -0.0889
vn 0.0165 0.9959 -0.0890
vn 0.0297 0.9967 -0.0759
vn -0.0561 0.9955 -0.0758
vn 0.1168 0.9884 0.0971
vn 0.0766 0.9923 0.0974
vn -0.0309 0.9995 -0.0099
vn -0.0033 0.9999 -0.0099
vn 0.0463 0.9981 0.0397
vn 0.1250 0.9851 0.1185
vn 0.2232 0.9678 0.1164
vn 0.1064 0.9943 -0.0033
vn 0.0232 0.9997 -0.0033
vn -0.0570 0.9941 -0.0921
vn 0.0617 0.9977 0.0264
vn 0.2116 0.9770 0.0259
vn 0.1719 0.9850 -0.0152
vn 0.0044 0.9999 -0.0154
vn 0.1028 0.9912 0.0831
vn 0.0801 0.9933 0.0833
vn -0.0693 0.9954 -0.0659
vn -0.0550 0.9963 -0.0660
vn 0.1460 0.9800 0.1352
vn 0.0567 0.9890 0.1364
vn -0.0612 0.9888 0.1364
vn -0.1419 0.9883 0.0556
vn -0.0165 0.9983 0.0562
vn 0.1500 0.9639 0.2202
vn 0.0108 0.9748 0.2227
vn 0.0065 0.9758 0.2186
vn 0.0922 0.9717 0.2177
vn -0.0593 0.9958 0.0692
vn -0.0616 0.9957 0.0692
vn 0.0077 0.9904 0.1377
vn -0.0600 0.9887 0.1375
vn 0.0354 0.9726 0.2297
vn 0.1036 0.9680 0.2286
vn 0.1005 0.9690 0.2256
vn -0.0183 0.9738 0.2267
vn -0.1810 0.9813 0.0660
vn -0.2435 0.9677 0.0651
vn -0.2239 0.9708 0.0857
vn -0.3078 0.9478 0.0837
vn -0.5073 0.8473 -0.1571
vn -0.3479 0.9218 -0.1709
vn -0.4040 0.8843 -0.2342
vn -0.4157 0.8792 -0.2328
vn 0.1487 0.9282 0.3411
vn -0.2308 0.9133 0.3356
vn 0.0710 0.8144 0.5760
vn -0.2432 0.7919 0.5601
vn 0.1413 0.6210 0.7709
vn -0.1135 0.6233 0.7737
vn 0.2325 0.4445 0.8651
vn 0.2431 0.4433 0.8628
vn 0.2855 0.4140 0.8643
vn 0.2140 0.4220 0.8810
vn 0.2071 0.4261 0.8806
vn -0.1696 0.4292 0.8871
vn -0.1096 0.4120 0.9046
vn -0.2973 0.3957 0.8689
vn -0.3486 0.4051 0.8452
vn 0.0262 0.4320 0.9015
vn -0.7805 0.5404 0.3142
vn 0.6514 0.6559 0.3814
vn -0.1810 0.8325 -0.5236
vn 0.4684 0.7479 -0.4704
vn 0.1987 0.7027 -0.6831
vn 0.2633 0.6917 -0.6724
vn 0.1902 0.6706 -0.7170
vn 0.1191 0.6782 -0.7252
vn 0.4039 0.7476 -0.5272
vn 0.1367 0.8096 -0.5709
vn 0.4995 0.8351 -0.2304
vn 0.1862 0.9471 -0.2613
vn 0.4482 0.8936 0.0256
vn -0.0977 0.9948 0.0285
vn 0.1261 0.9605 0.2480
vn 0.0171 0.9681 0.2500
vn -0.0870 0.9849 0.1500
vn -0.2263 0.9630 0.1466
vn -0.1230 0.9606 0.2491
vn -0.0363 0.9673 0.2508
vn -0.2767 0.9609 0.0085
vn -0.2260 0.9741 0.0086
vn 0.0054 0.9710 0.2389
vn -0.0482 0.9699 0.2387
vn -0.1641 0.9785 0.1252
vn -0.0536 0.9905 0.1268
vn -0.0745 0.9916 0.1061
vn -0.0711 0.9918 0.1062
vn -0.1749 0.9846 0.0011
vn -0.0166 0.9999 0.0011
vn -0.1115 0.9893 -0.0939
vn -0.1092 0.9896 -0.0939
vn 0.0254 0.9988 0.0408
vn 0.0408 0.9983 0.0408
vn 0.0199 0.9996 0.0199
vn 0.0782 0.9967 0.0198
vn -0.0548 0.9921 -0.1128
vn 0.0099 0.9936 -0.1129
vn 0.0649 0.9962 -0.0583
vn 0.0298 0.9979 -0.0584
vn 0.0276 0.9978 -0.0606
vn 0.0725 0.9955 -0.0604
vn 0.0571 0.9955 -0.0758
vn 0.0802 0.9939 -0.0757
vn 0.1443 0.9895 -0.0109
vn -0.0088 0.9999 -0.0110
vn 0.0962 0.9909 0.0940
vn 0.0242 0.9952 0.0944
vn 0.0176 0.9960 0.0879
vn 0.1671 0.9821 0.0867
vn 0.0639 0.9978 -0.0176
vn -0.0879 0.9960 -0.0176
vn -0.0595 0.9982 0.0110
vn 0.1033 0.9946 0.0110
vn 0.0011 0.9958 -0.0912
vn -0.0516 0.9945 -0.0911
vn 0.1370 0.9857 0.0979
vn -0.0691 0.9927 0.0986
vn -0.1053 0.9925 0.0624
vn 0.0616 0.9961 0.0627
vn -0.0265 0.9993 -0.0254
vn -0.1389 0.9900 -0.0251
vn -0.0308 0.9960 0.0835
vn 0.0778 0.9935 0.0833
vn -0.0221 0.9996 -0.0165
vn -0.0044 0.9922 -0.1249
vn -0.0262 0.9889 -0.1464
vn -0.0741 0.9865 -0.1460
vn -0.0428 0.9924 -0.1151
vn -0.1251 0.9855 -0.1143
vn -0.0441 0.9985 -0.0331
vn -0.0573 0.9978 -0.0331
vn -0.0331 0.9994 -0.0088
vn 0.0298 0.9995 -0.0088
vn 0.0088 0.9995 -0.0298
vn 0.1173 0.9927 -0.0296
vn 0.0395 0.9934 -0.1076
vn -0.0307 0.9937 -0.1076
vn 0.0595 0.9981 -0.0176
vn 0.0463 0.9988 -0.0177
vn 0.1637 0.9813 0.1008
vn 0.1252 0.9869 0.1014
vn 0.0154 0.9998 -0.0088
vn 0.1064 0.9943 -0.0088
vn 0.0726 0.9964 -0.0429
vn -0.0661 0.9969 -0.0430
vn 0.0011 0.9997 0.0243
vn 0.0617 0.9978 0.0243
vn 0.2033 0.9647 0.1673
vn 0.1695 0.9710 0.1684
vn -0.0463 0.9978 -0.0474
vn 0.1031 0.9936 -0.0472
vn 0.1248 0.9919 -0.0252
vn -0.0694 0.9973 -0.0253
vn 0.1169 0.9801 0.1602
vn 0.1454 0.9764 0.1596
vn 0.0055 0.9998 0.0199
vn 0.0573 0.9982 0.0198
vn 0.0649 0.9975 0.0275
vn -0.1421 0.9895 0.0273
vn -0.0306 0.9898 0.1389
vn 0.1523 0.9788 0.1373
vn 0.1038 0.9906 0.0886
vn 0.0253 0.9939 0.1076
vn -0.0591 0.9925 0.1074
vn -0.0833 0.9930 0.0834
vn 0.0077 0.9965 0.0837
vn 0.0890 0.9825 0.1639
vn 0.0359 0.9857 0.1644
vn -0.0461 0.9954 0.0836
vn 0.1028 0.9912 0.0832
vn 0.1082 0.9902 0.0886
vn -0.1807 0.9796 0.0877
vn -0.1550 0.9813 0.1138
vn -0.2233 0.9683 0.1123
vn -0.3320 0.9433 -0.0052
vn -0.5137 0.8580 -0.0047
vn -0.4452 0.8915 0.0837
vn -0.4140 0.9063 0.0851
vn 0.1683 0.7823 0.5998
vn 0.1261 0.7873 0.6036
vn 0.3871 0.5642 0.7293
vn 0.0533 0.6111 0.7898
vn 0.2647 0.4760 0.8387
vn 0.1116 0.4905 0.8643
vn 0.1179 0.4871 0.8653
vn 0.2485 0.4752 0.8441
vn 0.2296 0.4885 0.8418
vn 0.3271 0.4743 0.8174
vn 0.2243 0.5569 0.7997
vn 0.2676 0.5506 0.7907
vn 0.0244 0.7125 0.7013
vn -0.1862 0.7002 0.6892
vn 0.0815 0.5818 0.8092
vn -0.4489 0.5216 0.7255
vn -0.1358 0.4519 0.8817
vn -0.5502 0.3809 0.7431
vn -0.4241 0.3685 0.8272
vn -0.0881 0.4053 0.9099
vn -0.4406 0.4857 0.7550
vn 0.1513 0.5348 0.8313
vn -0.1097 0.6663 0.7376
vn 0.1868 0.6586 0.7290
vn -0.1917 0.8433 0.5021
vn 0.4210 0.7794 0.4641
vn -0.1677 0.9793 -0.1136
vn 0.5108 0.8540 -0.0991
vn 0.2913 0.8919 -0.3458
vn 0.4236 0.8446 -0.3275
vn 0.4343 0.8436 -0.3159
vn 0.1221 0.9295 -0.3481
vn 0.2881 0.9392 -0.1868
vn -0.0864 0.9771 -0.1943
vn -0.0630 0.9831 -0.1716
vn -0.1251 0.9774 -0.1706
vn -0.0613 0.9923 -0.1074
vn -0.2753 0.9558 -0.1035
vn -0.1802 0.9836 -0.0033
vn 0.0055 1.0000 -0.0033
vn -0.1291 0.9820 -0.1378
vn -0.1639 0.9769 -0.1371
vn -0.0331 0.9994 -0.0055
vn -0.0749 0.9972 -0.0055
vn -0.1823 0.9766 -0.1144
vn -0.1738 0.9781 -0.1145
vn 0.0220 0.9963 0.0826
vn -0.1116 0.9904 0.0821
vn -0.1203 0.9900 0.0733
vn 0.0253 0.9970 0.0738
vn -0.0485 0.9988 -0.0000
vn 0.0199 0.9998 -0.0000
vn -0.0176 0.9991 -0.0375
vn -0.0551 0.9978 -0.0375
vn 0.0419 0.9973 0.0595
vn 0.0649 0.9961 0.0594
vn 0.0855 0.9931 0.0801
vn 0.0275 0.9964 0.0804
vn -0.0276 0.9993 0.0254
vn 0.0573 0.9980 0.0254
vn 0.1051 0.9918 0.0734
vn 0.1439 0.9869 0.0730
vn 0.0966 0.9953 0.0044
vn -0.0350 0.9913 -0.1270
vn 0.0175 0.9917 -0.1271
vn 0.0505 0.9942 -0.0945
vn 0.0637 0.9935 -0.0944
vn 0.0549 0.9932 -0.1031
vn -0.0592 0.9929 -0.1031
vn 0.0254 0.9995 -0.0188
vn 0.0011 0.9998 -0.0188
vn 0.1375 0.9892 0.0514
vn -0.0383 0.9914 -0.1249
vn -0.1046 0.9867 -0.1243
vn -0.0265 0.9996 -0.0000
vn -0.0813 0.9952 -0.0550
vn -0.0309 0.9980 -0.0551
vn 0.0748 0.9959 0.0506
vn -0.0220 0.9985 0.0507
vn -0.0595 0.9981 0.0132
vn -0.0261 0.9871 0.1579
vn -0.1115 0.9911 0.0733
vn -0.0429 0.9964 0.0737
vn -0.1506 0.9880 -0.0349
vn -0.0441 0.9984 -0.0353
vn 0.0396 0.9980 0.0485
vn -0.0331 0.9983 0.0485
vn 0.0340 0.9928 0.1150
vn 0.0088 0.9933 0.1151
vn -0.0594 0.9971 0.0473
vn 0.0397 0.9981 0.0474
vn 0.0768 0.9935 0.0844
vn 0.0593 0.9947 0.0845
vn -0.0099 0.9998 0.0154
vn 0.1645 0.9863 0.0152
vn 0.0318 0.9925 -0.1183
vn 0.0153 0.9929 -0.1183
vn 0.0692 0.9955 -0.0648
vn 0.0725 0.9953 -0.0648
vn 0.0988 0.9944 -0.0384
vn 0.1117 0.9911 0.0722
vn 0.2057 0.9760 0.0711
vn 0.1237 0.9922 -0.0131
vn -0.0463 0.9988 -0.0132
vn 0.0960 0.9871 0.1285
vn 0.1238 0.9840 0.1281
vn 0.0757 0.9939 0.0801
vn 0.1181 0.9898 0.0797
vn 0.0287 0.9995 -0.0099
vn 0.0055 0.9999 -0.0099
vn -0.0187 0.9992 -0.0342
vn 0.0649 0.9973 -0.0341
vn 0.0594 0.9974 -0.0396
vn -0.0309 0.9987 -0.0397
vn 0.1636 0.9743 0.1548
vn 0.1030 0.9824 0.1561
vn -0.0966 0.9944 -0.0428
vn 0.0254 0.9988 -0.0430
vn -0.0612 0.9898 -0.1289
vn -0.0829 0.9882 -0.1287
vn -0.2416 0.9277 -0.2846
vn 0.0863 0.9525 -0.2922
vn -0.2747 0.7675 -0.5793
vn -0.0370 0.7976 -0.6020
vn -0.0489 0.7913 -0.6095
vn 0.0862 0.7893 -0.6079
vn 0.0356 0.7678 -0.6397
vn -0.1205 0.7627 -0.6354
vn 0.0166 0.8362 -0.5481
vn -0.2824 0.8023 -0.5259
vn 0.1186 0.9769 -0.1779
vn -0.4409 0.8830 -0.1608
vn 0.0963 0.9172 0.3866
vn 0.1945 0.9039 0.3810
vn 0.5025 0.5968 0.6256
vn 0.4280 0.6238 0.6540
vn 0.5119 0.5053 0.6947
vn 0.3109 0.5590 0.7686
vn 0.2675 0.5970 0.7563
vn 0.1482 0.6128 0.7762
vn 0.2235 0.5603 0.7976
vn 0.2609 0.5549 0.7899
vn 0.1036 0.6661 0.7387
vn 0.2604 0.6466 0.7170
vn 0.1827 0.7077 0.6825
vn 0.0246 0.7196 0.6940
vn 0.0469 0.7076 0.7051
vn 0.0988 0.7049 0.7024
vn 0.1052 0.7010 0.7054
vn -0.2072 0.6896 0.6939
vn -0.0940 0.6494 0.7546
vn -0.6004 0.5217 0.6061
vn -0.1480 0.4457 0.8828
vn -0.3784 0.4172 0.8263
vn -0.1629 0.3728 0.9135
vn -0.0621 0.3771 0.9241
vn -0.0713 0.3799 0.9223
vn -0.0863 0.3795 0.9212
vn -0.2930 0.4317 0.8531
vn -0.0771 0.4501 0.8896
vn -0.6161 0.5494 0.5644
vn 0.2221 0.6801 0.6987
vn -0.4503 0.8776 0.1646
vn 0.4515 0.8770 0.1645
vn -0.1380 0.8925 -0.4294
vn 0.2664 0.8686 -0.4179
vn 0.0175 0.7938 -0.6079
vn -0.0508 0.7929 -0.6072
vn -0.1361 0.7419 -0.6566
vn -0.0462 0.7481 -0.6620
vn -0.1183 0.7053 -0.6989
vn -0.1290 0.7044 -0.6980
vn -0.1393 0.6976 -0.7028
vn -0.0922 0.7015 -0.7067
vn 0.0470 0.7741 -0.6313
vn -0.0256 0.7747 -0.6318
vn 0.1375 0.8422 -0.5213
vn -0.1568 0.8398 -0.5198
vn 0.3199 0.9433 -0.0885
vn 0.0220 0.9954 -0.0934
vn 0.0638 0.9966 -0.0517
vn -0.1205 0.9914 -0.0514
vn 0.0330 0.9942 0.1020
vn -0.0482 0.9936 0.1020
vn -0.1312 0.9912 0.0186
vn -0.0176 0.9997 0.0188
vn 0.0253 0.9978 0.0617
vn 0.0419 0.9972 0.0616
vn -0.0276 0.9996 -0.0077
vn 0.0857 0.9963 -0.0077
vn 0.1290 0.9910 0.0361
vn -0.0276 0.9990 0.0364
vn -0.1151 0.9920 -0.0514
vn 0.1052 0.9931 -0.0515
vn 0.0899 0.9937 -0.0669
vn 0.0758 0.9949 -0.0670
vn 0.1507 0.9885 0.0087
vn -0.0353 0.9993 0.0088
vn -0.0143 0.9995 0.0298
vn 0.0507 0.9983 0.0297
vn 0.0551 0.9979 0.0341
vn 0.1094 0.9901 0.0885
vn 0.0253 0.9957 0.0890
vn 0.0438 0.9932 0.1074
vn 0.0712 0.9917 0.1072
vn 0.0549 0.9943 0.0911
vn -0.0384 0.9951 0.0911
vn -0.0077 0.9926 0.1216
vn 0.0197 0.9924 0.1216
vn -0.0551 0.9974 0.0473
vn -0.0813 0.9956 0.0472
vn -0.0208 0.9940 0.1075
vn 0.0745 0.9914 0.1072
vn -0.0364 0.9993 -0.0033
vn -0.0595 0.9982 -0.0033
vn -0.1757 0.9770 -0.1207
vn -0.1118 0.9937 -0.0121
vn -0.0890 0.9960 0.0110
vn -0.1507 0.9885 0.0109
vn 0.0033 0.9864 0.1645
vn 0.0392 0.9856 0.1644
vn -0.0846 0.9955 0.0418
vn 0.0474 0.9974 0.0551
vn -0.0594 0.9967 0.0551
vn -0.0198 0.9953 0.0946
vn 0.0768 0.9926 0.0943
vn -0.0954 0.9924 -0.0778
vn -0.0099 0.9969 -0.0782
vn 0.0846 0.9963 0.0165
vn 0.0463 0.9984 0.0309
vn 0.0693 0.9971 0.0308
vn 0.0824 0.9956 0.0440
vn 0.0606 0.9981 0.0055
vn 0.1120 0.9937 0.0055
vn 0.1569 0.9863 0.0512
vn 0.1236 0.9910 0.0515
vn 0.1042 0.9940 0.0318
vn 0.0967 0.9948 0.0319
vn -0.0066 0.9974 -0.0716
vn 0.0757 0.9946 -0.0714
vn 0.1420 0.9899 -0.0044
vn 0.0287 0.9996 -0.0044
vn 0.1191 0.9891 0.0863
vn -0.0187 0.9960 0.0869
vn -0.0660 0.9970 0.0397
vn 0.0594 0.9974 0.0397
vn 0.1178 0.9882 0.0982
vn 0.1648 0.9815 0.0976
vn 0.0066 0.9981 -0.0617
vn -0.0965 0.9934 -0.0615
vn -0.0693 0.9970 -0.0341
vn -0.0617 0.9975 -0.0342
vn -0.4282 0.8074 -0.4059
vn -0.2266 0.8702 -0.4374
vn -0.5258 0.5402 -0.6571
vn -0.2217 0.6193 -0.7532
vn -0.2879 0.5653 -0.7731
vn -0.0364 0.5898 -0.8067
vn 0.0394 0.6264 -0.7785
vn 0.0290 0.6266 -0.7788
vn 0.3235 0.7239 -0.6094
vn 0.0152 0.7649 -0.6439
vn 0.5741 0.8094 -0.1234
vn 0.1191 0.9815 -0.1496
vn 0.4910 0.8302 0.2641
vn 0.0995 0.9482 0.3017
vn 0.4397 0.6815 0.5850
vn 0.5384 0.6394 0.5489
vn 0.5813 0.5598 0.5906
vn 0.5718 0.5644 0.5954
vn 0.5664 0.5748 0.5906
vn 0.2983 0.6657 0.6840
vn 0.3149 0.6501 0.6916
vn 0.2635 0.6607 0.7029
vn 0.1422 0.7527 0.6428
vn 0.1175 0.7552 0.6449
vn 0.1801 0.7127 0.6779
vn 0.1839 0.7122 0.6774
vn 0.2295 0.6774 0.6989
vn 0.0461 0.6952 0.7173
vn 0.0439 0.6964 0.7163
vn 0.1040 0.6933 0.7131
vn -0.1004 0.6936 0.7133
vn -0.0575 0.6755 0.7351
vn -0.2193 0.6602 0.7184
vn -0.1144 0.6245 0.7726
vn -0.2649 0.6061 0.7500
vn -0.0587 0.5374 0.8413
vn -0.1006 0.5356 0.8384
vn -0.1443 0.5511 0.8219
vn -0.3535 0.5210 0.7769
vn -0.3213 0.5144 0.7951
vn -0.5202 0.4639 0.7170
vn -0.4752 0.4596 0.7503
vn -0.2589 0.5045 0.8237
vn -0.2762 0.5087 0.8154
vn -0.0816 0.5275 0.8456
vn -0.0878 0.5299 0.8435
vn 0.0117 0.5319 0.8467
vn -0.1693 0.6041 0.7788
vn -0.1117 0.6091 0.7852
vn -0.2615 0.6574 0.7067
vn -0.1135 0.6767 0.7274
vn -0.5160 0.7494 0.4148
vn -0.1721 0.8619 0.4770
vn -0.5525 0.8304 0.0725
vn 0.0604 0.9944 0.0868
vn -0.4053 0.8300 -0.3833
vn 0.1467 0.8981 -0.4147
vn 0.2149 0.9102 -0.3540
vn 0.3014 0.8887 -0.3456
vn 0.3523 0.8884 -0.2944
vn 0.0606 0.9475 -0.3140
vn 0.3656 0.9308 -0.0021
vn 0.0331 0.9994 -0.0022
vn 0.1754 0.9743 0.1410
vn -0.1299 0.9813 0.1420
vn -0.1645 0.9805 0.1072
vn 0.0252 0.9938 0.1087
vn 0.0589 0.9881 0.1419
vn -0.0273 0.9895 0.1421
vn -0.1367 0.9901 0.0328
vn 0.1290 0.9911 0.0328
vn 0.0462 0.9976 -0.0507
vn -0.1151 0.9921 -0.0504
vn -0.0044 0.9981 0.0606
vn 0.0900 0.9941 0.0604
vn 0.0986 0.9927 0.0691
vn 0.1504 0.9862 0.0686
vn 0.0033 0.9968 -0.0793
vn -0.0143 0.9967 -0.0793
vn 0.1171 0.9917 0.0526
vn 0.0550 0.9971 0.0529
vn 0.0011 1.0000 -0.0011
vn 0.1098 0.9940 -0.0011
vn 0.1131 0.9936 0.0022
vn 0.0441 0.9990 0.0022
vn 0.0540 0.9985 0.0121
vn 0.0551 0.9984 0.0121
vn -0.0787 0.9895 -0.1213
vn -0.0077 0.9925 -0.1217
vn -0.0425 0.9869 -0.1559
vn -0.0545 0.9863 -0.1558
vn 0.0408 0.9973 -0.0617
vn -0.0209 0.9979 -0.0617
vn 0.0364 0.9993 -0.0044
vn -0.0364 0.9993 -0.0044
vn -0.0430 0.9990 -0.0110
vn -0.1770 0.9841 -0.0109
vn -0.0569 0.9922 0.1107
vn -0.0890 0.9955 -0.0319
vn -0.0386 0.9991 0.0187
vn 0.0033 0.9998 0.0188
vn -0.0276 0.9995 -0.0121
vn -0.0847 0.9963 -0.0121
vn -0.0792 0.9968 -0.0066
vn 0.0474 0.9989 -0.0066
vn 0.0143 0.9991 -0.0397
vn -0.0198 0.9990 -0.0397
vn 0.0463 0.9986 0.0264
vn -0.0956 0.9951 0.0264
vn 0.0392 0.9863 0.1600
vn 0.0836 0.9836 0.1596
vn -0.0617 0.9980 0.0154
vn 0.0463 0.9988 0.0154
vn 0.1329 0.9858 0.1023
vn 0.0820 0.9913 0.1028
vn -0.0243 0.9997 -0.0033
vn 0.0606 0.9982 -0.0033
vn 0.1583 0.9828 0.0954
vn 0.1564 0.9831 0.0955
vn 0.0276 0.9990 -0.0342
vn 0.1042 0.9940 -0.0340
vn 0.0944 0.9946 -0.0439
vn -0.0066 0.9990 -0.0441
vn 0.1418 0.9888 -0.0469
vn 0.2082 0.9778 0.0216
vn 0.1195 0.9926 0.0219
vn -0.0372 0.9902 -0.1344
vn -0.0655 0.9888 -0.1342
vn 0.1862 0.9754 0.1184
vn 0.1175 0.9858 0.1197
vn 0.0843 0.9927 0.0865
vn 0.0066 0.9962 0.0868
vn -0.1141 0.9929 -0.0340
vn -0.4092 0.8296 -0.3799
vn -0.4343 0.8190 -0.3750
vn -0.5673 0.6379 -0.5209
vn -0.6020 0.6185 -0.5050
vn -0.5978 0.6270 -0.4995
vn -0.3700 0.7266 -0.5789
vn -0.2066 0.8658 -0.4557
vn 0.0556 0.8835 -0.4650
vn 0.7200 0.5831 0.3764
vn 0.3515 0.7865 0.5077
vn 0.5894 0.4407 0.6770
vn 0.3609 0.5088 0.7816
vn 0.4475 0.4163 0.7915
vn 0.2654 0.4488 0.8533
vn 0.2810 0.4376 0.8541
vn 0.2822 0.4374 0.8538
vn 0.2316 0.4732 0.8500
vn 0.4508 0.4342 0.7799
vn 0.3055 0.5865 0.7501
vn 0.5189 0.5266 0.6734
vn 0.3923 0.6991 0.5978
vn 0.3455 0.7132 0.6099
vn 0.3396 0.7191 0.6062
vn 0.1429 0.7567 0.6379
vn 0.2369 0.6874 0.6865
vn 0.1760 0.6965 0.6956
vn 0.2514 0.6383 0.7276
vn 0.2180 0.6436 0.7336
vn 0.1015 0.7244 0.6818
vn 0.0458 0.7274 0.6847
vn 0.1294 0.6773 0.7242
vn 0.1020 0.6795 0.7266
vn 0.0364 0.7173 0.6958
vn -0.0609 0.7165 0.6949
vn 0.0076 0.6842 0.7293
vn -0.1244 0.6789 0.7236
vn -0.1116 0.6740 0.7303
vn -0.0739 0.6763 0.7329
vn -0.1270 0.6976 0.7051
vn -0.1811 0.6917 0.6991
vn -0.1920 0.6952 0.6927
vn -0.4046 0.6478 0.6455
vn -0.3228 0.6331 0.7035
vn -0.5689 0.5502 0.6113
vn -0.1704 0.4806 0.8602
vn -0.2560 0.4715 0.8439
vn -0.1946 0.4558 0.8686
vn -0.0768 0.4633 0.8829
vn -0.2667 0.5203 0.8113
vn -0.1496 0.5338 0.8323
vn -0.2714 0.5694 0.7760
vn -0.2290 0.5759 0.7848
vn -0.3045 0.5953 0.7436
vn -0.3953 0.5741 0.7171
vn -0.6074 0.5887 0.5333
vn -0.4423 0.6647 0.6022
vn -0.6447 0.6580 0.3891
vn -0.3874 0.7935 0.4693
vn -0.6530 0.7426 0.1491
vn 0.2255 0.9552 0.1918
vn 0.0210 0.9997 -0.0143
vn 0.3686 0.9295 -0.0133
vn 0.3641 0.9312 -0.0185
vn 0.3656 0.9306 -0.0185
vn 0.4547 0.8862 0.0890
vn 0.1764 0.9794 0.0983
vn 0.1450 0.9872 0.0664
vn -0.1651 0.9841 0.0662
vn -0.0870 0.9856 0.1447
vn 0.0589 0.9877 0.1450
vn -0.1107 0.9936 -0.0241
vn -0.1368 0.9903 -0.0240
vn 0.0230 0.9905 0.1355
vn 0.0459 0.9897 0.1354
vn -0.0044 0.9908 0.1356
vn -0.0428 0.9943 0.0976
vn 0.0984 0.9904 0.0973
vn -0.0176 0.9997 -0.0188
vn 0.0188 0.9998 -0.0033
vn 0.1173 0.9931 -0.0033
vn 0.0187 0.9946 -0.1021
vn 0.0011 0.9948 -0.1021
vn 0.0418 0.9972 -0.0616
vn 0.1128 0.9917 -0.0613
vn 0.1074 0.9920 -0.0668
vn 0.0539 0.9963 -0.0671
vn 0.0791 0.9960 -0.0418
vn -0.0792 0.9960 -0.0418
vn -0.0022 0.9994 0.0353
vn -0.0430 0.9985 0.0353
vn -0.0966 0.9951 -0.0187
vn 0.0408 0.9990 -0.0187
vn 0.0309 0.9991 -0.0287
vn 0.0364 0.9989 -0.0287
vn -0.0176 0.9964 -0.0825
vn -0.0429 0.9957 -0.0824
vn -0.0798 0.9897 -0.1190
vn -0.0569 0.9912 -0.1192
vn 0.0209 0.9989 -0.0419
vn -0.0386 0.9990 0.0243
vn -0.0726 0.9973 -0.0099
vn -0.0276 0.9996 -0.0099
vn 0.0408 0.9975 0.0584
vn -0.0791 0.9952 0.0583
vn -0.1356 0.9908 0.0011
vn 0.0144 0.9999 0.0011
vn -0.0033 0.9999 -0.0166
vn 0.0463 0.9988 -0.0166
vn 0.0857 0.9961 0.0231
vn 0.0397 0.9989 0.0232
vn -0.0495 0.9966 -0.0661
vn -0.0615 0.9959 -0.0660
vn 0.0855 0.9930 0.0812
vn 0.1331 0.9878 0.0808
vn 0.0749 0.9969 0.0220
vn -0.0243 0.9995 0.0221
vn 0.0775 0.9893 0.1235
vn 0.1579 0.9799 0.1223
vn 0.0099 0.9996 -0.0265
vn 0.0276 0.9993 -0.0265
vn 0.0661 0.9977 0.0121
vn 0.0945 0.9955 0.0121
vn -0.0088 0.9958 -0.0913
vn -0.0099 0.9958 -0.0913
vn 0.1270 0.9908 0.0460
vn 0.2081 0.9771 0.0453
vn 0.0262 0.9900 -0.1389
vn -0.0372 0.9896 -0.1388
vn 0.1271 0.9916 0.0252
vn 0.1875 0.9820 0.0250
vn 0.1398 0.9899 -0.0241
vn 0.0846 0.9961 -0.0242
vn -0.1040 0.9720 -0.2105
vn -0.1116 0.9712 -0.2103
vn -0.4074 0.7732 -0.4860
vn -0.3853 0.7812 -0.4911
vn -0.5132 0.6168 -0.5969
vn -0.5385 0.6055 -0.5860
vn -0.5744 0.5383 -0.6167
vn -0.5312 0.5572 -0.6383
vn -0.3068 0.8300 -0.4658
vn -0.2037 0.8538 -0.4791
vn 0.5834 0.7345 0.3465
vn 0.7450 0.6033 0.2846
vn 0.7765 0.4742 0.4149
vn 0.7094 0.5304 0.4641
vn 0.7247 0.4622 0.5111
vn 0.5848 0.5441 0.6016
vn 0.5694 0.5753 0.5872
vn 0.4099 0.6383 0.6516
vn 0.4384 0.6028 0.6666
vn 0.3119 0.6373 0.7047
vn 0.2678 0.6772 0.6853
vn 0.3438 0.6601 0.6679
vn 0.3737 0.6283 0.6823
vn 0.3553 0.6332 0.6876
vn 0.3205 0.6684 0.6712
vn 0.3162 0.6694 0.6722
vn 0.3074 0.6778 0.6679
vn 0.2384 0.6917 0.6816
vn 0.2150 0.7104 0.6702
vn 0.2755 0.6992 0.6597
vn 0.2976 0.6793 0.6709
vn 0.0992 0.7080 0.6992
vn 0.1169 0.6969 0.7075
vn 0.1329 0.6955 0.7061
vn 0.1696 0.6705 0.7222
vn 0.0345 0.6800 0.7324
vn -0.0275 0.7112 0.7024
vn 0.0079 0.7115 0.7027
vn -0.0685 0.7471 0.6611
vn -0.1230 0.7432 0.6577
vn -0.0610 0.7181 0.6933
vn -0.1299 0.7133 0.6887
vn -0.2250 0.7442 0.6289
vn -0.2064 0.7473 0.6316
vn -0.2911 0.7682 0.5703
vn -0.3788 0.7431 0.5516
vn -0.2262 0.7117 0.6651
vn -0.2508 0.7072 0.6610
vn -0.4020 0.7352 0.5458
vn -0.3243 0.7595 0.5638
vn -0.3460 0.7629 0.5461
vn -0.3847 0.7505 0.5373
vn -0.3671 0.7484 0.5523
vn -0.3581 0.7513 0.5544
vn -0.4213 0.7575 0.4987
vn -0.3929 0.7681 0.5057
vn -0.5652 0.7591 0.3229
vn -0.6885 0.6674 0.2838
vn -0.5971 0.6902 0.4087
vn -0.6446 0.6578 0.3895
vn -0.7672 0.6115 0.1939
vn -0.6424 0.7305 0.2316
vn -0.7117 0.6927 0.1171
vn 0.0207 0.9858 0.1666
vn -0.2220 0.9719 -0.0784
vn 0.3632 0.9287 -0.0749
vn 0.2860 0.9448 -0.1597
vn 0.4514 0.8798 -0.1487
vn 0.5008 0.8612 -0.0866
vn 0.1447 0.9845 -0.0990
vn 0.1360 0.9848 -0.1077
vn -0.0874 0.9903 -0.1083
vn 0.0298 0.9995 0.0088
vn -0.1108 0.9938 0.0088
vn 0.0294 0.9885 0.1485
vn 0.0229 0.9886 0.1485
vn -0.0891 0.9953 0.0374
vn 0.0463 0.9982 0.0375
vn 0.0561 0.9973 0.0474
vn -0.0430 0.9979 0.0474
vn -0.1109 0.9936 -0.0209
vn 0.0952 0.9912 0.0920
vn 0.0187 0.9955 0.0924
vn -0.1043 0.9941 -0.0307
vn 0.0187 0.9993 -0.0309
vn 0.1887 0.9719 0.1407
vn 0.0415 0.9888 0.1431
vn -0.0649 0.9972 0.0375
vn 0.1076 0.9935 0.0373
vn 0.0650 0.9979 -0.0055
vn 0.0792 0.9968 -0.0055
vn 0.0209 0.9977 -0.0639
vn -0.0022 0.9980 -0.0639
vn -0.0591 0.9910 -0.1204
vn -0.0960 0.9881 -0.1201
vn 0.0671 0.9968 0.0429
vn 0.0309 0.9986 0.0430
vn -0.0595 0.9971 -0.0474
vn -0.0176 0.9987 -0.0474
vn -0.0516 0.9953 -0.0814
vn -0.0801 0.9935 -0.0812
vn -0.0353 0.9987 -0.0364
vn 0.0209 0.9991 -0.0364
vn -0.0231 0.9965 -0.0804
vn -0.0724 0.9940 -0.0823
vn -0.0198 0.9994 -0.0298
vn 0.0408 0.9987 -0.0298
vn 0.0573 0.9983 -0.0132
vn -0.1356 0.9907 -0.0131
vn 0.0392 0.9862 0.1611
vn -0.0033 0.9869 0.1612
vn -0.0055 0.9873 0.1590
vn 0.0847 0.9837 0.1585
vn -0.0022 0.9974 0.0726
vn -0.0495 0.9961 0.0725
vn -0.0770 0.9960 0.0451
vn 0.0857 0.9953 0.0450
vn 0.0485 0.9988 0.0077
vn 0.0749 0.9972 0.0077
vn 0.0781 0.9966 -0.0264
vn 0.1010 0.9949 -0.0033
vn 0.0661 0.9978 -0.0033
vn 0.0826 0.9965 0.0132
vn -0.0088 0.9999 0.0132
vn 0.1056 0.9862 0.1273
vn 0.1261 0.9839 0.1270
vn 0.0022 1.0000 0.0033
vn 0.0265 0.9996 0.0033
vn 0.1326 0.9851 0.1098
vn 0.1263 0.9859 0.1099
vn 0.0386 0.9990 0.0220
vn 0.1398 0.9899 0.0218
vn -0.1059 0.9694 -0.2214
vn -0.1038 0.9696 -0.2215
vn -0.4105 0.7607 -0.5028
vn -0.4024 0.7637 -0.5048
vn -0.5742 0.5081 -0.6420
vn -0.4588 0.5514 -0.6967
vn -0.5452 0.4191 -0.7260
vn -0.4707 0.4411 -0.7641
vn -0.1609 0.7395 -0.6536
vn -0.2669 0.7221 -0.6382
vn 0.7050 0.5814 0.4061
vn 0.5457 0.6870 0.4799
vn 0.6672 0.3999 0.6284
vn 0.6603 0.4032 0.6336
vn 0.6494 0.4399 0.6203
vn 0.6718 0.4285 0.6042
vn 0.6334 0.5472 0.5471
vn 0.5735 0.5794 0.5792
vn 0.4468 0.7704 0.4548
vn 0.5307 0.7299 0.4309
vn 0.4458 0.8313 0.3320
vn 0.3448 0.8717 0.3482
vn 0.4926 0.7157 0.4952
vn 0.4394 0.7387 0.5111
vn 0.3821 0.8015 0.4599
vn 0.3840 0.8009 0.4595
vn 0.4294 0.7519 0.5003
vn 0.3532 0.7789 0.5182
vn 0.3423 0.7894 0.5096
vn 0.2465 0.8142 0.5256
vn 0.3705 0.7002 0.6103
vn 0.3136 0.7158 0.6240
vn 0.2366 0.7825 0.5759
vn 0.1339 0.7981 0.5874
vn 0.2458 0.7164 0.6530
vn 0.1838 0.7265 0.6622
vn 0.1686 0.7373 0.6541
vn -0.0289 0.7477 0.6634
vn -0.0339 0.7501 0.6605
vn -0.0687 0.7487 0.6593
vn -0.0465 0.7391 0.6720
vn -0.0627 0.7384 0.6714
vn -0.1113 0.7582 0.6425
vn -0.2248 0.7434 0.6300
vn -0.2698 0.7547 0.5980
vn -0.2847 0.7514 0.5953
vn -0.2928 0.7531 0.5892
vn -0.2428 0.7640 0.5977
vn -0.4814 0.7875 0.3849
vn -0.4409 0.8064 0.3942
vn -0.4357 0.8065 0.3996
vn -0.3765 0.8301 0.4113
vn -0.4256 0.8295 0.3616
vn -0.4101 0.8361 0.3644
vn -0.5359 0.8153 0.2195
vn -0.4731 0.8507 0.2290
vn -0.4442 0.8565 0.2627
vn -0.5799 0.7789 0.2389
vn -0.5673 0.7828 0.2557
vn -0.6352 0.7342 0.2398
vn -0.6339 0.7347 0.2416
vn -0.7661 0.6106 0.2008
vn -0.7243 0.6318 0.2761
vn -0.6855 0.6672 0.2915
vn -0.7188 0.6533 0.2379
vn -0.2098 0.9187 0.3345
vn -0.5443 0.8375 -0.0481
vn 0.2893 0.9557 -0.0548
vn 0.0115 0.9445 -0.3283
vn 0.4814 0.8279 -0.2878
vn 0.4264 0.8345 -0.3490
vn 0.1264 0.9152 -0.3827
vn 0.4211 0.9033 -0.0817
vn 0.0297 0.9955 -0.0901
vn 0.2333 0.9653 0.1172
vn 0.0296 0.9923 0.1204
vn -0.1503 0.9868 -0.0599
vn -0.0890 0.9942 -0.0603
vn 0.0188 0.9987 0.0474
vn 0.0561 0.9973 0.0473
vn -0.0864 0.9917 -0.0952
vn -0.1104 0.9893 -0.0950
vn -0.0386 0.9990 -0.0231
vn 0.0955 0.9952 -0.0231
vn 0.0242 0.9952 -0.0944
vn -0.1039 0.9901 -0.0940
vn 0.1280 0.9822 0.1376
vn 0.1889 0.9725 0.1363
vn -0.0297 0.9961 -0.0835
vn -0.0647 0.9944 -0.0834
vn 0.0823 0.9946 0.0637
vn 0.0649 0.9959 0.0637
vn -0.0011 1.0000 -0.0022
vn 0.0210 0.9998 -0.0022
vn 0.0353 0.9993 0.0121
vn -0.0595 0.9982 0.0121
vn -0.0176 0.9984 0.0540
vn 0.0671 0.9963 0.0539
vn 0.0243 0.9996 0.0110
vn -0.1183 0.9918 -0.0482
vn -0.0517 0.9975 -0.0484
vn -0.0605 0.9965 -0.0572
vn -0.0353 0.9977 -0.0573
vn 0.0166 0.9998 -0.0055
vn -0.0232 0.9997 -0.0055
vn -0.0540 0.9979 -0.0363
vn -0.0198 0.9963 0.0836
vn 0.0055 0.9941 0.1086
vn 0.0570 0.9925 0.1084
vn 0.0397 0.9982 0.0452
vn 0.0626 0.9957 0.0681
vn -0.0055 0.9977 0.0683
vn -0.1301 0.9899 -0.0568
vn -0.0022 0.9984 -0.0573
vn 0.1106 0.9923 0.0558
vn -0.0770 0.9955 0.0560
vn -0.1228 0.9924 0.0099
vn 0.0485 0.9988 0.0099
vn 0.1265 0.9880 0.0883
vn 0.0407 0.9952 0.0890
vn -0.0110 0.9992 0.0375
vn 0.1009 0.9942 0.0373
vn 0.0033 0.9982 -0.0606
vn 0.0099 0.9981 -0.0606
vn 0.0715 0.9974 0.0011
vn 0.0826 0.9966 0.0011
vn 0.0496 0.9983 -0.0319
vn 0.1064 0.9938 -0.0318
vn -0.0402 0.9834 -0.1769
vn 0.0022 0.9842 -0.1770
vn 0.1019 0.9917 -0.0788
vn 0.1330 0.9880 -0.0785
vn 0.1875 0.9820 -0.0228
vn 0.0386 0.9990 -0.0231
vn -0.0504 0.9925 -0.1117
vn -0.1079 0.9879 -0.1112
vn -0.2144 0.9522 -0.2175
vn -0.4656 0.8628 -0.1971
vn -0.5829 0.7306 -0.3555
vn -0.7128 0.6307 -0.3069
vn -0.7492 0.5134 -0.4186
vn -0.7100 0.5458 -0.4450
vn -0.6397 0.7096 -0.2952
vn -0.1970 0.9052 -0.3766
vn 0.6149 0.6164 0.4918
vn 0.6880 0.5673 0.4526
vn 0.7291 0.3706 0.5754
vn 0.6703 0.4018 0.6239
vn 0.6642 0.4249 0.6151
vn 0.6428 0.4354 0.6303
vn 0.5896 0.5690 0.5733
vn 0.6320 0.5460 0.5500
vn 0.4480 0.8337 0.3229
vn 0.4757 0.8202 0.3177
vn 0.4451 0.8501 0.2814
vn 0.4537 0.8460 0.2801
vn 0.4847 0.8150 0.3175
vn 0.5398 0.7844 0.3055
vn 0.5087 0.8194 0.2640
vn 0.4132 0.8668 0.2793
vn 0.5247 0.7464 0.4094
vn 0.4478 0.7840 0.4300
vn 0.4446 0.7876 0.4267
vn 0.3563 0.8216 0.4451
vn 0.4141 0.7628 0.4966
vn 0.4054 0.7661 0.4988
vn 0.3108 0.8550 0.4151
vn 0.2624 0.8680 0.4215
vn 0.3335 0.8103 0.4819
vn 0.2829 0.8244 0.4903
vn 0.2757 0.8302 0.4846
vn 0.1938 0.8473 0.4946
vn 0.1823 0.8549 0.4858
vn -0.0393 0.8687 0.4937
vn -0.0521 0.8736 0.4839
vn -0.0550 0.8734 0.4838
vn -0.1359 0.8981 0.4182
vn -0.1319 0.8986 0.4184
vn -0.2262 0.9150 0.3342
vn -0.3183 0.8904 0.3252
vn -0.3075 0.8903 0.3360
vn -0.3419 0.8792 0.3318
vn -0.2987 0.8780 0.3740
vn -0.4902 0.8019 0.3416
vn -0.5269 0.7958 0.2986
vn -0.4513 0.8355 0.3135
vn -0.4330 0.8439 0.3166
vn -0.5254 0.8252 0.2076
vn -0.5375 0.8178 0.2057
vn -0.4311 0.8392 0.3315
vn -0.4344 0.8377 0.3309
vn -0.6026 0.7892 0.1184
vn -0.5825 0.8038 0.1206
vn -0.5248 0.8276 0.1991
vn -0.6427 0.7448 0.1792
vn -0.5509 0.7765 0.3059
vn -0.7295 0.6363 0.2507
vn -0.6719 0.6575 0.3410
vn -0.6987 0.6350 0.3293
vn -0.7583 0.6101 0.2296
vn -0.5197 0.7996 0.3009
vn -0.6818 0.7286 0.0659
vn 0.0121 0.9959 0.0901
vn -0.1608 0.9834 -0.0836
vn 0.4537 0.8880 -0.0754
vn 0.5276 0.8492 0.0216
vn 0.4224 0.9061 0.0230
vn 0.4699 0.8789 0.0824
vn 0.2339 0.9680 0.0908
vn 0.1727 0.9846 0.0272
vn -0.1505 0.9882 0.0273
vn -0.0799 0.9919 0.0985
vn 0.0187 0.9949 0.0988
vn -0.0055 0.9972 0.0748
vn -0.0866 0.9935 0.0745
vn -0.1084 0.9927 0.0526
vn -0.0386 0.9979 0.0529
vn -0.0187 0.9972 0.0726
vn 0.0242 0.9971 0.0726
vn -0.0507 0.9987 -0.0022
vn 0.1293 0.9916 -0.0022
vn 0.0858 0.9952 -0.0461
vn -0.0297 0.9985 -0.0463
vn -0.0885 0.9905 -0.1049
vn 0.0820 0.9911 -0.1050
vn 0.1365 0.9894 -0.0502
vn -0.0011 0.9987 -0.0507
vn -0.0440 0.9947 -0.0933
vn 0.0351 0.9950 -0.0933
vn 0.0088 0.9928 -0.1194
vn -0.0175 0.9927 -0.1194
vn -0.0738 0.9819 -0.1744
vn 0.0239 0.9843 -0.1749
vn 0.0479 0.9873 -0.1514
vn -0.1171 0.9816 -0.1506
vn 0.0540 0.9983 0.0198
vn -0.0606 0.9980 0.0198
vn 0.0154 0.9953 0.0955
vn 0.0165 0.9953 0.0955
vn -0.0727 0.9973 0.0066
vn -0.0000 0.9982 0.0606
vn 0.0055 0.9970 0.0771
vn -0.0154 0.9983 0.0562
vn -0.0066 0.9984 0.0562
vn -0.0463 0.9988 0.0166
vn 0.0628 0.9979 0.0165
vn -0.0143 0.9981 -0.0606
vn -0.1301 0.9897 -0.0601
vn 0.0997 0.9806 0.1690
vn 0.1092 0.9796 0.1688
vn -0.1226 0.9905 0.0624
vn -0.1051 0.9912 0.0799
vn 0.1266 0.9887 0.0797
vn -0.0110 0.9999 0.0122
vn -0.0507 0.9983 -0.0276
vn 0.0033 0.9996 -0.0276
vn 0.1317 0.9861 0.1013
vn 0.0712 0.9922 0.1019
vn -0.0975 0.9930 -0.0669
vn 0.0495 0.9965 -0.0672
vn 0.0595 0.9966 -0.0572
vn -0.0407 0.9975 -0.0573
vn 0.0605 0.9972 0.0441
vn 0.0033 0.9985 -0.0552
vn 0.1872 0.9808 -0.0542
vn 0.2040 0.9783 -0.0367
vn -0.0507 0.9980 -0.0375
vn -0.0033 0.9999 0.0099
vn -0.2196 0.9755 0.0097
vn -0.1186 0.9864 0.1133
vn -0.6211 0.7786 0.0895
vn -0.3252 0.8374 0.4394
vn -0.7909 0.5419 0.2844
vn -0.7615 0.5537 0.3370
vn -0.6101 0.6768 0.4120
vn -0.8240 0.5657 0.0300
vn 0.7057 0.7075 0.0375
vn 0.3103 0.8263 -0.4701
vn 0.8632 0.4388 -0.2496
vn 0.8472 0.4471 -0.2870
vn 0.7961 0.5093 -0.3269
vn 0.9038 0.4263 -0.0363
vn 0.7183 0.6932 -0.0590
vn 0.7538 0.6569 0.0174
vn 0.4732 0.8806 0.0233
vn 0.5158 0.8530 0.0801
vn 0.4623 0.8828 0.0829
vn 0.5391 0.8215 0.1860
vn 0.5018 0.8436 0.1911
vn 0.4682 0.8713 0.1473
vn 0.5221 0.8410 0.1421
vn 0.5385 0.8262 0.1652
vn 0.5675 0.8074 0.1614
vn 0.5444 0.8291 0.1273
vn 0.4873 0.8631 0.1325
vn 0.5621 0.7926 0.2364
vn 0.4615 0.8501 0.2536
vn 0.4400 0.8687 0.2274
vn 0.3317 0.9126 0.2389
vn 0.4498 0.8143 0.3670
vn 0.3513 0.8536 0.3847
vn 0.3060 0.8889 0.3408
vn 0.2962 0.8918 0.3419
vn 0.2775 0.9045 0.3238
vn 0.1968 0.9231 0.3304
vn 0.1582 0.9424 0.2946
vn -0.0568 0.9529 0.2979
vn -0.0041 0.9385 0.3452
vn -0.1406 0.9292 0.3418
vn -0.2385 0.9387 0.2489
vn -0.2324 0.9401 0.2493
vn -0.1365 0.9304 0.3402
vn -0.3085 0.8934 0.3267
vn -0.4342 0.8802 0.1916
vn -0.3155 0.9272 0.2018
vn -0.3370 0.9244 0.1787
vn -0.5450 0.8232 0.1591
vn -0.5443 0.8235 0.1601
vn -0.4685 0.8672 0.1686
vn -0.4949 0.8583 0.1356
vn -0.5324 0.8361 0.1321
vn -0.5353 0.8349 0.1282
vn -0.4527 0.8813 0.1353
vn -0.5172 0.8543 0.0528
vn -0.6062 0.7938 0.0491
vn -0.5931 0.8022 0.0691
vn -0.5341 0.8423 0.0726
vn -0.5445 0.8368 0.0582
vn -0.5777 0.8143 0.0567
vn -0.6957 0.7029 -0.1483
vn -0.7070 0.6919 -0.1460
vn -0.7547 0.5979 -0.2701
vn -0.7496 0.6032 -0.2725
vn -0.7375 0.6322 -0.2375
vn -0.6589 0.7042 -0.2645
vn -0.2728 0.9294 0.2485
vn -0.1560 0.9542 0.2551
vn 0.3074 0.7228 0.6189
vn 0.4268 0.6870 0.5882
vn 0.3254 0.7950 0.5120
vn 0.4100 0.7668 0.4939
vn 0.2126 0.9254 0.3138
vn 0.1639 0.9342 0.3168
vn -0.0669 0.9932 0.0955
vn -0.0799 0.9922 0.0954
vn -0.0920 0.9923 0.0833
vn -0.0055 0.9965 0.0837
vn -0.0099 0.9968 0.0793
vn -0.1083 0.9910 0.0788
vn -0.1770 0.9842 0.0087
vn -0.0188 0.9998 0.0088
vn 0.0254 0.9983 0.0529
vn -0.0506 0.9973 0.0529
vn 0.0673 0.9832 0.1694
vn 0.0846 0.9819 0.1692
vn -0.1259 0.9912 -0.0405
vn -0.0890 0.9952 -0.0407
vn -0.0353 0.9993 0.0132
vn 0.1366 0.9905 0.0131
vn 0.1205 0.9927 -0.0033
vn -0.0441 0.9990 -0.0033
vn -0.1138 0.9908 -0.0733
vn 0.0088 0.9972 -0.0738
vn 0.0518 0.9982 -0.0309
vn -0.0749 0.9967 -0.0308
vn 0.0341 0.9964 0.0782
vn 0.0483 0.9958 0.0781
vn -0.0573 0.9980 -0.0276
vn 0.0540 0.9982 -0.0276
vn -0.0460 0.9908 -0.1270
vn 0.0153 0.9918 -0.1271
vn -0.0185 0.9869 -0.1603
vn -0.0718 0.9845 -0.1599
vn -0.0252 0.9931 -0.1141
vn -0.0000 0.9935 -0.1141
vn 0.0770 0.9963 -0.0374
vn -0.0154 0.9979 0.0628
vn -0.0988 0.9949 -0.0209
vn -0.0463 0.9987 -0.0209
vn -0.0143 0.9961 0.0868
vn -0.0352 0.9972 0.0660
vn 0.1009 0.9927 0.0657
vn 0.0144 0.9997 -0.0210
vn 0.0022 0.9998 -0.0210
vn 0.0165 0.9998 -0.0066
vn -0.1055 0.9944 -0.0066
vn -0.0253 0.9970 0.0737
vn 0.0593 0.9955 0.0736
vn -0.0132 0.9999 0.0011
vn -0.0508 0.9987 0.0011
vn -0.0386 0.9992 0.0132
vn 0.1323 0.9911 0.0131
vn 0.0704 0.9963 -0.0495
vn -0.0976 0.9940 -0.0494
vn 0.0439 0.9948 0.0922
vn 0.0593 0.9940 0.0921
vn -0.0221 0.9997 0.0110
vn 0.0606 0.9981 0.0110
vn -0.0395 0.9953 -0.0890
vn 0.1536 0.9862 0.0620
vn 0.2038 0.9771 0.0615
vn 0.1194 0.9925 -0.0252
vn -0.0033 0.9997 -0.0254
vn 0.0737 0.9959 0.0517
vn -0.1193 0.9915 0.0514
vn -0.0459 0.9911 0.1247
vn -0.3596 0.9258 0.1165
vn -0.0521 0.9083 0.4150
vn -0.7811 0.5679 0.2594
vn -0.2282 0.5597 0.7967
vn -0.6420 0.4408 0.6274
vn -0.5266 0.4362 0.7297
vn 0.1892 0.5038 0.8428
vn -0.8150 0.5755 -0.0673
vn 0.8831 0.4661 -0.0545
vn -0.0231 0.4358 -0.8997
vn 0.6787 0.3201 -0.6610
vn 0.5337 0.3151 -0.7848
vn 0.3932 0.3426 -0.8533
vn 0.7864 0.3551 -0.5055
vn 0.3283 0.5430 -0.7729
vn 0.8028 0.5303 -0.2727
vn 0.5040 0.7681 -0.3950
vn 0.6643 0.7245 -0.1839
vn 0.4620 0.8596 -0.2182
vn 0.6344 0.7727 0.0230
vn 0.5459 0.8375 0.0250
vn 0.5465 0.8371 0.0259
vn 0.5486 0.8357 0.0258
vn 0.5745 0.8160 0.0639
vn 0.5773 0.8140 0.0638
vn 0.4232 0.8950 -0.1412
vn 0.4474 0.8834 -0.1394
vn 0.5095 0.8583 -0.0606
vn 0.4826 0.8737 -0.0617
vn 0.5199 0.8541 -0.0123
vn 0.3255 0.9454 -0.0136
vn 0.2988 0.9534 -0.0431
vn 0.2930 0.9551 -0.0432
vn 0.2969 0.9541 -0.0390
vn 0.1655 0.9854 -0.0402
vn 0.1483 0.9873 -0.0577
vn -0.0044 0.9983 -0.0584
vn -0.2459 0.9677 -0.0566
vn -0.1484 0.9879 0.0447
vn -0.1451 0.9884 0.0447
vn -0.2641 0.9612 -0.0795
vn -0.4411 0.8944 -0.0740
vn -0.3465 0.9373 0.0383
vn -0.3423 0.9388 0.0383
vn -0.4775 0.8697 -0.1248
vn -0.5475 0.8283 -0.1188
vn -0.4978 0.8659 -0.0497
vn -0.4989 0.8652 -0.0496
vn -0.5615 0.8159 -0.1377
vn -0.5343 0.8335 -0.1407
vn -0.5142 0.8503 -0.1126
vn -0.5146 0.8500 -0.1126
vn -0.6273 0.7252 -0.2841
vn -0.5670 0.7670 -0.3004
vn -0.6178 0.6895 -0.3781
vn -0.4955 0.7616 -0.4177
vn -0.6352 0.5066 -0.5830
vn -0.5445 0.5501 -0.6331
vn -0.6013 0.4335 -0.6712
vn -0.5651 0.4477 -0.6930
vn -0.4860 0.5818 -0.6522
vn -0.6133 0.5257 -0.5894
vn 0.1253 0.9777 0.1683
vn -0.2779 0.9467 0.1630
vn 0.3457 0.6695 0.6575
vn 0.2904 0.6827 0.6705
vn 0.2719 0.6992 0.6612
vn 0.2851 0.6964 0.6586
vn 0.0530 0.8570 0.5126
vn 0.1935 0.8420 0.5036
vn -0.1096 0.9632 0.2455
vn -0.0651 0.9670 0.2465
vn -0.2607 0.9641 0.0500
vn -0.0922 0.9944 0.0516
vn -0.0714 0.9948 0.0724
vn -0.0099 0.9973 0.0726
vn -0.0978 0.9951 -0.0154
vn -0.1770 0.9841 -0.0152
vn 0.0303 0.9810 0.1916
vn 0.0249 0.9812 0.1916
vn -0.1237 0.9913 0.0448
vn 0.0682 0.9967 0.0451
vn -0.0143 0.9992 -0.0375
vn -0.1259 0.9913 -0.0372
vn -0.0353 0.9987 -0.0375
vn 0.0441 0.9982 0.0419
vn 0.1204 0.9919 0.0416
vn 0.0088 0.9975 -0.0704
vn -0.1139 0.9910 -0.0700
vn -0.1436 0.9846 -0.1000
vn 0.0515 0.9936 -0.1009
vn 0.1569 0.9876 0.0054
vn 0.0342 0.9994 0.0055
vn -0.0154 0.9989 -0.0441
vn -0.0572 0.9974 -0.0440
vn -0.1049 0.9902 -0.0918
vn -0.0462 0.9947 -0.0922
vn -0.0374 0.9958 -0.0835
vn -0.0187 0.9963 -0.0836
vn 0.1031 0.9939 0.0384
vn -0.0254 0.9989 0.0386
vn 0.0077 0.9974 0.0715
vn 0.0768 0.9945 0.0713
vn 0.0309 0.9992 0.0254
vn -0.0988 0.9945 -0.0363
vn -0.0143 0.9987 0.0485
vn 0.0617 0.9969 0.0485
vn 0.0540 0.9977 0.0408
vn 0.0857 0.9833 0.1608
vn 0.0142 0.9868 0.1613
vn -0.0472 0.9938 0.1010
vn 0.0165 0.9947 0.1011
vn -0.0562 0.9980 0.0287
vn -0.0254 0.9993 0.0287
vn 0.0570 0.9922 0.1107
vn -0.0132 0.9937 0.1109
vn -0.0769 0.9959 0.0473
vn -0.0386 0.9981 0.0474
vn -0.0573 0.9979 0.0287
vn 0.0704 0.9971 0.0286
vn 0.0835 0.9956 0.0418
vn -0.1026 0.9892 -0.1049
vn -0.0220 0.9942 -0.1054
vn 0.1671 0.9823 0.0846
vn -0.0395 0.9955 0.0858
vn -0.0318 0.9951 0.0934
vn 0.1533 0.9839 0.0924
vn 0.0606 0.9982 -0.0011
vn 0.1194 0.9928 -0.0011
vn -0.0808 0.9765 -0.1996
vn 0.0723 0.9772 -0.1997
vn 0.1485 0.9810 -0.1246
vn -0.0459 0.9910 -0.1259
vn 0.1118 0.9932 0.0318
vn -0.0573 0.9978 0.0320
vn 0.1169 0.9720 0.2040
vn -0.3705 0.9090 0.1908
vn -0.1041 0.8894 0.4451
vn -0.7336 0.6077 0.3041
vn -0.2225 0.5862 0.7790
vn -0.6483 0.4578 0.6084
vn -0.6414 0.4579 0.6156
vn -0.0316 0.5965 0.8020
vn -0.7799 0.6200 0.0856
vn 0.8590 0.5072 0.0700
vn -0.0398 0.5221 -0.8519
vn 0.7566 0.3417 -0.5575
vn 0.6739 0.3450 -0.6533
vn 0.5773 0.3813 -0.7220
vn 0.8501 0.3619 -0.3826
vn 0.5331 0.5814 -0.6147
vn 0.8468 0.5083 -0.1567
vn 0.6173 0.7519 -0.2317
vn 0.6745 0.7243 -0.1432
vn 0.5393 0.8261 -0.1634
vn 0.5223 0.8323 -0.1857
vn 0.5663 0.8044 -0.1795
vn 0.4956 0.8256 -0.2700
vn 0.4099 0.8670 -0.2835
vn 0.5412 0.8317 -0.1240
vn 0.5063 0.8529 -0.1272
vn 0.5235 0.8456 -0.1046
vn 0.5171 0.8495 -0.1051
vn 0.4951 0.8585 -0.1337
vn 0.2958 0.9439 -0.1470
vn 0.3136 0.9409 -0.1279
vn 0.2947 0.9469 -0.1287
vn 0.2986 0.9462 -0.1244
vn 0.1473 0.9806 -0.1289
vn 0.1093 0.9799 -0.1667
vn -0.0044 0.9858 -0.1677
vn -0.0367 0.9793 -0.1991
vn -0.1457 0.9695 -0.1971
vn -0.1816 0.9556 -0.2322
vn -0.2580 0.9388 -0.2282
vn -0.1982 0.9657 -0.1675
vn -0.3422 0.9258 -0.1606
vn -0.4570 0.8401 -0.2923
vn -0.4603 0.8384 -0.2918
vn -0.4698 0.8291 -0.3032
vn -0.4751 0.8264 -0.3022
vn -0.4791 0.8223 -0.3070
vn -0.5419 0.7874 -0.2940
vn -0.5054 0.8274 -0.2450
vn -0.5016 0.8295 -0.2456
vn -0.5300 0.7992 -0.2834
vn -0.6319 0.7305 -0.2590
vn -0.5469 0.8279 -0.1244
vn -0.6632 0.7402 -0.1112
vn -0.7422 0.6027 -0.2930
vn -0.7482 0.5967 -0.2901
vn -0.7772 0.4754 -0.4122
vn -0.7234 0.5216 -0.4523
vn -0.7174 0.5449 -0.4341
vn -0.5470 0.6548 -0.5216
vn -0.0759 0.9965 -0.0363
vn 0.1270 0.9912 -0.0361
vn 0.4260 0.8588 0.2846
vn 0.4402 0.8523 0.2825
vn 0.4832 0.8095 0.3335
vn 0.3383 0.8701 0.3585
vn 0.0670 0.9937 0.0900
vn 0.0614 0.9940 0.0900
vn -0.0878 0.9944 -0.0593
vn -0.1129 0.9918 -0.0592
vn -0.0804 0.9964 -0.0264
vn -0.2609 0.9650 -0.0256
vn -0.1756 0.9824 0.0640
vn -0.0714 0.9953 0.0649
vn -0.0998 0.9943 0.0362
vn -0.0978 0.9945 0.0363
vn -0.1475 0.9890 -0.0142
vn 0.0715 0.9971 0.0264
vn -0.1238 0.9920 0.0263
vn -0.0868 0.9942 0.0637
vn -0.0143 0.9979 0.0639
vn -0.2005 0.9717 -0.1245
vn -0.1250 0.9841 -0.1261
vn -0.0188 0.9996 -0.0199
vn 0.0441 0.9988 -0.0199
vn -0.0655 0.9895 -0.1290
vn 0.0088 0.9916 -0.1293
vn 0.0285 0.9935 -0.1098
vn -0.1434 0.9837 -0.1087
vn -0.0825 0.9955 -0.0473
vn 0.1568 0.9865 -0.0469
vn 0.0261 0.9838 -0.1772
vn -0.0152 0.9841 -0.1772
vn 0.0911 0.9932 -0.0724
vn -0.1051 0.9918 -0.0723
vn -0.0975 0.9931 -0.0647
vn -0.0375 0.9972 -0.0650
vn -0.0331 0.9976 -0.0606
vn 0.1030 0.9929 -0.0603
vn 0.0065 0.9877 -0.1560
vn 0.0076 0.9877 -0.1560
vn 0.0724 0.9931 -0.0922
vn 0.0307 0.9953 -0.0924
vn -0.0316 0.9876 -0.1538
vn -0.0143 0.9988 -0.0463
vn 0.1711 0.9753 0.1399
vn 0.0535 0.9884 0.1418
vn -0.0044 0.9964 0.0847
vn 0.0865 0.9927 0.0843
vn -0.1101 0.9876 -0.1122
vn -0.0471 0.9925 -0.1128
vn 0.0022 0.9980 -0.0639
vn -0.0561 0.9964 -0.0638
vn 0.1123 0.9881 0.1047
vn 0.0570 0.9928 0.1052
vn 0.0429 0.9949 0.0911
vn -0.0767 0.9929 0.0909
vn -0.1420 0.9896 0.0251
vn -0.0573 0.9980 0.0253
vn 0.0373 0.9922 0.1193
vn 0.0830 0.9894 0.1190
vn -0.1169 0.9899 -0.0808
vn -0.1028 0.9914 -0.0810
vn 0.0044 0.9996 0.0265
vn 0.1677 0.9855 0.0261
vn 0.1108 0.9933 -0.0318
vn -0.0320 0.9990 -0.0320
vn 0.0604 0.9949 -0.0812
vn 0.0131 0.9917 -0.1280
vn -0.0818 0.9884 -0.1276
vn 0.1159 0.9908 0.0700
vn 0.1493 0.9863 0.0697
vn -0.1005 0.9787 -0.1793
vn 0.1100 0.9777 -0.1791
vn 0.1695 0.9782 -0.1198
vn 0.1185 0.9856 -0.1207
vn 0.1131 0.9855 -0.1261
vn -0.1154 0.9853 -0.1261
vn 0.0617 0.9968 0.0506
vn -0.3545 0.9339 0.0474
vn -0.3349 0.9397 0.0695
vn -0.8131 0.5805 0.0429
vn -0.7350 0.6435 0.2137
vn -0.7666 0.6094 0.2024
vn -0.8305 0.5546 0.0514
vn -0.0757 0.9929 0.0920
vn -0.4858 0.8010 -0.3500
vn 0.8730 0.4470 -0.1953
vn 0.7987 0.4838 -0.3577
vn 0.8838 0.3762 -0.2781
vn 0.8889 0.3736 -0.2651
vn 0.8054 0.4834 -0.3430
vn 0.8465 0.4653 -0.2587
vn 0.6313 0.6778 -0.3770
vn 0.6689 0.6684 -0.3252
vn 0.4914 0.7831 -0.3811
vn 0.4987 0.7824 -0.3730
vn 0.4764 0.7937 -0.3783
vn 0.5379 0.7849 -0.3075
vn 0.5182 0.7964 -0.3120
vn 0.5568 0.7875 -0.2642
vn 0.5062 0.8177 -0.2743
vn 0.4692 0.8241 -0.3174
vn 0.4739 0.8218 -0.3165
vn 0.5122 0.8148 -0.2715
vn 0.3014 0.9046 -0.3014
vn 0.3024 0.9046 -0.3004
vn 0.2869 0.9091 -0.3020
vn 0.2768 0.9089 -0.3119
vn 0.1050 0.9406 -0.3228
vn -0.0355 0.9453 -0.3244
vn 0.0362 0.9652 -0.2588
vn -0.1805 0.9500 -0.2547
vn -0.1449 0.9646 -0.2203
vn -0.1962 0.9559 -0.2184
vn -0.3847 0.8300 -0.4039
vn -0.4394 0.8077 -0.3931
vn -0.4231 0.8245 -0.3758
vn -0.4583 0.8088 -0.3686
vn -0.4522 0.8153 -0.3617
vn -0.4701 0.8068 -0.3579
vn -0.4888 0.7855 -0.3796
vn -0.4819 0.7889 -0.3813
vn -0.5023 0.7641 -0.4047
vn -0.5056 0.7624 -0.4038
vn -0.4789 0.7948 -0.3727
vn -0.5133 0.7770 -0.3644
vn -0.4634 0.8324 -0.3040
vn -0.7565 0.6143 -0.2244
vn -0.6216 0.7814 0.0552
vn -0.8525 0.5214 0.0368
vn -0.7947 0.5769 0.1890
vn -0.7811 0.5934 0.1945
vn -0.8541 0.5202 0.0011
vn -0.0759 0.9971 0.0022
vn -0.4589 0.7951 -0.3966
vn 0.4057 0.8179 -0.4079
vn 0.4387 0.8171 -0.3742
vn 0.4770 0.7991 -0.3659
vn 0.6164 0.7642 -0.1897
vn 0.0653 0.9685 -0.2404
vn 0.2519 0.9663 -0.0533
vn -0.0803 0.9958 0.0429
vn -0.1141 0.9934 0.0088
vn -0.1760 0.9844 0.0087
vn -0.1601 0.9868 0.0250
vn -0.0999 0.9947 0.0252
vn -0.0594 0.9961 0.0659
vn -0.1472 0.9869 0.0653
vn -0.2054 0.9787 0.0054
vn 0.0715 0.9974 0.0055
vn -0.0794 0.9863 -0.1447
vn -0.0860 0.9857 -0.1447
vn 0.0276 0.9991 -0.0320
vn -0.2020 0.9789 -0.0313
vn -0.0371 0.9901 0.1355
vn -0.0186 0.9906 0.1355
vn -0.1507 0.9886 0.0033
vn -0.0661 0.9978 0.0033
vn 0.0088 0.9969 0.0781
vn -0.1106 0.9920 -0.0613
vn -0.0824 0.9947 -0.0615
vn 0.1046 0.9866 0.1252
vn 0.0263 0.9917 0.1258
vn -0.1546 0.9864 -0.0555
vn 0.0912 0.9943 -0.0560
vn 0.0142 0.9911 -0.1323
vn -0.0969 0.9865 -0.1317
vn -0.0450 0.9958 -0.0802
vn -0.0330 0.9962 -0.0802
vn 0.1499 0.9833 0.1031
vn 0.0066 0.9945 0.1043
vn 0.0077 0.9944 0.1053
vn 0.0723 0.9918 0.1051
vn -0.1073 0.9914 -0.0744
vn -0.0319 0.9967 -0.0748
vn 0.0408 0.9992 -0.0022
vn 0.1715 0.9774 0.1240
vn -0.0231 0.9972 -0.0715
vn -0.0044 0.9974 -0.0715
vn -0.0055 0.9973 -0.0726
vn -0.1105 0.9913 -0.0722
vn 0.0894 0.9878 0.1275
vn 0.0022 0.9918 0.1280
vn -0.0253 0.9946 0.1010
vn 0.1124 0.9886 0.1004
vn 0.1027 0.9906 0.0907
vn -0.0166 0.9994 0.0320
vn -0.1419 0.9894 0.0317
vn -0.1718 0.9851 0.0011
vn 0.0375 0.9993 0.0011
vn 0.0430 0.9991 0.0066
vn -0.1173 0.9931 0.0066
vn 0.0521 0.9832 0.1747
vn 0.0043 0.9846 0.1749
vn -0.0602 0.9919 0.1116
vn 0.1102 0.9877 0.1112
vn -0.0133 0.9998 -0.0121
vn -0.0814 0.9966 -0.0121
vn -0.1310 0.9894 -0.0622
vn 0.0132 0.9979 -0.0628
vn 0.1000 0.9947 0.0241
vn 0.1161 0.9929 0.0241
vn -0.0393 0.9906 -0.1312
vn -0.1013 0.9862 -0.1306
vn 0.0375 0.9993 0.0077
vn 0.1707 0.9853 0.0076
vn -0.0357 0.9796 -0.1978
vn 0.1118 0.9741 -0.1967
vn 0.2093 0.9728 -0.0988
vn 0.0614 0.9930 -0.1008
vn 0.0834 0.9934 -0.0789
vn -0.3348 0.9393 -0.0746
vn -0.2037 0.9767 0.0668
vn -0.7516 0.6580 0.0450
vn -0.6366 0.7304 0.2474
vn -0.8173 0.5458 0.1849
vn -0.8216 0.5427 0.1748
vn -0.4999 0.8243 0.2656
vn -0.7173 0.6929 -0.0734
vn 0.8540 0.5173 -0.0548
vn 0.2457 0.5814 -0.7756
vn 0.8189 0.3442 -0.4592
vn 0.5047 0.3486 -0.7898
vn 0.5921 0.3254 -0.7372
vn 0.6868 0.3270 -0.6492
vn 0.4106 0.4102 -0.8143
vn 0.7242 0.4245 -0.5434
vn 0.3653 0.5731 -0.7336
vn 0.7628 0.5632 -0.3176
vn 0.5125 0.7480 -0.4217
vn 0.5640 0.7419 -0.3626
vn 0.5362 0.7584 -0.3707
vn 0.5445 0.7571 -0.3609
vn 0.4571 0.8029 -0.3827
vn 0.4791 0.8011 -0.3589
vn 0.4976 0.7916 -0.3546
vn 0.4951 0.7919 -0.3574
vn 0.2915 0.8719 -0.3935
vn 0.3472 0.8741 -0.3395
vn 0.2731 0.8967 -0.3483
vn 0.1540 0.8775 -0.4541
vn 0.0986 0.8838 -0.4574
vn 0.2785 0.9136 -0.2964
vn 0.0357 0.9506 -0.3084
vn -0.0489 0.9226 -0.3828
vn -0.1375 0.9149 -0.3796
vn -0.2745 0.8256 -0.4929
vn -0.3697 0.7978 -0.4763
vn -0.3186 0.8441 -0.4313
vn -0.4156 0.8100 -0.4138
vn -0.3807 0.8435 -0.3788
vn -0.4514 0.8140 -0.3656
vn -0.4673 0.7967 -0.3833
vn -0.4891 0.7860 -0.3781
vn -0.5262 0.7382 -0.4220
vn -0.4956 0.7540 -0.4310
vn -0.4509 0.8067 -0.3819
vn -0.4782 0.7938 -0.3758
vn -0.5008 0.7666 -0.4018
vn -0.4423 0.7944 -0.4164
vn -0.5065 0.7142 -0.4831
vn -0.5503 0.6916 -0.4678
vn -0.6180 0.5606 -0.5512
vn -0.7008 0.5087 -0.5001
vn -0.6931 0.5363 -0.4817
vn -0.7738 0.4713 -0.4233
vn -0.7513 0.5751 -0.3236
vn -0.4493 0.7786 -0.4381
vn -0.3958 0.8342 -0.3839
vn 0.4384 0.8165 -0.3757
vn 0.4366 0.8166 -0.3775
vn 0.5907 0.7324 -0.3386
vn 0.6257 0.7233 -0.2921
vn 0.2350 0.9013 -0.3640
vn 0.4756 0.8733 -0.1050
vn 0.0099 0.9928 -0.1194
vn -0.0563 0.9813 -0.1841
vn -0.1122 0.9766 -0.1832
vn 0.0529 0.9984 -0.0198
vn -0.1601 0.9869 -0.0196
vn -0.1976 0.9785 -0.0583
vn -0.0594 0.9965 -0.0594
vn -0.0692 0.9952 -0.0692
vn -0.2049 0.9764 -0.0679
vn 0.0076 0.9892 0.1463
vn -0.0794 0.9861 0.1458
vn -0.2031 0.9789 0.0205
vn 0.0276 0.9994 0.0210
vn -0.0386 0.9982 -0.0452
vn -0.0375 0.9983 -0.0452
vn 0.0055 1.0000 -0.0022
vn -0.1507 0.9886 -0.0022
vn -0.0736 0.9944 0.0757
vn 0.0088 0.9971 0.0759
vn -0.0966 0.9949 -0.0296
vn -0.1107 0.9934 -0.0296
vn -0.0977 0.9951 -0.0165
vn 0.1054 0.9943 -0.0165
vn -0.0532 0.9834 -0.1736
vn -0.1525 0.9733 -0.1718
vn -0.0473 0.9966 -0.0671
vn 0.0143 0.9976 -0.0672
vn 0.0705 0.9974 -0.0110
vn -0.0452 0.9989 -0.0110
vn 0.0055 0.9992 0.0397
vn 0.1506 0.9878 0.0392
vn -0.0393 0.9878 -0.1504
vn 0.0076 0.9886 -0.1505
vn 0.0559 0.9931 -0.1030
vn -0.1071 0.9889 -0.1026
vn 0.0485 0.9974 0.0528
vn 0.0407 0.9978 0.0528
vn -0.0572 0.9973 -0.0451
vn -0.0231 0.9951 -0.0956
vn 0.1842 0.9763 0.1133
vn -0.0055 0.9933 0.1152
vn 0.0066 0.9919 0.1271
vn 0.0894 0.9879 0.1266
vn 0.0733 0.9912 0.1106
vn -0.0252 0.9935 0.1109
vn -0.0318 0.9940 0.1043
vn 0.1026 0.9893 0.1038
vn 0.0419 0.9982 0.0430
vn -0.0166 0.9989 0.0430
vn -0.1636 0.9809 -0.1051
vn -0.1708 0.9797 -0.1050
vn 0.0536 0.9913 0.1205
vn 0.0427 0.9918 0.1205
vn 0.0077 0.9963 0.0858
vn 0.0527 0.9949 0.0857
vn -0.0726 0.9966 -0.0396
vn -0.0605 0.9974 -0.0397
vn -0.1007 0.9917 -0.0800
vn -0.0132 0.9967 -0.0804
vn 0.0177 0.9986 -0.0496
vn -0.1311 0.9901 -0.0492
vn -0.0011 0.9967 0.0815
vn 0.0997 0.9917 0.0811
vn -0.0397 0.9975 -0.0584
vn -0.0396 0.9975 -0.0584
vn -0.0680 0.9939 -0.0867
vn 0.0374 0.9955 -0.0869
vn 0.0638 0.9961 -0.0605
vn -0.0363 0.9975 -0.0606
vn 0.0331 0.9994 0.0088
vn 0.2104 0.9776 0.0086
vn 0.0687 0.9884 -0.1354
vn 0.0829 0.9873 -0.1353
vn 0.0249 0.9811 -0.1918
vn -0.2005 0.9615 -0.1880
vn 0.1475 0.9759 0.1606
vn -0.6521 0.7481 0.1231
vn -0.1633 0.7622 0.6264
vn -0.7601 0.5020 0.4126
vn -0.3696 0.4948 0.7865
vn -0.4827 0.4663 0.7413
vn -0.5563 0.4724 0.6836
vn 0.2336 0.5528 0.7999
vn -0.7290 0.6839 -0.0295
vn 0.8225 0.5682 -0.0245
vn -0.0205 0.5470 -0.8369
vn 0.7543 0.3592 -0.5496
vn 0.5785 0.3609 -0.7315
vn 0.6024 0.3531 -0.7158
vn 0.9225 0.3092 -0.2312
vn 0.7352 0.5428 -0.4060
vn 0.8187 0.5125 -0.2588
vn 0.5616 0.7386 -0.3729
vn 0.5879 0.7338 -0.3405
vn 0.5464 0.7597 -0.3525
vn 0.4601 0.7670 -0.4474
vn 0.4590 0.7674 -0.4476
vn 0.4573 0.7674 -0.4493
vn 0.4749 0.7595 -0.4447
vn 0.2788 0.7379 -0.6146
vn 0.2919 0.7349 -0.6121
vn 0.3997 0.7516 -0.5247
vn 0.1424 0.8116 -0.5666
vn 0.1605 0.8173 -0.5534
vn 0.2448 0.8028 -0.5437
vn 0.0988 0.7576 -0.6452
vn -0.0403 0.7607 -0.6479
vn 0.0325 0.7966 -0.6037
vn -0.2562 0.7704 -0.5838
vn -0.2467 0.7781 -0.5776
vn -0.2900 0.7684 -0.5705
vn -0.2359 0.8129 -0.5325
vn -0.3532 0.7826 -0.5127
vn -0.4140 0.7174 -0.5603
vn -0.4196 0.7154 -0.5587
vn -0.4491 0.6787 -0.5811
vn -0.4762 0.6680 -0.5719
vn -0.4221 0.7371 -0.5277
vn -0.4138 0.7402 -0.5299
vn -0.4324 0.7182 -0.5451
vn -0.4616 0.7066 -0.5363
vn -0.4278 0.7484 -0.5068
vn -0.5064 0.7140 -0.4835
vn -0.4708 0.7610 -0.4464
vn -0.6891 0.6251 -0.3667
vn -0.7351 0.4598 -0.4982
vn -0.6592 0.5100 -0.5527
vn -0.6836 0.4218 -0.5956
vn -0.6026 0.4613 -0.6512
vn -0.5443 0.5810 -0.6052
vn -0.3122 0.6579 -0.6854
vn 0.2427 0.9279 -0.2829
vn 0.4553 0.8516 -0.2597
vn 0.6764 0.7341 0.0600
vn 0.6530 0.7548 0.0617
vn 0.6231 0.7821 0.0104
vn 0.4783 0.8781 0.0116
vn 0.3120 0.9322 -0.1833
vn -0.0562 0.9797 -0.1926
vn 0.1810 0.9825 0.0445
vn 0.0529 0.9976 0.0452
vn -0.0055 0.9999 -0.0133
vn -0.1979 0.9801 -0.0130
vn -0.0693 0.9975 -0.0132
vn -0.0209 0.9992 0.0353
vn 0.0077 0.9993 0.0353
vn -0.1712 0.9746 -0.1443
vn -0.2010 0.9690 -0.1434
vn -0.0011 0.9983 0.0584
vn -0.0386 0.9975 0.0584
vn -0.0286 0.9973 0.0683
vn 0.0055 0.9976 0.0683
vn -0.1510 0.9845 -0.0892
vn -0.0735 0.9932 -0.0900
vn -0.0066 0.9997 -0.0232
vn -0.0966 0.9951 -0.0231
vn -0.1657 0.9817 -0.0933
vn -0.0973 0.9908 -0.0941
vn 0.0528 0.9970 0.0562
vn -0.0540 0.9970 0.0562
vn -0.0968 0.9952 0.0132
vn -0.0474 0.9988 0.0132
vn 0.0264 0.9959 0.0869
vn 0.0703 0.9938 0.0867
vn -0.1316 0.9846 -0.1153
vn 0.0055 0.9932 -0.1163
vn 0.0966 0.9950 -0.0253
vn -0.0397 0.9989 -0.0254
vn 0.0353 0.9981 0.0496
vn 0.0561 0.9972 0.0496
vn 0.0474 0.9980 0.0408
vn 0.0485 0.9980 0.0408
vn -0.1154 0.9857 -0.1230
vn -0.0568 0.9907 -0.1237
vn 0.0595 0.9982 -0.0077
vn 0.1846 0.9784 0.0928
vn 0.1075 0.9941 0.0143
vn 0.0066 0.9999 0.0143
vn 0.0265 0.9991 0.0342
vn 0.0737 0.9967 0.0341
vn -0.0264 0.9975 -0.0660
vn -0.0320 0.9973 -0.0660
vn 0.1020 0.9925 0.0679
vn 0.0418 0.9968 0.0682
vn -0.0199 0.9998 0.0066
vn -0.1645 0.9863 0.0065
vn 0.0033 0.9848 0.1739
vn 0.0532 0.9834 0.1736
vn -0.1259 0.9920 -0.0044
vn 0.0077 1.0000 -0.0044
vn 0.0320 0.9993 0.0198
vn -0.0726 0.9972 0.0198
vn -0.0781 0.9968 0.0143
vn -0.1010 0.9948 0.0143
vn -0.1652 0.9849 -0.0511
vn 0.0176 0.9985 -0.0518
vn 0.0055 0.9979 -0.0639
vn -0.0011 0.9980 -0.0639
vn 0.0055 0.9983 -0.0573
vn -0.0397 0.9976 -0.0572
vn -0.1237 0.9823 -0.1409
vn -0.0676 0.9876 -0.1417
vn -0.0296 0.9941 -0.1042
vn 0.0636 0.9925 -0.1040
vn 0.0087 0.9874 -0.1580
vn 0.0327 0.9869 -0.1579
vn 0.0054 0.9828 -0.1844
vn 0.0682 0.9806 -0.1839
vn 0.1765 0.9814 -0.0758
vn 0.0253 0.9967 -0.0770
vn 0.0408 0.9973 -0.0616
vn 0.1492 0.9869 -0.0610
vn 0.1513 0.9867 -0.0588
vn -0.2092 0.9761 -0.0582
vn 0.0174 0.9854 0.1696
vn -0.5929 0.7936 0.1366
vn 0.0089 0.7318 0.6815
vn -0.6528 0.5543 0.5163
vn -0.4510 0.5480 0.7045
vn -0.5476 0.5137 0.6604
vn -0.7834 0.4937 0.3775
vn -0.0298 0.7940 0.6072
vn -0.7546 0.5946 -0.2776
vn 0.8237 0.5138 -0.2398
vn 0.8465 0.4989 -0.1861
vn 0.9416 0.3156 -0.1177
vn 0.9467 0.3091 -0.0907
vn 0.8375 0.5243 -0.1539
vn 0.7637 0.5671 -0.3085
vn 0.5755 0.7184 -0.3908
vn 0.4536 0.7238 -0.5199
vn 0.4380 0.7301 -0.5245
vn 0.4346 0.7299 -0.5276
vn 0.4349 0.7298 -0.5275
vn 0.2650 0.7021 -0.6609
vn 0.2653 0.7021 -0.6608
vn 0.3818 0.7245 -0.5740
vn 0.3848 0.7235 -0.5732
vn 0.2329 0.6919 -0.6834
vn 0.1384 0.7047 -0.6959
vn 0.2080 0.7277 -0.6536
vn 0.0965 0.7405 -0.6651
vn 0.1307 0.7535 -0.6444
vn 0.0310 0.7596 -0.6496
vn -0.0761 0.7036 -0.7065
vn -0.2183 0.6886 -0.6915
vn -0.1296 0.7519 -0.6464
vn -0.2149 0.7406 -0.6366
vn -0.2712 0.6943 -0.6666
vn -0.3843 0.6660 -0.6393
vn -0.3463 0.7068 -0.6169
vn -0.4462 0.6742 -0.5885
vn -0.4237 0.7024 -0.5720
vn -0.4059 0.7087 -0.5771
vn -0.3548 0.7637 -0.5393
vn -0.4413 0.7330 -0.5176
vn -0.4298 0.7467 -0.5076
vn -0.4274 0.7477 -0.5082
vn -0.4157 0.7611 -0.4980
vn -0.4597 0.7431 -0.4863
vn -0.4745 0.7243 -0.5003
vn -0.7961 0.4979 -0.3439
vn -0.7808 0.5643 -0.2684
vn -0.8257 0.5095 -0.2423
vn -0.8342 0.3759 -0.4036
vn -0.5382 0.5744 -0.6168
vn -0.3656 0.8004 -0.4751
vn 0.2194 0.8389 -0.4980
vn 0.7166 0.6851 0.1308
vn 0.6710 0.7283 0.1390
vn 0.7299 0.6274 0.2714
vn 0.5903 0.7409 0.3205
vn 0.4813 0.8603 0.1680
vn 0.3121 0.9324 0.1821
vn 0.2290 0.9689 0.0941
vn 0.1804 0.9790 0.0951
vn -0.0491 0.9896 -0.1354
vn -0.0055 0.9908 -0.1356
vn -0.0467 0.9833 -0.1758
vn -0.1950 0.9655 -0.1726
vn 0.0308 0.9981 0.0540
vn -0.0209 0.9983 0.0540
vn -0.1448 0.9869 -0.0708
vn -0.1726 0.9825 -0.0705
vn -0.0716 0.9969 0.0319
vn -0.0011 0.9995 0.0320
vn -0.0077 0.9996 0.0254
vn -0.0287 0.9993 0.0254
vn -0.0847 0.9959 -0.0308
vn -0.1515 0.9880 -0.0305
vn -0.0857 0.9957 0.0363
vn -0.0066 0.9993 0.0364
vn -0.0814 0.9959 -0.0385
vn -0.1664 0.9853 -0.0381
vn -0.0813 0.9955 0.0483
vn 0.0528 0.9974 0.0484
vn -0.1374 0.9803 -0.1417
vn -0.0958 0.9852 -0.1424
vn -0.0099 0.9983 -0.0573
vn 0.0264 0.9980 -0.0573
vn -0.0459 0.9906 -0.1290
vn -0.1314 0.9830 -0.1280
vn 0.0188 0.9996 0.0221
vn 0.0966 0.9951 0.0220
vn -0.0697 0.9872 -0.1438
vn 0.0350 0.9890 -0.1440
vn 0.1410 0.9893 -0.0382
vn 0.0474 0.9981 -0.0385
vn 0.0408 0.9981 -0.0452
vn -0.1162 0.9922 -0.0449
vn -0.0771 0.9970 -0.0055
vn 0.0595 0.9982 -0.0055
vn 0.0792 0.9968 0.0143
vn 0.1073 0.9919 0.0679
vn -0.0657 0.9923 -0.1052
vn 0.0264 0.9941 -0.1054
vn 0.0605 0.9956 -0.0715
vn -0.0264 0.9971 -0.0716
vn 0.0737 0.9969 0.0286
vn 0.1022 0.9944 0.0286
vn 0.0419 0.9986 -0.0320
vn -0.0198 0.9993 -0.0320
vn 0.0033 1.0000 -0.0044
vn -0.1385 0.9795 -0.1461
vn -0.1245 0.9814 -0.1464
vn 0.1294 0.9857 0.1078
vn 0.0318 0.9936 0.1087
vn -0.1845 0.9768 -0.1090
vn -0.0776 0.9908 -0.1106
vn 0.0813 0.9955 0.0484
vn -0.1652 0.9851 0.0479
vn -0.1210 0.9883 0.0928
vn 0.0055 0.9956 0.0935
vn -0.0044 0.9965 0.0837
vn 0.0055 0.9965 0.0837
vn -0.1720 0.9805 -0.0953
vn -0.1244 0.9876 -0.0960
vn -0.0518 0.9984 -0.0232
vn -0.0298 0.9993 -0.0232
vn 0.0132 0.9997 0.0199
vn 0.0088 0.9998 0.0199
vn -0.0331 0.9992 -0.0221
vn 0.0055 0.9997 -0.0221
vn 0.1232 0.9877 0.0960
vn 0.1762 0.9797 0.0952
vn -0.1004 0.9782 -0.1816
vn 0.0402 0.9824 -0.1823
vn 0.1960 0.9803 -0.0260
vn 0.1516 0.9881 -0.0262
vn 0.0426 0.9898 -0.1356
vn 0.0175 0.9906 -0.1357
vn 0.1475 0.9890 -0.0055
vn 0.0121 0.9999 -0.0055
vn -0.0033 0.9998 -0.0210
vn -0.6354 0.7720 -0.0162
vn -0.5030 0.8463 0.1758
vn -0.8409 0.5299 0.1101
vn -0.8826 0.4683 -0.0424
vn -0.7842 0.6180 -0.0560
vn -0.8321 0.4964 -0.2473
vn 0.8352 0.4922 -0.2452
vn 0.8580 0.4773 -0.1898
vn 0.9435 0.3080 -0.1225
vn 0.8915 0.3431 -0.2960
vn 0.7139 0.5302 -0.4574
vn 0.6706 0.5358 -0.5131
vn 0.4124 0.6579 -0.6302
vn 0.3710 0.6516 -0.6616
vn 0.3855 0.6475 -0.6574
vn 0.3192 0.6350 -0.7035
vn 0.2451 0.6495 -0.7197
vn 0.3781 0.6786 -0.6297
vn 0.3603 0.6838 -0.6345
vn 0.2751 0.6658 -0.6936
vn 0.2270 0.6744 -0.7026
vn 0.1887 0.6627 -0.7248
vn 0.1894 0.6626 -0.7247
vn 0.1942 0.6641 -0.7219
vn 0.1166 0.6724 -0.7309
vn -0.1402 0.5447 -0.8268
vn -0.0594 0.5492 -0.8336
vn -0.2167 0.4578 -0.8623
vn -0.0806 0.4674 -0.8804
vn 0.0548 0.5275 -0.8478
vn -0.2021 0.5174 -0.8316
vn -0.1105 0.5754 -0.8104
vn -0.2729 0.5569 -0.7845
vn -0.2520 0.5739 -0.7792
vn -0.3368 0.5584 -0.7581
vn -0.3731 0.5220 -0.7670
vn -0.2529 0.5444 -0.7998
vn -0.2977 0.5081 -0.8082
vn -0.2929 0.5089 -0.8095
vn -0.0690 0.6647 -0.7439
vn -0.3420 0.6261 -0.7007
vn -0.2896 0.6765 -0.6771
vn -0.4202 0.6414 -0.6419
vn -0.3916 0.6752 -0.6251
vn -0.7125 0.5149 -0.4767
vn -0.7026 0.5513 -0.4500
vn -0.8644 0.3895 -0.3180
vn -0.8648 0.4179 -0.2784
vn -0.3554 0.7779 -0.5182
vn -0.2568 0.8620 -0.4371
vn 0.6822 0.6521 -0.3307
vn 0.8483 0.5287 0.0275
vn 0.7579 0.6515 0.0338
vn 0.7918 0.5973 0.1280
vn 0.4799 0.8578 0.1838
vn 0.4674 0.8680 0.1678
vn 0.2261 0.9564 0.1849
vn 0.0276 0.9995 -0.0155
vn -0.0496 0.9987 -0.0154
vn 0.0297 0.9975 0.0639
vn -0.0474 0.9968 0.0639
vn -0.0628 0.9969 0.0485
vn 0.0308 0.9983 0.0485
vn -0.1145 0.9887 -0.0972
vn -0.1445 0.9848 -0.0968
vn -0.0661 0.9977 -0.0176
vn -0.0716 0.9973 -0.0176
vn 0.0374 0.9951 0.0912
vn -0.0077 0.9958 0.0913
vn -0.1493 0.9875 -0.0513
vn -0.0846 0.9951 -0.0517
vn 0.0320 0.9974 0.0650
vn -0.0856 0.9942 0.0648
vn -0.1956 0.9795 -0.0476
vn -0.0814 0.9955 -0.0484
vn -0.0879 0.9946 -0.0549
vn 0.0033 0.9995 0.0298
vn -0.1387 0.9899 0.0295
vn -0.1580 0.9874 0.0098
vn -0.0099 0.9999 0.0099
vn 0.0430 0.9971 0.0628
vn -0.0462 0.9970 0.0628
vn -0.0846 0.9961 0.0242
vn 0.0188 0.9995 0.0243
vn 0.0430 0.9979 0.0485
vn -0.0704 0.9963 0.0484
vn -0.0769 0.9962 0.0418
vn 0.1410 0.9891 0.0415
vn 0.0099 0.9959 -0.0902
vn 0.0406 0.9951 -0.0901
vn 0.1075 0.9939 -0.0231
vn -0.0771 0.9968 -0.0231
vn -0.0232 0.9993 0.0309
vn 0.0792 0.9964 0.0308
vn 0.1223 0.9897 0.0743
vn -0.0660 0.9969 -0.0418
vn -0.0254 0.9997 -0.0011
vn 0.0154 0.9988 -0.0463
vn 0.0737 0.9962 -0.0462
vn 0.0374 0.9959 -0.0824
vn 0.0418 0.9957 -0.0824
vn 0.0110 0.9935 -0.1129
vn 0.0077 0.9936 -0.1129
vn 0.1642 0.9854 0.0446
vn -0.1399 0.9892 0.0448
vn -0.0382 0.9885 0.1462
vn 0.1288 0.9810 0.1451
vn -0.0353 0.9992 -0.0187
vn -0.1856 0.9825 -0.0184
vn -0.0592 0.9922 0.1095
vn -0.1369 0.9846 -0.1086
vn -0.1209 0.9867 -0.1089
vn -0.1049 0.9901 -0.0929
vn -0.0044 0.9956 -0.0934
vn -0.0033 0.9957 -0.0923
vn -0.1721 0.9809 -0.0909
vn -0.1226 0.9916 -0.0405
vn -0.0518 0.9978 -0.0407
vn 0.0144 0.9996 0.0254
vn 0.0132 0.9996 0.0254
vn 0.0418 0.9977 0.0539
vn -0.0331 0.9980 0.0540
vn -0.0978 0.9951 -0.0110
vn 0.1237 0.9923 -0.0109
vn -0.0669 0.9776 -0.1996
vn -0.1000 0.9749 -0.1990
vn 0.1365 0.9900 0.0360
vn 0.1959 0.9800 0.0357
vn 0.0219 0.9899 -0.1398
vn 0.0426 0.9893 -0.1397
vn 0.0415 0.9892 -0.1408
vn 0.1461 0.9794 -0.1394
vn 0.1070 0.9782 -0.1781
vn -0.0033 0.9838 -0.1791
vn 0.1029 0.9919 -0.0744
vn -0.5099 0.8578 -0.0644
vn -0.4585 0.8887 0.0029
vn -0.8834 0.4687 0.0016
vn -0.8970 0.4359 -0.0741
vn -0.8555 0.5104 -0.0867
vn -0.8663 0.4773 -0.1475
vn 0.8642 0.4808 -0.1485
vn 0.3601 0.5343 -0.7647
vn 0.8301 0.3194 -0.4571
vn 0.5140 0.3246 -0.7940
vn 0.4280 0.3420 -0.8366
vn 0.4738 0.3470 -0.8094
vn 0.2189 0.3845 -0.8968
vn 0.3616 0.4127 -0.8360
vn 0.2172 0.4321 -0.8753
vn 0.4519 0.4768 -0.7539
vn 0.2855 0.5123 -0.8100
vn 0.4198 0.5381 -0.7309
vn 0.2379 0.5758 -0.7822
vn 0.3749 0.6071 -0.7007
vn 0.1833 0.6437 -0.7430
vn 0.0634 0.5989 -0.7983
vn 0.1728 0.5911 -0.7879
vn -0.1650 0.4412 -0.8821
vn -0.1144 0.4444 -0.8885
vn -0.3077 0.3348 -0.8906
vn -0.1643 0.3471 -0.9233
vn -0.1836 0.3381 -0.9230
vn 0.0357 0.3437 -0.9384
vn 0.0149 0.3374 -0.9412
vn -0.0647 0.3368 -0.9394
vn 0.1000 0.3908 -0.9150
vn -0.1700 0.3870 -0.9063
vn -0.2316 0.3545 -0.9059
vn -0.2520 0.3526 -0.9012
vn -0.3283 0.3070 -0.8933
vn -0.1871 0.3193 -0.9290
vn -0.2810 0.2748 -0.9195
vn -0.0297 0.2862 -0.9577
vn -0.1384 0.2526 -0.9576
vn -0.1086 0.2536 -0.9612
vn 0.0401 0.2958 -0.9544
vn -0.1692 0.2918 -0.9414
vn -0.0491 0.3367 -0.9403
vn -0.3947 0.3097 -0.8650
vn -0.2983 0.3802 -0.8755
vn -0.6360 0.3074 -0.7078
vn -0.4575 0.6471 -0.6098
vn -0.2119 0.7112 -0.6702
vn 0.4096 0.8966 -0.1682
vn 0.8445 0.5264 -0.0987
vn 0.8765 0.4811 0.0143
vn 0.7982 0.6021 0.0179
vn 0.8083 0.5868 0.0479
vn 0.4729 0.8782 0.0717
vn 0.2913 0.9462 -0.1409
vn 0.0273 0.9887 -0.1473
vn 0.0185 0.9876 -0.1558
vn 0.0294 0.9874 -0.1558
vn 0.0196 0.9860 -0.1654
vn -0.0620 0.9843 -0.1651
vn -0.0328 0.9901 -0.1366
vn -0.1140 0.9842 -0.1357
vn 0.0287 0.9996 0.0066
vn -0.0661 0.9978 0.0066
vn -0.0562 0.9983 0.0165
vn 0.0375 0.9992 0.0165
vn -0.1494 0.9885 -0.0229
vn -0.1621 0.9861 -0.0359
vn 0.0320 0.9988 -0.0364
vn 0.0364 0.9988 -0.0320
vn -0.1958 0.9802 -0.0314
vn -0.1875 0.9820 -0.0228
vn -0.0880 0.9959 -0.0231
vn 0.0033 0.9994 0.0331
vn -0.0737 0.9963 -0.0440
vn -0.1578 0.9865 -0.0435
vn -0.1129 0.9936 0.0022
vn 0.0430 0.9991 0.0022
vn 0.0287 0.9995 -0.0121
vn -0.0088 0.9979 0.0639
vn 0.0430 0.9970 0.0638
vn -0.1359 0.9840 -0.1151
vn -0.0765 0.9903 -0.1158
vn 0.1433 0.9842 0.1043
vn 0.0099 0.9944 0.1053
vn -0.0320 0.9974 0.0638
vn 0.1073 0.9922 0.0635
vn 0.0165 0.9995 -0.0276
vn -0.0232 0.9994 -0.0276
vn 0.0364 0.9988 0.0320
vn 0.1226 0.9919 0.0317
vn 0.0418 0.9979 -0.0496
vn -0.0254 0.9993 -0.0265
vn 0.1218 0.9852 0.1208
vn 0.0153 0.9924 0.1217
vn 0.0241 0.9912 0.1303
vn 0.0372 0.9908 0.1302
vn -0.0649 0.9975 0.0287
vn 0.0110 0.9995 0.0287
vn 0.1414 0.9771 0.1587
vn 0.1623 0.9740 0.1582
vn -0.0583 0.9963 -0.0627
vn -0.0386 0.9973 -0.0628
vn -0.0713 0.9929 -0.0954
vn -0.0351 0.9948 -0.0956
vn 0.0309 0.9991 -0.0298
vn -0.0595 0.9978 -0.0298
vn -0.0077 0.9997 0.0221
vn -0.1377 0.9902 0.0219
vn -0.1654 0.9862 -0.0065
vn -0.1053 0.9944 -0.0066
vn -0.0616 0.9974 0.0375
vn -0.0033 0.9993 0.0375
vn -0.1288 0.9877 -0.0884
vn -0.1222 0.9886 -0.0885
vn -0.0077 0.9996 0.0265
vn 0.0144 0.9995 0.0265
vn -0.0780 0.9948 -0.0659
vn 0.0418 0.9969 -0.0661
vn 0.0440 0.9970 -0.0639
vn -0.0976 0.9932 -0.0636
vn -0.0243 0.9997 0.0099
vn -0.0529 0.9983 0.0254
vn 0.1366 0.9903 0.0252
vn 0.0264 0.9960 -0.0858
vn 0.0220 0.9961 -0.0858
vn 0.0760 0.9966 -0.0319
vn 0.0044 0.9976 -0.0694
vn 0.1085 0.9917 -0.0690
vn 0.0975 0.9920 -0.0800
vn 0.1028 0.9915 -0.0800
vn 0.0821 0.9915 -0.1008
vn -0.4566 0.8851 -0.0900
vn -0.3097 0.9472 0.0827
vn -0.8988 0.4367 0.0381
vn -0.7565 0.5306 0.3822
vn -0.8273 0.4558 0.3283
vn -0.7910 0.4676 0.3946
vn 0.4578 0.6794 0.5734
vn -0.5625 0.6975 -0.4439
vn 0.8006 0.5056 -0.3217
vn 0.0861 0.4410 -0.8934
vn 0.5172 0.3788 -0.7675
vn 0.1900 0.3288 -0.9251
vn 0.2815 0.3213 -0.9041
vn 0.2401 0.3140 -0.9186
vn 0.2931 0.3093 -0.9047
vn 0.3639 0.3198 -0.8748
vn 0.2587 0.3317 -0.9072
vn 0.4652 0.3622 -0.8078
vn 0.2449 0.3966 -0.8847
vn 0.2966 0.4074 -0.8637
vn 0.0451 0.4262 -0.9035
vn -0.0732 0.3811 -0.9216
vn -0.1415 0.3783 -0.9148
vn -0.1967 0.3515 -0.9153
vn -0.3130 0.3405 -0.8866
vn -0.1201 0.4530 -0.8834
vn -0.2405 0.4430 -0.8637
vn -0.1199 0.5172 -0.8474
vn 0.0230 0.5209 -0.8533
vn -0.1816 0.4204 -0.8890
vn 0.1088 0.4250 -0.8986
vn -0.1883 0.3131 -0.9309
vn -0.2039 0.3121 -0.9279
vn -0.1777 0.3240 -0.9292
vn -0.3321 0.3106 -0.8906
vn -0.2677 0.3502 -0.8976
vn -0.3485 0.3407 -0.8732
vn -0.2701 0.3949 -0.8781
vn -0.2193 0.4001 -0.8898
vn -0.1783 0.4236 -0.8881
vn 0.0583 0.4297 -0.9011
vn -0.1256 0.3581 -0.9252
vn -0.0526 0.3604 -0.9313
vn -0.0063 0.3773 -0.9261
vn -0.2838 0.3618 -0.8880
vn 0.0861 0.5495 -0.8310
vn -0.3633 0.5139 -0.7771
vn 0.4193 0.8646 -0.2770
vn 0.3989 0.8733 -0.2798
vn 0.7545 0.5824 0.3024
vn 0.8505 0.4668 0.2424
vn 0.8457 0.4935 0.2028
vn 0.7867 0.5710 0.2347
vn 0.6908 0.7230 -0.0080
vn 0.2942 0.9557 -0.0106
vn 0.2435 0.9677 -0.0652
vn 0.0187 0.9976 -0.0672
vn -0.0011 0.9962 -0.0869
vn 0.0198 0.9960 -0.0869
vn 0.0693 0.9969 -0.0374
vn -0.0331 0.9987 -0.0375
vn -0.0044 1.0000 -0.0088
vn 0.0287 0.9995 -0.0088
vn -0.0561 0.9976 -0.0397
vn -0.1006 0.9913 -0.0843
vn -0.0022 0.9964 -0.0848
vn -0.0676 0.9865 -0.1493
vn -0.1605 0.9759 -0.1477
vn 0.0539 0.9963 0.0671
vn 0.0363 0.9971 0.0672
vn -0.1774 0.9731 -0.1473
vn -0.1855 0.9716 -0.1470
vn 0.0330 0.9968 0.0727
vn -0.0319 0.9968 0.0727
vn -0.0363 0.9970 0.0683
vn -0.0736 0.9950 0.0681
vn -0.1955 0.9791 -0.0562
vn -0.1127 0.9920 -0.0570
vn 0.0860 0.9862 0.1416
vn 0.0284 0.9894 0.1421
vn -0.1570 0.9866 -0.0436
vn -0.0088 0.9990 -0.0441
vn -0.0538 0.9946 -0.0890
vn -0.1363 0.9867 -0.0883
vn 0.1053 0.9826 0.1531
vn 0.1425 0.9780 0.1523
vn -0.0177 0.9998 -0.0077
vn -0.0320 0.9995 -0.0077
vn -0.0309 0.9995 -0.0066
vn 0.0704 0.9964 0.0473
vn 0.0364 0.9982 0.0474
vn -0.0463 0.9983 -0.0353
vn 0.0419 0.9985 -0.0353
vn 0.0187 0.9981 -0.0584
vn 0.1226 0.9922 -0.0208
vn 0.0384 0.9937 -0.1053
vn 0.0242 0.9941 -0.1053
vn 0.1260 0.9920 -0.0033
vn -0.0650 0.9979 -0.0033
vn 0.0264 0.9958 0.0879
vn 0.1427 0.9859 0.0870
vn -0.0537 0.9925 -0.1095
vn -0.0580 0.9923 -0.1095
vn -0.0645 0.9912 -0.1159
vn -0.0711 0.9907 -0.1159
vn 0.0934 0.9945 0.0483
vn -0.0011 0.9999 0.0165
vn -0.0077 0.9998 0.0165
vn -0.1233 0.9874 -0.0992
vn -0.1646 0.9814 -0.0985
vn 0.0209 0.9959 0.0879
vn -0.0614 0.9942 0.0878
vn -0.2069 0.9765 -0.0603
vn -0.1290 0.9898 -0.0612
vn -0.0254 0.9988 0.0430
vn 0.0253 0.9968 0.0759
vn -0.0780 0.9941 0.0757
vn -0.1550 0.9879 -0.0022
vn 0.0441 0.9990 -0.0022
vn 0.0408 0.9992 -0.0055
vn -0.0011 0.9998 0.0177
vn -0.0529 0.9984 0.0176
vn -0.1117 0.9929 -0.0416
vn 0.0265 0.9988 -0.0419
vn 0.0551 0.9984 -0.0132
vn 0.0760 0.9970 -0.0132
vn -0.0143 0.9946 -0.1032
vn 0.0044 0.9947 -0.1032
vn 0.0462 0.9970 -0.0616
vn 0.0977 0.9933 -0.0614
vn 0.2143 0.9750 0.0581
vn -0.0593 0.9948 -0.0823
vn -0.3098 0.9475 -0.0784
vn -0.0162 0.9750 0.2216
vn -0.8118 0.5694 0.1294
vn -0.3571 0.6321 0.6877
vn -0.7531 0.4452 0.4844
vn -0.2647 0.4094 0.8731
vn -0.3239 0.4016 0.8566
vn -0.2551 0.3881 0.8856
vn 0.0782 0.4001 0.9131
vn -0.2305 0.5082 0.8299
vn 0.2889 0.4999 0.8165
vn -0.1844 0.7621 0.6206
vn 0.5100 0.6670 0.5431
vn -0.3289 0.9006 -0.2842
vn 0.7354 0.6463 -0.2040
vn 0.0461 0.5879 -0.8076
vn 0.6030 0.4695 -0.6450
vn 0.2036 0.4109 -0.8887
vn 0.2922 0.4014 -0.8681
vn 0.2458 0.3918 -0.8866
vn -0.0774 0.4030 -0.9119
vn 0.1841 0.4980 -0.8474
vn -0.2727 0.4875 -0.8295
vn 0.5227 0.7728 -0.3599
vn -0.2337 0.8814 -0.4104
vn 0.5055 0.7903 0.3462
vn -0.2076 0.8960 0.3925
vn 0.0550 0.8033 0.5930
vn -0.3283 0.7600 0.5610
vn -0.3679 0.7655 0.5279
vn -0.4437 0.7378 0.5088
vn -0.7186 0.6776 0.1563
vn -0.4713 0.8594 0.1982
vn -0.5815 0.8120 0.0511
vn -0.6066 0.7935 0.0499
vn -0.3239 0.8623 0.3892
vn -0.5291 0.7734 0.3491
vn 0.1858 0.5522 0.8128
vn -0.2302 0.5469 0.8050
vn 0.1565 0.3956 0.9050
vn -0.1392 0.3967 0.9073
vn 0.0215 0.3472 0.9375
vn -0.0058 0.3473 0.9377
vn 0.0325 0.3347 0.9418
vn 0.0524 0.3344 0.9410
vn -0.0074 0.3547 0.9350
vn 0.1695 0.3495 0.9215
vn 0.0913 0.3845 0.9186
vn 0.4474 0.3453 0.8250
vn 0.2901 0.4877 0.8234
vn 0.6578 0.3839 0.6480
vn 0.4897 0.7336 0.4711
vn 0.6266 0.6557 0.4211
vn 0.3192 0.9474 0.0230
vn 0.2439 0.9695 0.0235
vn 0.1726 0.9837 -0.0510
vn -0.0011 0.9987 -0.0518
vn 0.0650 0.9978 0.0143
vn 0.0693 0.9975 0.0143
vn 0.0759 0.9969 0.0209
vn -0.0044 0.9998 0.0210
vn -0.1485 0.9812 -0.1234
vn -0.0022 0.9922 -0.1248
vn 0.1053 0.9943 -0.0176
vn -0.1010 0.9947 -0.0176
vn -0.0945 0.9955 -0.0110
vn -0.0683 0.9976 -0.0110
vn -0.0519 0.9986 0.0055
vn 0.0540 0.9985 0.0055
vn -0.0646 0.9915 -0.1127
vn -0.1782 0.9777 -0.1111
vn -0.0419 0.9988 0.0264
vn 0.0331 0.9991 0.0265
vn -0.0363 0.9971 -0.0671
vn 0.0177 0.9998 -0.0132
vn -0.1958 0.9806 -0.0130
vn -0.1094 0.9911 0.0755
vn 0.0866 0.9934 0.0756
vn -0.1163 0.9850 -0.1272
vn -0.1558 0.9797 -0.1265
vn 0.0407 0.9967 0.0704
vn -0.0539 0.9961 0.0703
vn -0.1053 0.9943 0.0187
vn 0.1065 0.9941 0.0186
vn 0.0132 0.9971 -0.0748
vn -0.0176 0.9970 -0.0748
vn 0.0011 0.9984 -0.0562
vn -0.0309 0.9979 -0.0562
vn -0.0022 0.9996 -0.0276
vn 0.0704 0.9971 -0.0275
vn 0.0231 0.9969 -0.0748
vn -0.0462 0.9961 -0.0747
vn 0.0759 0.9960 0.0473
vn 0.0187 0.9987 0.0474
vn 0.1379 0.9764 0.1659
vn 0.0385 0.9975 0.0584
vn -0.0143 0.9999 0.0055
vn 0.1260 0.9920 0.0055
vn 0.0956 0.9951 -0.0253
vn 0.0265 0.9993 -0.0254
vn -0.0892 0.9860 -0.1405
vn -0.0535 0.9886 -0.1409
vn 0.0749 0.9971 -0.0132
vn -0.0650 0.9978 -0.0132
vn 0.0935 0.9956 -0.0022
vn 0.0011 0.9955 -0.0946
vn -0.0011 0.9955 -0.0946
vn -0.0513 0.9882 -0.1441
vn -0.1226 0.9821 -0.1432
vn -0.0144 0.9993 -0.0353
vn 0.0209 0.9992 -0.0353
vn -0.0688 0.9898 -0.1247
vn -0.2057 0.9709 -0.1223
vn -0.0397 0.9981 0.0463
vn -0.0254 0.9986 0.0463
vn -0.0132 0.9982 0.0584
vn 0.0253 0.9980 0.0584
vn -0.1546 0.9854 -0.0718
vn -0.0154 0.9975 0.0683
vn 0.0407 0.9968 0.0683
vn -0.0265 0.9996 0.0011
vn -0.0011 1.0000 0.0011
vn 0.0033 1.0000 0.0055
vn -0.1118 0.9937 0.0055
vn -0.1086 0.9940 0.0088
vn 0.0551 0.9984 0.0088
vn 0.1052 0.9927 0.0592
vn -0.0143 0.9981 0.0595
vn -0.0793 0.9968 -0.0055
vn 0.0463 0.9989 -0.0055
vn 0.1787 0.9755 0.1282
vn 0.2130 0.9687 0.1273
vn 0.0826 0.9966 -0.0055
vn 0.0011 0.9985 0.0552
vn -0.0165 0.9983 0.0551
vn 0.0569 0.9901 0.1280
vn -0.4888 0.8652 0.1118
vn -0.0743 0.8523 0.5178
vn -0.4837 0.7480 0.4545
vn -0.0411 0.6425 0.7652
vn -0.3893 0.5923 0.7054
vn -0.0176 0.4832 0.8754
vn -0.2141 0.4720 0.8552
vn -0.0780 0.4312 0.8989
vn -0.1041 0.4302 0.8967
vn -0.1239 0.4363 0.8912
vn -0.1586 0.4341 0.8868
vn -0.2826 0.4657 0.8386
vn 0.0381 0.4851 0.8736
vn -0.3294 0.6098 0.7208
vn 0.3048 0.6151 0.7271
vn -0.0362 0.8406 0.5405
vn 0.4668 0.7439 0.4783
vn 0.3101 0.8938 0.3239
vn 0.3283 0.8881 0.3218
vn 0.5669 0.6015 0.5629
vn 0.4428 0.6547 0.6126
vn 0.3987 0.7085 0.5823
vn 0.4430 0.6926 0.5693
vn 0.2191 0.8975 0.3827
vn 0.0628 0.9180 0.3915
vn 0.0010 0.9412 0.3379
vn -0.4121 0.8575 0.3079
vn -0.0751 0.7994 0.5961
vn -0.6477 0.6108 0.4555
vn -0.1584 0.5438 0.8242
vn -0.3669 0.5123 0.7765
vn -0.2086 0.4762 0.8543
vn -0.1799 0.4789 0.8592
vn -0.0558 0.4390 0.8967
vn 0.1464 0.4350 0.8885
vn 0.0811 0.4682 0.8799
vn 0.1827 0.4619 0.8679
vn 0.0819 0.5185 0.8512
vn 0.0321 0.5200 0.8536
vn 0.0029 0.5335 0.8458
vn 0.0518 0.5328 0.8446
vn 0.0891 0.5136 0.8534
vn -0.0108 0.5156 0.8567
vn -0.0384 0.5273 0.8488
vn 0.1244 0.5236 0.8428
vn 0.0657 0.5560 0.8286
vn 0.3146 0.5289 0.7882
vn 0.0106 0.7399 0.6727
vn 0.4429 0.6634 0.6031
vn 0.0652 0.9533 0.2949
vn 0.3064 0.9094 0.2813
vn 0.0331 0.9994 0.0055
vn 0.1728 0.9849 0.0054
vn 0.1312 0.9907 -0.0372
vn 0.0650 0.9972 -0.0375
vn -0.0022 0.9945 -0.1044
vn 0.0755 0.9917 -0.1041
vn 0.1235 0.9908 -0.0558
vn -0.1494 0.9872 -0.0556
vn -0.0529 0.9977 0.0419
vn 0.1052 0.9936 0.0417
vn -0.0187 0.9964 -0.0826
vn -0.0942 0.9922 -0.0822
vn -0.0790 0.9946 -0.0670
vn -0.0517 0.9964 -0.0671
vn -0.0419 0.9975 -0.0573
vn -0.0649 0.9963 -0.0572
vn -0.0419 0.9991 -0.0011
vn -0.0320 0.9994 0.0088
vn -0.0606 0.9981 0.0088
vn -0.1150 0.9923 -0.0460
vn 0.0177 0.9988 -0.0463
vn -0.0110 0.9971 -0.0749
vn -0.1094 0.9912 -0.0745
vn -0.0154 0.9997 0.0199
vn -0.1172 0.9929 0.0197
vn -0.1291 0.9916 0.0077
vn 0.0408 0.9991 0.0077
vn -0.1053 0.9944 -0.0044
vn -0.0594 0.9974 0.0419
vn 0.0132 0.9990 0.0419
vn 0.0928 0.9883 0.1212
vn 0.0011 0.9926 0.1217
vn -0.1194 0.9928 0.0011
vn -0.0022 1.0000 0.0011
vn 0.0232 0.9994 0.0265
vn 0.0088 0.9999 0.0122
vn 0.0760 0.9970 0.0121
vn 0.0265 0.9989 -0.0375
vn 0.1398 0.9895 -0.0372
vn 0.1558 0.9876 -0.0207
vn -0.0143 0.9995 -0.0276
vn -0.0254 0.9989 -0.0386
vn 0.0956 0.9947 -0.0384
vn 0.0748 0.9954 -0.0593
vn -0.0900 0.9942 -0.0592
vn -0.0077 0.9997 0.0232
vn 0.0749 0.9969 0.0231
vn -0.0385 0.9952 -0.0900
vn -0.0538 0.9945 -0.0900
vn 0.0867 0.9950 0.0505
vn 0.0011 0.9987 0.0507
vn -0.0066 0.9991 0.0430
vn -0.0517 0.9977 0.0429
vn -0.1097 0.9938 -0.0154
vn -0.0144 0.9998 -0.0154
vn 0.0353 0.9988 0.0342
vn -0.0693 0.9970 0.0341
vn -0.0814 0.9964 0.0220
vn -0.0397 0.9990 0.0220
vn -0.0923 0.9953 -0.0308
vn -0.0132 0.9994 -0.0309
vn 0.0791 0.9950 0.0615
vn -0.1051 0.9926 0.0613
vn -0.1473 0.9889 0.0185
vn -0.0155 0.9997 0.0188
vn 0.0528 0.9948 0.0867
vn -0.0264 0.9959 0.0868
vn -0.1345 0.9907 -0.0219
vn 0.0033 0.9998 -0.0221
vn 0.0254 0.9997 -0.0000
vn -0.1086 0.9941 -0.0000
vn -0.0044 0.9945 0.1043
vn 0.1048 0.9891 0.1037
vn 0.0132 0.9998 0.0121
vn -0.0793 0.9968 0.0121
vn -0.0408 0.9979 0.0507
vn 0.1800 0.9824 0.0499
vn 0.0593 0.9956 -0.0725
vn 0.0824 0.9940 -0.0724
vn 0.1119 0.9928 -0.0427
vn 0.0011 0.9991 -0.0430
vn -0.0396 0.9957 -0.0835
vn 0.0572 0.9949 -0.0834
vn 0.0406 0.9942 -0.0998
vn -0.0864 0.9913 -0.0995
vn 0.0909 0.9928 0.0778
vn -0.0637 0.9949 0.0779
vn 0.0185 0.9871 0.1590
vn -0.0360 0.9866 0.1589
vn 0.1210 0.9439 0.3073
vn -0.1696 0.9371 0.3050
vn 0.0462 0.8718 0.4877
vn -0.2405 0.8471 0.4739
vn -0.0990 0.8073 0.5817
vn -0.4417 0.7279 0.5245
vn -0.0944 0.6434 0.7597
vn -0.3296 0.6102 0.7204
vn -0.1464 0.5593 0.8159
vn -0.0243 0.5652 0.8246
vn -0.0124 0.5599 0.8285
vn 0.1907 0.5497 0.8133
vn 0.1174 0.5969 0.7937
vn 0.4928 0.5230 0.6954
vn 0.2928 0.7559 0.5856
vn 0.4065 0.7223 0.5595
vn -0.0511 0.9861 0.1578
vn 0.2344 0.9599 0.1536
vn 0.0771 0.9970 -0.0066
vn 0.0011 1.0000 -0.0066
vn 0.0188 0.9998 0.0110
vn -0.0935 0.9956 0.0110
vn -0.1076 0.9942 -0.0033
vn -0.2797 0.9601 -0.0032
vn 0.0032 0.9601 0.2797
vn -0.3877 0.8850 0.2578
vn -0.2072 0.8774 0.4328
vn -0.1132 0.8911 0.4395
vn -0.0589 0.8737 0.4830
vn 0.1499 0.8653 0.4784
vn 0.1033 0.8913 0.4416
vn 0.1402 0.8872 0.4396
vn -0.0779 0.9656 0.2482
vn 0.0053 0.9685 0.2490
vn 0.0064 0.9682 0.2500
vn 0.1656 0.9549 0.2466
vn -0.0143 0.9974 0.0704
vn -0.0725 0.9949 0.0703
vn 0.0562 0.9789 0.1966
vn 0.1151 0.9739 0.1956
vn -0.0826 0.9966 -0.0000
vn 0.0143 0.9999 -0.0000
vn 0.0682 0.9973 0.0286
vn 0.1486 0.9828 0.1095
vn 0.0329 0.9933 0.1107
vn -0.0463 0.9984 0.0320
vn 0.1312 0.9908 0.0317
vn 0.0495 0.9975 -0.0506
vn -0.0022 0.9987 -0.0507
vn 0.1237 0.9923 -0.0011
vn -0.0776 0.9766 -0.2004
vn -0.0519 0.9783 -0.2008
vn 0.0692 0.9942 -0.0823
vn -0.0187 0.9964 -0.0825
vn -0.0791 0.9956 -0.0505
vn -0.0055 0.9997 0.0232
vn -0.0419 0.9989 0.0231
vn -0.0265 0.9989 0.0386
vn -0.0088 0.9992 0.0386
vn 0.0011 0.9988 0.0485
vn -0.0320 0.9983 0.0485
vn -0.1151 0.9933 0.0055
vn -0.1366 0.9905 -0.0164
vn -0.0110 0.9998 -0.0165
vn 0.0199 0.9997 0.0143
vn -0.0154 0.9998 0.0143
vn 0.0560 0.9948 0.0856
vn -0.1286 0.9880 0.0850
vn -0.1036 0.9885 0.1102
vn 0.0285 0.9934 0.1107
vn -0.1011 0.9947 -0.0187
vn -0.0595 0.9981 -0.0187
vn 0.1021 0.9845 0.1423
vn 0.0925 0.9855 0.1425
vn -0.1342 0.9874 -0.0839
vn -0.1190 0.9893 -0.0841
vn 0.1191 0.9809 0.1537
vn 0.0229 0.9877 0.1548
vn -0.0858 0.9952 0.0472
vn 0.0088 0.9988 0.0474
vn 0.1169 0.9810 0.1548
vn 0.0262 0.9874 0.1558
vn -0.1065 0.9940 0.0241
vn 0.1558 0.9875 0.0240
vn 0.1097 0.9937 -0.0230
vn -0.0251 0.9878 -0.1537
vn 0.0900 0.9952 -0.0395
vn 0.0749 0.9964 -0.0396
vn -0.0544 0.9844 -0.1673
vn -0.0076 0.9858 -0.1675
vn 0.0065 0.9881 -0.1537
vn -0.0382 0.9874 -0.1536
vn 0.0865 0.9922 -0.0898
vn -0.0162 0.9815 -0.1906
vn -0.0065 0.9816 -0.1906
vn 0.0569 0.9900 -0.1289
vn -0.1088 0.9857 -0.1284
vn -0.0702 0.9935 -0.0899
vn 0.0352 0.9953 -0.0901
vn 0.0011 0.9923 -0.1237
vn -0.0808 0.9891 -0.1233
vn 0.0375 0.9993 -0.0055
vn -0.0923 0.9957 -0.0055
vn 0.0792 0.9962 0.0374
vn -0.1473 0.9890 0.0153
vn -0.1117 0.9924 0.0515
vn 0.0529 0.9973 0.0517
vn -0.0055 1.0000 -0.0066
vn -0.1345 0.9909 -0.0066
vn -0.0450 0.9955 0.0835
vn 0.0253 0.9962 0.0835
vn -0.0847 0.9961 -0.0264
vn -0.0044 0.9996 -0.0265
vn 0.0985 0.9922 0.0766
vn 0.0132 0.9969 0.0770
vn -0.0562 0.9984 0.0077
vn 0.0603 0.9923 0.1084
vn 0.0591 0.9923 0.1084
vn -0.0463 0.9989 0.0033
vn 0.1120 0.9937 0.0033
vn 0.0187 0.9958 -0.0901
vn -0.0395 0.9952 -0.0900
vn 0.1266 0.9890 0.0764
vn 0.0407 0.9962 0.0769
vn -0.0452 0.9989 -0.0088
vn 0.0912 0.9958 -0.0088
vn 0.0033 0.9953 -0.0966
vn 0.0187 0.9951 -0.0966
vn 0.1270 0.9910 -0.0426
vn 0.1074 0.9923 -0.0624
vn 0.0528 0.9966 -0.0627
vn -0.0011 0.9932 -0.1162
vn -0.1209 0.9859 -0.1153
vn 0.0155 0.9997 0.0210
vn -0.1452 0.9892 0.0207
vn 0.0811 0.9666 0.2432
vn -0.2461 0.9400 0.2365
vn -0.0884 0.9193 0.3835
vn -0.0204 0.9227 0.3849
vn 0.0484 0.8958 0.4418
vn 0.1737 0.8832 0.4356
vn -0.0138 0.9622 0.2718
vn 0.3493 0.9017 0.2547
vn -0.0518 0.9985 -0.0154
vn 0.0769 0.9946 -0.0691
vn -0.0961 0.9665 -0.2378
vn 0.0182 0.9709 -0.2389
vn -0.0202 0.9613 -0.2747
vn -0.1035 0.9563 -0.2733
vn 0.0954 0.9921 -0.0810
vn 0.0033 0.9967 -0.0814
vn -0.1516 0.9605 -0.2332
vn -0.2237 0.9472 -0.2299
vn 0.1229 0.9856 0.1164
vn -0.0668 0.9909 0.1170
vn -0.0953 0.9915 0.0886
vn 0.1146 0.9895 0.0884
vn -0.0949 0.9881 -0.1210
vn -0.0798 0.9894 -0.1212
vn 0.0999 0.9933 0.0581
vn 0.0066 0.9983 0.0584
vn -0.1309 0.9882 -0.0796
vn -0.0143 0.9967 -0.0803
vn 0.0320 0.9989 -0.0342
vn 0.0573 0.9978 -0.0341
vn 0.0759 0.9970 -0.0154
vn -0.0826 0.9965 -0.0154
vn 0.0319 0.9946 0.0988
vn 0.0428 0.9942 0.0987
vn 0.0613 0.9912 0.1170
vn 0.1485 0.9821 0.1160
vn -0.1170 0.9818 -0.1495
vn -0.0458 0.9876 -0.1504
vn 0.1044 0.9945 -0.0011
vn 0.0496 0.9988 -0.0011
vn 0.0364 0.9992 -0.0143
vn 0.0331 0.9990 -0.0287
vn -0.0792 0.9965 -0.0286
vn 0.0198 0.9973 0.0704
vn 0.0693 0.9951 0.0703
vn -0.0736 0.9947 -0.0724
vn 0.0132 0.9973 -0.0726
vn -0.0033 0.9960 -0.0890
vn -0.0055 0.9960 -0.0890
vn 0.0121 0.9974 -0.0715
vn -0.0264 0.9971 -0.0715
vn 0.0011 0.9990 -0.0441
vn -0.0077 0.9986 -0.0529
vn -0.0748 0.9958 -0.0527
vn 0.0232 0.9987 0.0452
vn -0.1365 0.9896 0.0448
vn -0.1127 0.9912 0.0689
vn 0.0198 0.9974 0.0693
vn 0.0055 0.9985 0.0551
vn 0.0561 0.9969 0.0550
vn -0.0550 0.9969 -0.0561
vn -0.1041 0.9930 -0.0559
vn -0.0055 0.9991 0.0430
vn -0.1010 0.9940 0.0428
vn 0.0305 0.9845 0.1727
vn 0.1016 0.9799 0.1719
vn -0.0628 0.9980 0.0088
vn -0.1346 0.9909 0.0087
vn -0.0681 0.9948 0.0757
vn 0.1202 0.9899 0.0754
vn 0.0430 0.9991 -0.0022
vn -0.0859 0.9963 -0.0022
vn -0.0967 0.9952 -0.0132
vn 0.1183 0.9929 -0.0131
vn 0.0878 0.9952 -0.0439
vn -0.1064 0.9934 -0.0438
vn 0.0591 0.9908 0.1214
vn 0.1089 0.9867 0.1209
vn -0.0265 0.9995 -0.0143
vn 0.0901 0.9959 -0.0110
vn 0.0231 0.9967 -0.0782
vn -0.0550 0.9954 -0.0781
vn 0.1338 0.9848 0.1110
vn 0.0066 0.9937 0.1120
vn -0.0792 0.9965 0.0264
vn 0.0265 0.9993 0.0265
vn -0.0736 0.9946 -0.0736
vn -0.0165 0.9971 -0.0738
vn 0.0243 0.9992 -0.0331
vn 0.0573 0.9978 -0.0331
vn 0.0869 0.9962 -0.0033
vn -0.0704 0.9975 -0.0033
vn -0.0397 0.9988 0.0276
vn 0.0011 0.9996 0.0276
vn -0.0166 0.9998 0.0099
vn 0.0375 0.9992 0.0099
vn -0.0527 0.9954 -0.0803
vn -0.0494 0.9955 -0.0803
vn -0.0055 0.9993 -0.0364
vn 0.0573 0.9977 -0.0364
vn 0.0055 0.9961 -0.0880
vn -0.1114 0.9899 -0.0875
vn -0.0834 0.9947 -0.0593
vn -0.0055 0.9982 -0.0595
vn 0.0287 0.9993 -0.0254
vn -0.0452 0.9987 -0.0254
vn -0.0847 0.9961 -0.0253
vn 0.1546 0.9649 0.2121
vn 0.0965 0.9721 0.2137
vn -0.0616 0.9964 0.0583
vn -0.0561 0.9967 0.0584
vn 0.0629 0.9824 0.1758
vn 0.0597 0.9826 0.1759
vn -0.1538 0.9874 -0.0371
vn 0.0832 0.9923 0.0921
vn 0.0954 0.9812 0.1680
vn 0.1252 0.9779 0.1674
vn -0.0518 0.9986 -0.0088
vn 0.0560 0.9942 0.0923
vn 0.0033 0.9957 0.0924
vn -0.0033 0.9963 0.0858
vn 0.0724 0.9937 0.0856
vn 0.0451 0.9973 0.0584
vn 0.1075 0.9925 0.0581
vn -0.1074 0.9819 -0.1562
vn -0.0011 0.9876 -0.1571
vn -0.0065 0.9867 -0.1624
vn 0.0153 0.9866 -0.1624
vn 0.1835 0.9830 0.0065
vn 0.0836 0.9965 0.0066
vn -0.0952 0.9906 -0.0985
vn -0.0177 0.9996 -0.0210
vn 0.0540 0.9983 -0.0210
vn -0.0579 0.9895 -0.1323
vn -0.0142 0.9911 -0.1325
vn -0.0295 0.9886 -0.1474
vn 0.0881 0.9852 -0.1469
vn 0.0651 0.9834 -0.1695
vn -0.1038 0.9801 -0.1689
vn -0.0493 0.9921 -0.1151
vn -0.0983 0.9885 -0.1147
vn -0.0077 0.9997 -0.0243
vn 0.0055 1.0000 0.0022
vn 0.0957 0.9954 0.0022
vn -0.0416 0.9900 -0.1345
vn -0.1545 0.9790 -0.1330
vn -0.0736 0.9959 -0.0517
vn 0.1236 0.9910 -0.0515
vn 0.1451 0.9890 -0.0295
vn -0.0956 0.9950 -0.0297
vn -0.0956 0.9954 0.0110
vn 0.0306 0.9901 0.1367
vn 0.0991 0.9857 0.1361
vn -0.1308 0.9880 -0.0819
vn -0.0044 0.9990 0.0452
vn 0.0320 0.9985 0.0452
vn 0.0768 0.9930 0.0900
vn 0.0756 0.9931 0.0900
vn 0.0187 0.9993 0.0331
vn 0.0320 0.9989 0.0331
vn -0.0952 0.9910 -0.0941
vn 0.0614 0.9936 -0.0944
vn 0.0713 0.9939 -0.0845
vn -0.1179 0.9895 -0.0842
vn -0.0342 0.9994 -0.0000
vn 0.1044 0.9945 -0.0000
vn 0.1131 0.9936 0.0088
vn 0.0364 0.9993 0.0088
vn -0.1359 0.9772 -0.1630
vn 0.0327 0.9858 -0.1645
vn 0.0403 0.9868 -0.1570
vn 0.0196 0.9874 -0.1571
vn 0.0788 0.9920 -0.0986
vn -0.0735 0.9924 -0.0987
vn -0.0821 0.9908 -0.1073
vn -0.0033 0.9942 -0.1076
vn 0.1323 0.9908 0.0285
vn 0.0121 0.9995 0.0287
vn -0.0099 0.9999 0.0066
vn 0.0011 1.0000 0.0066
vn -0.1039 0.9897 -0.0984
vn -0.0077 0.9951 -0.0989
vn -0.0361 0.9912 -0.1270
vn 0.0230 0.9916 -0.1271
vn 0.0769 0.9943 -0.0736
vn -0.1126 0.9909 -0.0733
vn 0.0253 0.9976 0.0650
vn 0.0055 0.9979 0.0650
vn -0.0331 0.9991 0.0265
vn -0.0551 0.9981 0.0265
vn 0.0165 0.9951 0.0978
vn -0.1472 0.9881 -0.0448
vn 0.0309 0.9985 -0.0452
vn -0.0626 0.9961 -0.0627
vn 0.0735 0.9946 0.0736
vn -0.0681 0.9950 0.0736
vn -0.0999 0.9941 0.0417
vn 0.0430 0.9982 0.0419
vn -0.0210 0.9995 -0.0221
vn -0.0967 0.9951 -0.0220
vn 0.0794 0.9850 0.1534
vn 0.0869 0.9843 0.1533
vn 0.0022 0.9976 0.0694
vn 0.0594 0.9958 0.0693
vn 0.0801 0.9927 0.0899
vn -0.0264 0.9956 0.0902
vn -0.1419 0.9895 -0.0262
vn 0.0230 0.9938 0.1086
vn -0.1053 0.9942 -0.0197
vn 0.1346 0.9907 -0.0197
vn -0.0508 0.9779 -0.2029
vn -0.0776 0.9762 -0.2025
vn 0.1398 0.9901 0.0131
vn -0.0738 0.9972 0.0132
vn -0.1366 0.9893 -0.0502
vn 0.1139 0.9927 0.0394
vn 0.0869 0.9954 0.0395
vn -0.1053 0.9828 -0.1518
vn -0.0392 0.9875 -0.1526
vn 0.0198 0.9953 -0.0945
vn -0.0165 0.9954 -0.0945
vn 0.0044 0.9973 -0.0737
vn -0.0527 0.9959 -0.0736
vn -0.0077 0.9996 -0.0287
vn 0.0540 0.9981 0.0308
vn 0.0055 0.9995 0.0309
vn -0.0726 0.9962 -0.0473
vn -0.0835 0.9954 -0.0472
vn -0.0077 0.9996 0.0287
vn 0.0287 0.9992 0.0287
vn 0.0573 0.9967 0.0572
vn -0.0451 0.9973 0.0572
vn 0.1570 0.9801 0.1211
vn 0.0243 0.9996 -0.0121
vn -0.0617 0.9980 -0.0121
vn -0.0441 0.9990 0.0055
vn 0.0639 0.9979 0.0055
vn -0.0121 0.9974 -0.0704
vn -0.1535 0.9857 -0.0696
vn 0.1109 0.9748 0.1936
vn 0.0820 0.9775 0.1942
vn -0.0198 0.9953 0.0945
vn 0.0963 0.9909 0.0940
vn -0.0375 0.9985 -0.0397
vn -0.0518 0.9979 -0.0396
vn -0.0834 0.9940 -0.0713
vn 0.0561 0.9959 -0.0714
vn 0.0671 0.9959 -0.0604
vn -0.0033 0.9982 -0.0606
vn 0.0364 0.9991 -0.0209
vn 0.0452 0.9988 -0.0209
vn -0.0055 0.9974 -0.0715
vn -0.1084 0.9916 -0.0711
vn 0.0549 0.9942 0.0922
vn -0.0066 0.9957 0.0923
vn -0.0770 0.9968 0.0220
vn 0.1835 0.9828 0.0217
vn -0.0486 0.9767 -0.2091
vn -0.0216 0.9776 -0.2093
vn -0.0312 0.9753 -0.2185
vn -0.0172 0.9757 -0.2186
vn 0.0217 0.9832 -0.1812
vn -0.0574 0.9818 -0.1809
vn 0.0110 0.9934 -0.1140
vn -0.0296 0.9930 -0.1140
vn 0.0660 0.9966 0.0484
vn -0.0451 0.9970 -0.0627
vn -0.0495 0.9968 -0.0627
vn -0.0077 1.0000 -0.0033
vn -0.0704 0.9953 -0.0659
vn 0.0055 0.9978 -0.0661
vn -0.0384 0.9932 -0.1096
vn -0.0417 0.9931 -0.1096
vn 0.0804 0.9967 0.0121
vn -0.0737 0.9972 0.0121
vn 0.1450 0.9879 0.0545
vn -0.0394 0.9907 -0.1301
vn -0.0547 0.9900 -0.1300
vn 0.0606 0.9980 -0.0154
vn 0.0309 0.9994 -0.0154
vn -0.0077 0.9985 -0.0540
vn -0.1194 0.9914 -0.0536
vn -0.0044 0.9977 0.0672
vn 0.0762 0.9862 0.1469
vn 0.0763 0.9862 0.1469
vn -0.0639 0.9979 0.0077
vn 0.0188 0.9998 0.0077
vn 0.0550 0.9975 0.0440
vn -0.0956 0.9945 0.0439
vn 0.0044 0.9897 0.1431
vn 0.0708 0.9872 0.1427
vn -0.1139 0.9926 -0.0416
vn -0.0342 0.9985 -0.0419
vn -0.0033 0.9999 -0.0110
vn 0.1130 0.9935 -0.0110
vn -0.0425 0.9853 -0.1653
vn -0.1358 0.9771 -0.1639
vn 0.0408 0.9989 0.0209
vn 0.0232 0.9997 0.0033
vn 0.0792 0.9969 0.0033
vn 0.0639 0.9979 -0.0121
vn -0.0826 0.9965 -0.0121
vn -0.0880 0.9960 -0.0176
vn 0.1323 0.9911 -0.0175
vn -0.0508 0.9787 -0.1987
vn -0.0097 0.9800 -0.1990
vn 0.0568 0.9893 -0.1343
vn -0.1034 0.9856 -0.1338
vn -0.0374 0.9970 -0.0682
vn -0.0363 0.9970 -0.0682
vn 0.0077 0.9997 -0.0243
vn 0.0771 0.9967 -0.0242
vn 0.0319 0.9971 -0.0693
vn 0.0253 0.9973 -0.0693
vn 0.0154 0.9967 -0.0792
vn -0.0330 0.9963 -0.0792
vn 0.0474 0.9989 0.0011
vn 0.0165 0.9999 0.0011
vn -0.0374 0.9979 -0.0529
vn -0.1471 0.9877 -0.0523
vn -0.0132 0.9965 0.0825
vn -0.0683 0.9977 0.0011
vn 0.0737 0.9973 0.0011
vn 0.1321 0.9894 0.0600
vn -0.0998 0.9932 0.0603
vn -0.1400 0.9900 0.0197
vn -0.0210 0.9996 0.0199
vn 0.0803 0.9957 0.0472
vn 0.1329 0.9861 0.1001
vn 0.0022 0.9949 0.1010
vn 0.0143 0.9935 0.1129
vn 0.0799 0.9904 0.1126
vn -0.1419 0.9890 0.0426
vn -0.1494 0.9882 0.0349
vn -0.1051 0.9924 -0.0647
vn -0.1073 0.9920 -0.0668
vn 0.0254 0.9996 0.0099
vn 0.1398 0.9901 0.0098
vn 0.0066 0.9923 -0.1239
vn -0.1358 0.9831 -0.1227
vn -0.0309 0.9994 -0.0177
vn 0.1140 0.9933 -0.0176
vn 0.0307 0.9944 -0.1011
vn -0.1060 0.9893 -0.1005
vn 0.0823 0.9927 0.0877
vn 0.0198 0.9959 0.0880
vn -0.0276 0.9988 0.0408
vn 0.0044 0.9992 0.0408
vn -0.0177 0.9997 0.0188
vn -0.0077 0.9998 0.0188
vn 0.0308 0.9979 0.0573
vn 0.0539 0.9969 0.0573
vn -0.0011 1.0000 0.0022
vn -0.0727 0.9974 0.0022
vn 0.0187 0.9954 0.0935
vn -0.0077 0.9956 0.0935
vn 0.0822 0.9799 0.1819
vn 0.0564 0.9816 0.1822
vn -0.0989 0.9947 0.0286
vn 0.0210 0.9994 0.0287
vn 0.1100 0.9869 0.1178
vn 0.0241 0.9927 0.1184
vn -0.0496 0.9977 0.0452
vn -0.0440 0.9980 0.0452
vn -0.0803 0.9967 0.0088
vn -0.0121 0.9999 0.0088
vn 0.0022 0.9997 0.0232
vn 0.1130 0.9933 0.0230
vn 0.1238 0.9917 0.0340
vn -0.0198 0.9992 0.0342
vn -0.1477 0.9845 -0.0946
vn -0.0374 0.9947 -0.0956
vn 0.0727 0.9973 0.0143
vn -0.0836 0.9964 0.0143
vn 0.0447 0.9889 0.1420
vn 0.0666 0.9876 0.1418
vn 0.0364 0.9991 -0.0232
vn 0.0726 0.9973 0.0132
vn -0.0055 0.9999 0.0133
vn -0.0265 0.9996 -0.0077
vn 0.0552 0.9984 -0.0077
vn -0.0987 0.9821 -0.1606
vn -0.0760 0.9840 -0.1609
vn -0.0470 0.9901 -0.1323
vn -0.0492 0.9900 -0.1323
vn 0.0540 0.9981 -0.0298
vn -0.0320 0.9990 -0.0298
vn 0.0220 0.9970 0.0738
vn -0.0397 0.9991 0.0121
vn 0.0110 0.9999 0.0122
vn -0.0077 0.9999 -0.0066
vn 0.1325 0.9912 -0.0066
vn -0.0732 0.9749 -0.2100
vn -0.0442 0.9766 -0.2104
vn 0.0822 0.9928 -0.0866
vn 0.0099 0.9962 -0.0869
vn 0.0286 0.9973 -0.0683
vn -0.0704 0.9952 -0.0682
vn -0.0747 0.9946 -0.0725
vn -0.0385 0.9966 -0.0727
vn 0.0496 0.9987 0.0154
vn 0.0804 0.9966 0.0154
vn 0.0836 0.9963 0.0187
vn -0.0309 0.9993 0.0188
vn -0.0595 0.9982 -0.0099
vn -0.0397 0.9992 -0.0099
vn 0.0948 0.9877 0.1244
vn 0.0602 0.9904 0.1247
vn -0.0727 0.9973 -0.0077
vn -0.0077 0.9999 -0.0077
vn 0.1207 0.9853 0.1208
vn -0.0495 0.9962 0.0715
vn 0.0768 0.9945 0.0714
vn -0.1100 0.9872 -0.1156
vn -0.0635 0.9912 -0.1161
vn 0.0287 0.9993 -0.0243
vn 0.0551 0.9982 -0.0243
vn 0.0275 0.9983 -0.0518
vn 0.0044 0.9986 -0.0519
vn -0.0775 0.9881 -0.1332
vn -0.1130 0.9847 -0.1327
vn 0.0165 0.9999 -0.0033
vn -0.0033 1.0000 -0.0033
vn 0.0594 0.9965 0.0594
vn -0.0430 0.9973 0.0595
vn -0.0088 0.9956 0.0935
vn 0.0494 0.9944 0.0934
vn -0.1297 0.9878 -0.0862
vn 0.0231 0.9959 -0.0869
vn 0.0782 0.9964 -0.0319
vn 0.0638 0.9974 -0.0320
vn -0.0928 0.9780 -0.1869
vn -0.0865 0.9785 -0.1870
vn 0.0661 0.9972 -0.0364
vn -0.0518 0.9980 -0.0364
vn 0.0418 0.9975 0.0573
vn 0.0572 0.9967 0.0573
vn -0.0375 0.9993 -0.0033
vn 0.0506 0.9951 0.0846
vn 0.0077 0.9964 0.0848
vn 0.0143 0.9957 0.0913
vn 0.0319 0.9953 0.0913
vn -0.0419 0.9990 0.0177
vn 0.0154 0.9997 0.0177
vn -0.0605 0.9965 -0.0583
vn 0.0474 0.9972 -0.0584
vn 0.0957 0.9954 -0.0099
vn -0.0375 0.9992 -0.0099
vn -0.0132 0.9998 0.0177
vn 0.0165 0.9987 0.0474
vn -0.0683 0.9965 0.0473
vn 0.0736 0.9796 0.1872
vn 0.1300 0.9739 0.1861
vn -0.0364 0.9991 0.0210
vn -0.1400 0.9899 0.0208
vn -0.0779 0.9935 0.0834
vn 0.0066 0.9965 0.0837
vn 0.0044 0.9967 0.0815
vn 0.0419 0.9991 -0.0110
vn 0.0143 0.9998 -0.0110
vn 0.0726 0.9962 0.0473
vn 0.0099 0.9988 0.0474
vn -0.0694 0.9971 -0.0319
vn -0.1494 0.9883 -0.0317
vn -0.0242 0.9952 0.0946
vn -0.1075 0.9939 -0.0230
vn 0.0252 0.9937 0.1096
vn -0.1248 0.9913 -0.0405
vn 0.0066 0.9991 -0.0408
vn -0.0483 0.9943 -0.0954
vn -0.0308 0.9950 -0.0955
vn 0.0463 0.9987 -0.0187
vn 0.0309 0.9993 -0.0187
vn -0.0882 0.9866 -0.1372
vn 0.0818 0.9872 -0.1372
vn 0.0599 0.9855 -0.1588
vn -0.0272 0.9869 -0.1590
vn 0.0999 0.9945 -0.0329
vn -0.0177 0.9993 -0.0331
vn -0.0375 0.9979 -0.0529
vn 0.0308 0.9981 -0.0529
vn 0.0999 0.9949 0.0165
vn -0.0011 0.9999 0.0166
vn -0.0996 0.9916 -0.0821
vn 0.0187 0.9964 -0.0825
vn 0.0286 0.9969 -0.0726
vn 0.0833 0.9939 -0.0724
vn 0.0383 0.9924 -0.1172
vn -0.0983 0.9883 -0.1167
vn 0.0802 0.9949 0.0615
vn 0.1106 0.9920 0.0613
vn 0.0595 0.9982 0.0099
vn -0.0496 0.9987 0.0099
vn 0.0352 0.9949 0.0944
vn -0.0799 0.9923 0.0942
vn -0.0810 0.9924 0.0931
vn 0.0022 0.9956 0.0934
vn 0.0908 0.9794 0.1805
vn 0.1219 0.9761 0.1799
vn -0.0880 0.9957 -0.0286
vn -0.1483 0.9885 -0.0284
vn -0.0671 0.9963 0.0539
vn 0.0726 0.9959 0.0538
vn -0.0066 0.9997 -0.0254
vn 0.0452 0.9987 -0.0253
vn -0.0989 0.9948 -0.0242
vn -0.0331 0.9986 0.0419
vn 0.0726 0.9965 0.0418
vn -0.0614 0.9939 -0.0921
vn -0.0264 0.9954 -0.0923
vn 0.0375 0.9989 -0.0287
vn -0.1000 0.9946 -0.0285
vn 0.0088 0.9967 0.0803
vn -0.0472 0.9957 0.0802
vn -0.1291 0.9916 -0.0022
vn 0.0541 0.9985 -0.0022
vn -0.0570 0.9920 -0.1127
vn 0.0711 0.9911 -0.1126
vn 0.1192 0.9908 -0.0645
vn -0.0397 0.9971 -0.0649
vn -0.0799 0.9913 -0.1050
vn -0.0077 0.9944 -0.1053
vn 0.0671 0.9973 -0.0308
vn 0.0823 0.9942 0.0691
vn 0.0287 0.9989 -0.0364
vn 0.0485 0.9987 -0.0165
vn -0.0749 0.9971 -0.0165
vn 0.0154 0.9972 0.0737
vn 0.0495 0.9961 0.0736
vn 0.0917 0.9890 0.1157
vn 0.0831 0.9898 0.1158
vn 0.0440 0.9961 0.0769
vn -0.0593 0.9953 0.0769
vn -0.0659 0.9953 0.0703
vn 0.0953 0.9930 0.0701
vn -0.0308 0.9979 -0.0562
vn 0.1258 0.9818 0.1419
vn 0.1203 0.9825 0.1420
vn -0.0375 0.9992 -0.0154
vn -0.0496 0.9986 -0.0154
vn 0.0712 0.9919 0.1051
vn -0.1102 0.9884 0.1047
vn -0.0511 0.9853 0.1631
vn 0.0283 0.9862 0.1632
vn -0.0583 0.9953 0.0780
vn 0.0275 0.9966 0.0781
vn -0.0011 0.9988 0.0496
vn -0.0781 0.9957 0.0494
vn -0.0429 0.9955 0.0846
vn 0.0165 0.9963 0.0846
vn -0.0683 0.9977 -0.0000
vn 0.0595 0.9982 -0.0000
vn -0.0406 0.9942 -0.0998
vn -0.0088 0.9950 -0.0999
vn 0.0782 0.9969 -0.0132
vn -0.1302 0.9914 -0.0131
vn -0.1526 0.9876 -0.0360
vn 0.0781 0.9963 -0.0363
vn -0.0230 0.9904 -0.1366
vn -0.0936 0.9863 -0.1360
vn 0.0088 0.9994 -0.0342
vn 0.0661 0.9972 -0.0341
vn -0.0077 0.9942 -0.1075
vn 0.0417 0.9933 -0.1074
vn 0.1237 0.9920 -0.0252
vn -0.1381 0.9775 -0.1596
vn 0.0501 0.9857 -0.1610
vn 0.1440 0.9873 -0.0675
vn 0.0143 0.9976 -0.0682
vn -0.0427 0.9913 -0.1247
vn -0.0416 0.9913 -0.1247
vn 0.0924 0.9957 0.0088
vn -0.0999 0.9945 -0.0307
vn 0.0956 0.9949 -0.0307
vn 0.0649 0.9960 -0.0615
vn -0.0099 0.9980 -0.0617
vn 0.0617 0.9980 0.0099
vn 0.0165 0.9998 0.0099
vn 0.1155 0.9873 0.1089
vn 0.0745 0.9912 0.1094
vn -0.1455 0.9831 -0.1107
vn -0.0362 0.9931 -0.1118
vn 0.1616 0.9830 0.0868
vn -0.0779 0.9931 0.0877
vn 0.0076 0.9851 0.1717
vn 0.0043 0.9851 0.1718
vn 0.0109 0.9840 0.1781
vn 0.0413 0.9832 0.1779
vn -0.1518 0.9883 -0.0142
vn 0.0726 0.9973 -0.0143
vn 0.0011 0.9963 -0.0858
vn -0.0692 0.9939 -0.0855
vn 0.0856 0.9939 0.0691
vn -0.0242 0.9973 0.0693
vn -0.1043 0.9945 -0.0110
vn 0.0254 0.9994 0.0232
vn -0.1921 0.9619 -0.1945
vn -0.1225 0.9728 -0.1967
vn 0.0055 0.9975 -0.0705
vn -0.0484 0.9963 -0.0704
vn -0.0407 0.9972 -0.0628
vn 0.0463 0.9970 -0.0628
vn 0.0989 0.9950 -0.0099
vn -0.0890 0.9960 -0.0099
vn 0.0383 0.9924 0.1173
vn 0.0602 0.9913 0.1172
vn -0.0956 0.9947 -0.0385
vn 0.0998 0.9943 -0.0384
vn -0.0076 0.9893 -0.1454
vn -0.0371 0.9887 -0.1453
vn 0.0077 0.9948 -0.1011
vn 0.0994 0.9899 -0.1006
vn 0.1896 0.9818 -0.0087
vn -0.0999 0.9950 -0.0088
vn 0.0286 0.9944 0.1022
vn 0.0099 0.9964 0.0837
vn 0.0385 0.9958 0.0836
vn 0.0802 0.9951 0.0583
vn 0.0562 0.9978 0.0342
vn -0.0505 0.9958 -0.0759
vn 0.0352 0.9965 -0.0760
vn 0.1271 0.9918 0.0164
vn -0.0814 0.9965 0.0165
vn -0.0638 0.9974 0.0342
vn 0.0922 0.9952 0.0341
vn 0.0154 0.9990 -0.0430
vn -0.0880 0.9952 -0.0429
vn -0.0508 0.9987 -0.0055
vn -0.0672 0.9977 -0.0055
vn 0.0099 0.9974 0.0716
vn -0.0066 0.9974 0.0716
vn 0.0132 0.9957 0.0913
vn 0.0461 0.9948 0.0912
vn -0.0364 0.9993 0.0088
vn -0.0331 0.9994 0.0088
vn -0.0847 0.9955 -0.0429
vn -0.0594 0.9974 -0.0408
vn 0.0375 0.9985 -0.0408
vn 0.0088 0.9991 -0.0408
vn -0.0110 0.9981 -0.0606
vn -0.1289 0.9898 -0.0601
vn -0.0595 0.9982 0.0099
vn 0.0110 0.9969 0.0782
vn 0.1191 0.9898 0.0776
vn -0.0668 0.9919 -0.1085
vn -0.0799 0.9909 -0.1084
vn -0.0353 0.9973 -0.0639
vn 0.0670 0.9957 -0.0638
vn 0.0044 0.9920 -0.1260
vn 0.0252 0.9917 -0.1260
vn 0.0472 0.9934 -0.1043
vn -0.0230 0.9943 -0.1043
vn 0.1031 0.9944 0.0220
vn 0.0485 0.9986 0.0221
vn -0.0154 0.9990 -0.0419
vn 0.0155 0.9990 -0.0419
vn 0.0921 0.9939 -0.0604
vn 0.1107 0.9930 -0.0417
vn 0.0441 0.9981 -0.0419
vn 0.0504 0.9929 0.1075
vn -0.0307 0.9937 0.1076
vn -0.0131 0.9921 0.1249
vn 0.1261 0.9842 0.1240
vn -0.0736 0.9944 -0.0758
vn -0.0374 0.9964 -0.0760
vn 0.1600 0.9795 0.1223
vn 0.0711 0.9898 0.1236
vn -0.0188 0.9992 0.0342
vn -0.0518 0.9981 0.0342
vn -0.1204 0.9921 -0.0351
vn -0.0584 0.9977 -0.0353
vn 0.0110 0.9994 0.0342
vn 0.0581 0.9939 0.0933
vn -0.0429 0.9947 0.0934
vn -0.0989 0.9944 0.0374
vn -0.0682 0.9970 0.0374
vn -0.0671 0.9970 0.0385
vn -0.0408 0.9984 0.0386
vn -0.0704 0.9975 0.0088
vn 0.0782 0.9969 0.0088
vn -0.0774 0.9863 -0.1460
vn -0.1511 0.9779 -0.1448
vn -0.0199 0.9997 -0.0133
vn -0.0232 0.9996 -0.0133
vn 0.0984 0.9893 0.1082
vn 0.0088 0.9940 0.1087
vn -0.0660 0.9972 0.0342
vn -0.1171 0.9903 -0.0755
vn 0.1234 0.9895 -0.0754
vn -0.0022 0.9800 -0.1992
vn -0.1371 0.9707 -0.1973
vn 0.0430 0.9989 -0.0188
vn 0.1443 0.9894 -0.0186
vn 0.1238 0.9915 -0.0394
vn -0.0430 0.9983 -0.0397
vn -0.0408 0.9985 -0.0375
vn 0.0923 0.9950 -0.0374
vn 0.1346 0.9909 0.0055
vn -0.0999 0.9950 0.0055
vn -0.0231 0.9963 0.0825
vn 0.0648 0.9945 0.0824
vn 0.0865 0.9908 0.1040
vn 0.0613 0.9927 0.1042
vn 0.0559 0.9935 0.0988
vn 0.1156 0.9884 0.0983
vn 0.0441 0.9987 0.0265
vn -0.1464 0.9889 0.0262
vn -0.0251 0.9887 0.1475
vn 0.1605 0.9762 0.1456
vn 0.0430 0.9987 0.0276
vn 0.0221 0.9989 0.0419
vn 0.0110 0.9991 0.0419
vn -0.1327 0.9859 -0.1024
vn -0.1510 0.9832 -0.1021
vn 0.1147 0.9799 0.1635
vn 0.0011 0.9864 0.1645
vn -0.0657 0.9929 0.0987
vn 0.0854 0.9915 0.0986
vn -0.0878 0.9933 -0.0746
vn -0.1040 0.9918 -0.0745
vn 0.0701 0.9925 0.0998
vn -0.1953 0.9778 -0.0766
vn -0.0341 0.9956 0.0868
vn 0.0055 0.9962 0.0868
vn 0.0121 0.9956 0.0934
vn -0.0406 0.9948 0.0933
vn -0.0681 0.9955 0.0659
vn 0.0987 0.9929 0.0657
vn -0.0188 0.9985 -0.0518
vn 0.0385 0.9979 -0.0518
vn -0.0513 0.9887 -0.1407
vn -0.0947 0.9856 -0.1403
vn 0.1074 0.9923 0.0613
vn -0.0077 0.9981 0.0617
vn -0.1182 0.9918 -0.0492
vn 0.0077 0.9987 -0.0496
vn 0.0999 0.9941 0.0428
vn 0.1894 0.9810 0.0422
vn 0.0460 0.9936 -0.1031
vn 0.0110 0.9946 -0.1032
vn 0.0835 0.9960 -0.0308
vn 0.0099 0.9995 -0.0309
vn 0.0254 0.9996 -0.0154
vn 0.0132 0.9998 -0.0154
vn 0.0802 0.9954 0.0516
vn 0.0562 0.9971 0.0517
vn 0.0942 0.9915 0.0897
vn -0.0505 0.9947 0.0900
vn 0.0076 0.9891 0.1473
vn 0.1257 0.9812 0.1462
vn 0.0484 0.9964 0.0693
vn -0.0637 0.9956 0.0692
vn -0.0461 0.9952 0.0868
vn 0.0154 0.9961 0.0868
vn -0.0121 0.9982 0.0595
vn -0.0507 0.9969 0.0594
vn 0.0662 0.9824 0.1745
vn 0.0098 0.9845 0.1749
vn -0.1633 0.9866 0.0022
vn 0.0133 0.9999 0.0022
vn 0.0210 0.9997 0.0099
vn -0.0364 0.9993 0.0099
vn -0.0879 0.9953 -0.0417
vn -0.0847 0.9955 -0.0417
vn -0.0022 0.9992 0.0408
vn -0.0594 0.9974 0.0407
vn -0.1162 0.9931 -0.0164
vn 0.0375 0.9992 -0.0165
vn 0.0485 0.9988 -0.0055
vn -0.0110 0.9999 -0.0055
vn -0.0649 0.9961 -0.0594
vn -0.0539 0.9971 -0.0539
vn 0.0110 0.9985 -0.0540
vn -0.0264 0.9955 -0.0912
vn -0.0669 0.9936 -0.0910
vn -0.0582 0.9949 -0.0823
vn -0.0352 0.9960 -0.0824
vn -0.0198 0.9975 -0.0671
vn 0.0044 0.9977 -0.0672
vn 0.0683 0.9977 -0.0033
vn 0.0474 0.9989 -0.0033
vn -0.0275 0.9966 -0.0781
vn 0.1029 0.9917 -0.0777
vn 0.0821 0.9917 -0.0985
vn -0.0154 0.9950 -0.0988
vn 0.1512 0.9861 0.0686
vn -0.0033 0.9976 0.0694
vn 0.0198 0.9955 0.0923
vn 0.1103 0.9897 0.0917
vn -0.0429 0.9972 -0.0616
vn 0.0770 0.9951 -0.0615
vn 0.0186 0.9927 -0.1194
vn 0.0503 0.9916 -0.1193
vn 0.0844 0.9928 -0.0854
vn -0.0132 0.9962 -0.0857
vn -0.0737 0.9963 -0.0451
vn 0.1607 0.9842 0.0739
vn 0.0474 0.9980 -0.0407
vn -0.0276 0.9984 -0.0496
vn -0.1203 0.9915 -0.0492
vn 0.0209 0.9955 0.0923
vn 0.0110 0.9957 0.0923
vn 0.0580 0.9917 0.1149
vn -0.1859 0.9739 -0.1300
vn -0.0981 0.9864 -0.1317
vn 0.0933 0.9939 0.0592
vn -0.0670 0.9960 0.0593
vn -0.0329 0.9951 0.0933
vn -0.0701 0.9932 0.0932
vn -0.1675 0.9859 -0.0054
vn -0.0782 0.9969 -0.0055
vn 0.0709 0.9872 0.1427
vn -0.0197 0.9895 0.1430
vn -0.1644 0.9864 -0.0022
vn 0.0989 0.9951 -0.0022
vn 0.0485 0.9974 -0.0528
vn -0.0660 0.9964 -0.0528
vn -0.0386 0.9989 -0.0254
vn -0.1173 0.9928 -0.0252
vn -0.1238 0.9918 -0.0317
vn -0.0022 0.9995 -0.0320
vn 0.0430 0.9988 -0.0242
vn 0.0419 0.9988 -0.0253
vn 0.1238 0.9920 -0.0252
vn 0.1249 0.9919 -0.0241
vn -0.0408 0.9989 -0.0242
vn 0.1343 0.9886 0.0687
vn 0.0132 0.9985 -0.0529
vn -0.0231 0.9983 -0.0529
vn -0.0830 0.9902 -0.1125
vn 0.0864 0.9899 -0.1125
vn 0.1473 0.9878 -0.0512
vn 0.0561 0.9971 -0.0517
vn 0.0846 0.9961 -0.0231
vn 0.0441 0.9988 -0.0231
vn -0.0395 0.9935 -0.1063
vn -0.0253 0.9940 -0.1064
vn 0.0430 0.9989 -0.0176
vn 0.0737 0.9972 0.0132
vn 0.0221 0.9997 0.0132
vn 0.0769 0.9947 0.0681
vn -0.1331 0.9888 0.0676
vn -0.0644 0.9886 0.1364
vn 0.1152 0.9840 0.1357
vn -0.0044 0.9999 0.0165
vn -0.0661 0.9977 0.0165
vn 0.0165 0.9950 0.0988
vn -0.0876 0.9913 0.0984
vn -0.0711 0.9908 0.1148
vn 0.0700 0.9909 0.1148
vn -0.1403 0.9855 -0.0957
vn -0.0341 0.9972 -0.0671
vn -0.0538 0.9948 -0.0867
vn 0.0121 0.9961 -0.0868
vn -0.0642 0.9847 -0.1619
vn -0.0674 0.9845 -0.1619
vn -0.0566 0.9869 -0.1514
vn -0.0186 0.9883 -0.1516
vn 0.0462 0.9951 -0.0878
vn -0.0516 0.9948 -0.0878
vn 0.0298 0.9995 -0.0066
vn 0.1076 0.9942 -0.0066
vn 0.0517 0.9967 -0.0627
vn -0.1181 0.9910 -0.0623
vn 0.0143 0.9974 0.0704
vn 0.0998 0.9925 0.0701
vn 0.0814 0.9953 0.0516
vn 0.0462 0.9976 0.0517
vn -0.0232 0.9996 -0.0176
vn 0.0836 0.9963 -0.0176
vn 0.0583 0.9974 -0.0429
vn 0.0847 0.9963 0.0165
vn 0.0803 0.9966 0.0165
vn 0.0430 0.9989 -0.0209
vn 0.0946 0.9953 -0.0209
vn 0.0385 0.9963 -0.0770
vn 0.0077 0.9970 -0.0770
vn 0.0923 0.9957 0.0077
vn 0.0342 0.9994 -0.0066
vn -0.0463 0.9989 -0.0066
vn 0.0242 0.9977 0.0639
vn -0.0121 0.9979 0.0639
vn -0.1031 0.9943 -0.0274
vn 0.0672 0.9974 -0.0275
vn 0.0088 0.9963 -0.0857
vn -0.1627 0.9830 -0.0846
vn 0.0132 0.9956 0.0923
vn 0.0493 0.9915 0.1203
vn -0.0873 0.9889 0.1200
vn -0.1048 0.9892 0.1026
vn -0.0022 0.9947 0.1032
vn -0.1778 0.9813 -0.0736
vn -0.1159 0.9905 -0.0743
vn 0.0494 0.9946 0.0911
vn 0.0483 0.9947 0.0911
vn -0.0813 0.9959 -0.0385
vn -0.0650 0.9971 -0.0385
vn -0.0155 0.9998 0.0110
vn -0.0540 0.9985 0.0110
vn -0.1310 0.9891 -0.0666
vn -0.0264 0.9974 -0.0671
vn -0.0712 0.9912 -0.1116
vn -0.0580 0.9921 -0.1117
vn 0.0933 0.9949 0.0395
vn -0.0199 0.9990 0.0397
vn 0.0515 0.9925 0.1106
vn 0.0678 0.9916 0.1105
vn -0.0639 0.9977 -0.0209
vn -0.0463 0.9981 -0.0396
vn 0.0824 0.9958 -0.0396
vn 0.1270 0.9919 0.0055
vn 0.1516 0.9884 0.0055
vn 0.0878 0.9944 -0.0593
vn 0.0198 0.9980 -0.0595
vn -0.0514 0.9902 -0.1300
vn -0.0426 0.9906 -0.1301
vn 0.1753 0.9805 0.0887
vn 0.0187 0.9958 0.0901
vn -0.0110 0.9981 0.0606
vn 0.0276 0.9996 0.0033
vn 0.1082 0.9906 0.0842
vn 0.0462 0.9953 0.0846
vn -0.0397 0.9992 -0.0011
vn 0.0221 0.9994 -0.0265
vn -0.0276 0.9993 -0.0265
vn 0.0529 0.9971 0.0539
vn 0.0209 0.9983 0.0540
vn 0.0733 0.9916 0.1061
vn 0.0340 0.9937 0.1064
vn -0.1915 0.9741 -0.1204
vn -0.1861 0.9751 -0.1205
vn 0.0926 0.9862 0.1371
vn -0.0331 0.9994 -0.0132
vn -0.1378 0.9834 -0.1183
vn -0.1664 0.9790 -0.1178
vn 0.0308 0.9963 0.0803
vn 0.0714 0.9942 0.0801
vn -0.1636 0.9743 -0.1548
vn -0.1624 0.9745 -0.1548
vn 0.0485 0.9988 -0.0066
vn -0.1010 0.9827 -0.1551
vn -0.0381 0.9871 -0.1558
vn 0.0988 0.9949 -0.0198
vn -0.1238 0.9921 -0.0197
vn -0.0099 0.9955 0.0945
vn 0.0055 0.9955 0.0945
vn -0.1140 0.9932 -0.0252
vn 0.0110 0.9984 -0.0562
vn 0.1248 0.9906 -0.0557
vn 0.0481 0.9901 -0.1322
vn 0.0524 0.9898 -0.1322
vn 0.0941 0.9914 -0.0908
vn 0.0132 0.9957 -0.0912
vn -0.0834 0.9942 -0.0680
vn -0.0066 0.9999 0.0088
vn 0.1475 0.9890 0.0087
vn 0.1968 0.9786 0.0594
vn 0.0834 0.9947 0.0593
vn -0.0396 0.9974 0.0594
vn -0.0748 0.9969 0.0242
vn 0.0639 0.9977 0.0242
vn 0.0210 0.9996 -0.0188
vn 0.0737 0.9971 -0.0187
vn 0.0956 0.9954 0.0033
vn 0.0771 0.9970 0.0033
vn -0.0264 0.9947 -0.0999
vn -0.0646 0.9929 -0.0997
vn -0.0231 0.9980 -0.0584
vn -0.0132 0.9977 -0.0672
vn 0.0165 0.9976 -0.0671
vn 0.0562 0.9980 -0.0275
vn -0.0716 0.9971 -0.0275
vn -0.0386 0.9992 0.0055
vn -0.1409 0.9900 0.0055
vn 0.0131 0.9872 0.1590
vn -0.0933 0.9952 -0.0286
vn -0.0650 0.9975 -0.0286
vn 0.0440 0.9958 0.0803
vn -0.0571 0.9951 0.0803
vn -0.0164 0.9926 0.1206
vn 0.0460 0.9916 0.1205
vn 0.0022 0.9970 0.0771
vn 0.0297 0.9966 0.0771
vn -0.0022 0.9990 0.0452
vn 0.0518 0.9976 0.0452
vn -0.0703 0.9946 -0.0769
vn 0.0143 0.9969 -0.0771
vn 0.1204 0.9923 0.0296
vn 0.0814 0.9962 0.0297
vn 0.0694 0.9974 0.0176
vn -0.0232 0.9996 0.0177
vn 0.0264 0.9974 0.0672
vn 0.0583 0.9960 0.0671
vn 0.0961 0.9898 0.1050
vn 0.0843 0.9909 0.1051
vn -0.0900 0.9935 -0.0691
vn 0.0429 0.9967 -0.0694
vn 0.1504 0.9878 0.0393
vn 0.0386 0.9985 0.0397
vn 0.0452 0.9979 0.0463
vn 0.0922 0.9947 0.0462
vn 0.0889 0.9951 0.0429
vn 0.0342 0.9985 0.0430
vn -0.0110 0.9999 -0.0022
vn 0.0243 0.9997 -0.0022
vn 0.0791 0.9955 0.0528
vn -0.1030 0.9933 0.0527
vn -0.0328 0.9919 0.1227
vn 0.0088 0.9924 0.1228
vn -0.0154 0.9950 0.0989
vn 0.0132 0.9950 0.0989
vn -0.1471 0.9872 -0.0622
vn 0.0496 0.9968 -0.0628
vn -0.0022 0.9935 -0.1141
vn -0.1047 0.9880 -0.1135
vn -0.0121 0.9997 -0.0210
vn -0.1782 0.9838 -0.0206
vn -0.0834 0.9936 0.0757
vn 0.0495 0.9959 0.0759
vn -0.0210 0.9998 0.0055
vn -0.0814 0.9967 0.0055
vn -0.1711 0.9815 -0.0857
vn -0.0154 0.9961 -0.0869
vn -0.0000 0.9974 -0.0716
vn -0.1309 0.9888 -0.0710
vn 0.0176 0.9968 0.0782
vn -0.0714 0.9944 0.0780
vn -0.0516 0.9939 0.0977
vn 0.0929 0.9909 0.0974
vn 0.0518 0.9978 -0.0408
vn -0.0361 0.9911 -0.1281
vn -0.0633 0.9898 -0.1279
vn 0.1063 0.9935 0.0417
vn -0.0650 0.9976 0.0231
vn 0.1269 0.9916 0.0230
vn 0.1291 0.9913 0.0252
vn 0.0879 0.9958 0.0253
vn -0.0518 0.9985 -0.0165
vn 0.1754 0.9814 0.0781
vn -0.0230 0.9923 -0.1217
vn -0.0110 0.9925 -0.1217
vn 0.1580 0.9863 0.0479
vn 0.0275 0.9984 0.0485
vn 0.0810 0.9915 0.1019
vn 0.1080 0.9889 0.1016
vn -0.0397 0.9987 -0.0320
vn 0.0221 0.9998 -0.0011
vn 0.1028 0.9915 0.0800
vn 0.0528 0.9954 0.0803
vn -0.0121 0.9998 0.0155
vn 0.0737 0.9972 0.0154
vn -0.0645 0.9904 -0.1225
vn -0.1915 0.9741 -0.1205
vn -0.0077 0.9979 0.0650
vn 0.0714 0.9953 0.0649
vn -0.0396 0.9981 -0.0463
vn -0.0584 0.9972 -0.0463
vn 0.0463 0.9972 0.0584
vn -0.1385 0.9887 0.0579
vn -0.1364 0.9888 0.0601
vn 0.0308 0.9977 0.0606
vn -0.1655 0.9857 0.0327
vn -0.1909 0.9816 0.0065
vn 0.0527 0.9959 0.0737
vn -0.1019 0.9921 0.0734
vn -0.0306 0.9891 0.1442
vn 0.0978 0.9848 0.1436
vn -0.0682 0.9974 -0.0220
vn -0.0099 0.9997 -0.0221
vn -0.0659 0.9948 -0.0780
vn -0.1137 0.9905 -0.0777
vn 0.0055 0.9991 0.0419
vn 0.0121 0.9990 0.0430
vn 0.0485 0.9979 0.0430
vn -0.0561 0.9965 -0.0616
vn 0.0943 0.9936 -0.0615
vn 0.1128 0.9927 -0.0428
vn 0.0364 0.9984 -0.0430
vn 0.1587 0.9840 0.0804
vn -0.0066 0.9967 0.0815
vn 0.1965 0.9772 0.0799
vn 0.0880 0.9956 -0.0308
vn 0.0110 0.9946 -0.1033
vn -0.0744 0.9919 -0.1030
vn 0.1348 0.9851 0.1067
vn 0.0209 0.9940 0.1076
vn -0.0077 0.9968 0.0793
vn 0.0953 0.9923 0.0789
vn 0.0550 0.9977 0.0386
vn 0.0558 0.9911 0.1204
vn -0.0230 0.9924 0.1206
vn -0.0132 0.9926 0.1206
vn -0.0671 0.9955 0.0671
vn 0.0713 0.9940 0.0824
vn -0.0385 0.9958 0.0825
vn -0.1717 0.9838 -0.0522
vn 0.0386 0.9989 -0.0276
vn -0.0933 0.9944 0.0505
vn -0.1420 0.9899 0.0011
vn 0.0441 0.9990 0.0011
vn 0.0672 0.9974 0.0242
vn -0.0165 0.9996 0.0243
vn 0.0022 1.0000 0.0066
vn -0.1655 0.9730 -0.1610
vn -0.0022 0.9866 -0.1633
vn 0.1516 0.9884 -0.0098
vn -0.0705 0.9975 -0.0099
vn -0.0210 0.9990 0.0397
vn 0.1204 0.9919 0.0394
vn 0.0330 0.9983 -0.0485
vn 0.0693 0.9964 -0.0484
vn 0.0946 0.9953 -0.0231
vn 0.0265 0.9994 -0.0232
vn -0.0613 0.9920 -0.1106
vn 0.0961 0.9893 -0.1103
vn 0.0884 0.9891 -0.1179
vn -0.0896 0.9890 -0.1179
vn 0.1527 0.9804 0.1244
vn 0.1494 0.9809 0.1245
vn 0.0932 0.9933 0.0680
vn 0.0451 0.9967 0.0682
vn -0.0715 0.9963 -0.0484
vn 0.0889 0.9949 -0.0483
vn 0.1893 0.9804 0.0541
vn -0.0110 0.9984 0.0551
vn -0.1301 0.9894 -0.0644
vn 0.0790 0.9948 -0.0648
vn 0.0604 0.9947 -0.0834
vn -0.0330 0.9960 -0.0835
vn 0.0628 0.9980 0.0121
vn -0.0155 0.9998 0.0121
vn -0.0954 0.9931 -0.0679
vn -0.1470 0.9868 -0.0675
vn -0.0353 0.9984 0.0452
vn -0.0441 0.9990 0.0033
vn -0.0121 0.9999 0.0033
vn -0.0758 0.9953 -0.0604
vn 0.0561 0.9953 0.0791
vn -0.0209 0.9966 0.0792
vn -0.2140 0.9698 -0.1166
vn -0.1706 0.9783 -0.1177
vn 0.0220 0.9969 0.0759
vn -0.0000 0.9971 0.0759
vn -0.1555 0.9846 -0.0804
vn 0.0176 0.9965 -0.0814
vn -0.0364 0.9990 -0.0243
vn -0.0452 0.9987 -0.0242
vn -0.1125 0.9894 -0.0917
vn -0.0363 0.9951 -0.0922
vn 0.0408 0.9990 -0.0154
vn 0.1064 0.9942 -0.0154
vn 0.0286 0.9952 -0.0933
vn -0.0648 0.9935 -0.0932
vn 0.0551 0.9981 0.0264
vn 0.1291 0.9913 0.0263
vn 0.0463 0.9989 0.0022
vn 0.0617 0.9979 0.0176
vn 0.0441 0.9989 0.0176
vn 0.0133 0.9998 -0.0132
vn -0.0232 0.9996 -0.0132
vn 0.1289 0.9819 0.1387
vn 0.1567 0.9779 0.1381
vn -0.0110 0.9995 -0.0298
vn 0.0813 0.9962 -0.0297
vn 0.0396 0.9967 -0.0715
vn -0.0253 0.9971 -0.0715
vn 0.0976 0.9939 0.0515
vn -0.0088 0.9986 0.0518
vn -0.0243 0.9990 0.0364
vn 0.1031 0.9940 0.0362
vn 0.0584 0.9983 -0.0088
vn -0.0122 0.9999 -0.0088
vn 0.0364 0.9985 0.0397
vn -0.0649 0.9971 0.0396
vn 0.0339 0.9899 0.1376
vn -0.0077 0.9904 0.1377
vn -0.0527 0.9942 0.0933
vn -0.0395 0.9949 0.0933
vn -0.0615 0.9955 0.0714
vn 0.0462 0.9964 0.0715
vn -0.0683 0.9967 -0.0429
vn -0.1365 0.9897 -0.0426
vn -0.1629 0.9842 -0.0695
vn 0.0033 0.9975 -0.0704
vn 0.0781 0.9969 0.0044
vn -0.1909 0.9816 0.0043
vn -0.0689 0.9894 0.1277
vn 0.0525 0.9904 0.1279
vn -0.2005 0.9715 -0.1265
vn -0.0307 0.9912 -0.1291
vn 0.0441 0.9975 -0.0550
vn -0.0682 0.9962 -0.0550
vn -0.0790 0.9947 -0.0659
vn -0.0660 0.9956 -0.0659
vn 0.0364 0.9987 0.0364
vn 0.0055 0.9993 0.0364
vn 0.0121 0.9994 -0.0320
vn 0.0737 0.9968 0.0297
vn -0.0562 0.9980 0.0297
vn 0.0708 0.9853 0.1555
vn 0.1116 0.9816 0.1549
vn -0.0987 0.9936 -0.0548
vn 0.1590 0.9858 -0.0544
vn 0.1092 0.9885 -0.1047
vn -0.0066 0.9944 -0.1053
vn 0.1258 0.9917 0.0274
vn 0.0880 0.9957 0.0275
vn 0.0463 0.9988 -0.0143
vn 0.0110 0.9998 -0.0143
vn 0.0921 0.9935 0.0669
vn 0.1353 0.9886 0.0665
vn -0.0449 0.9925 -0.1139
vn -0.0077 0.9935 -0.1140
vn 0.0606 0.9971 -0.0462
vn 0.0550 0.9974 -0.0462
vn 0.1118 0.9937 0.0110
vn 0.0562 0.9984 0.0110
vn 0.0144 0.9994 -0.0309
vn -0.0232 0.9993 -0.0309
vn 0.0210 0.9997 0.0132
vn -0.0672 0.9977 0.0132
vn -0.0902 0.9959 -0.0099
vn 0.0715 0.9974 -0.0099
vn -0.1719 0.9851 -0.0011
vn -0.0471 0.9911 0.1247
vn 0.0383 0.9915 0.1247
vn -0.0781 0.9969 0.0088
vn -0.1415 0.9864 -0.0839
vn -0.0353 0.9991 0.0232
vn 0.0672 0.9975 0.0231
vn -0.0143 0.9982 -0.0584
vn -0.0341 0.9977 -0.0584
vn -0.0308 0.9980 -0.0551
vn -0.1675 0.9844 -0.0544
vn -0.1152 0.9933 -0.0011
vn 0.1516 0.9884 -0.0011
vn 0.1696 0.9854 0.0174
vn -0.0210 0.9996 0.0177
vn -0.1181 0.9898 -0.0798
vn 0.0330 0.9962 -0.0803
vn 0.0977 0.9951 -0.0154
vn 0.0946 0.9954 -0.0154
vn 0.0913 0.9956 -0.0187
vn -0.0617 0.9979 -0.0187
vn -0.0562 0.9983 -0.0132
vn 0.0890 0.9959 -0.0132
vn 0.1387 0.9896 0.0372
vn 0.1538 0.9874 0.0371
vn 0.1228 0.9924 0.0055
vn 0.0934 0.9956 0.0055
vn -0.0197 0.9940 -0.1076
vn -0.0712 0.9917 -0.1074
vn 0.1117 0.9909 0.0755
vn 0.1891 0.9791 0.0746
vn 0.0955 0.9952 -0.0209
vn -0.1303 0.9913 -0.0208
vn -0.1065 0.9943 0.0033
vn 0.0606 0.9982 0.0033
vn 0.0901 0.9954 0.0330
vn 0.0627 0.9975 0.0331
vn -0.0658 0.9933 -0.0955
vn -0.0952 0.9909 -0.0952
vn 0.0144 0.9998 0.0144
vn -0.0353 0.9993 0.0144
vn 0.0559 0.9929 0.1053
vn -0.0439 0.9935 0.1054
vn -0.1173 0.9926 0.0318
vn -0.0759 0.9966 0.0319
vn -0.1010 0.9949 0.0066
vn 0.0563 0.9984 0.0066
vn 0.0199 0.9994 -0.0298
vn -0.2154 0.9761 -0.0291
vn -0.0436 0.9884 0.1452
vn 0.0218 0.9891 0.1453
vn -0.1799 0.9820 -0.0575
vn -0.1558 0.9861 -0.0577
vn -0.0264 0.9970 0.0727
vn 0.0593 0.9956 0.0726
vn -0.0364 0.9991 -0.0232
vn -0.0932 0.9924 -0.0800
vn -0.1126 0.9904 -0.0799
vn 0.1086 0.9840 0.1413
vn 0.0404 0.9890 0.1420
vn 0.0175 0.9927 0.1195
vn 0.0285 0.9924 0.1195
vn -0.1524 0.9864 -0.0621
vn 0.0550 0.9965 -0.0627
vn 0.1559 0.9870 0.0393
vn 0.1053 0.9937 0.0395
vn 0.1020 0.9941 0.0362
vn 0.0616 0.9974 0.0364
vn -0.1097 0.9848 -0.1349
vn 0.0131 0.9907 -0.1357
vn 0.0747 0.9944 -0.0747
vn 0.1298 0.9887 -0.0743
vn 0.2031 0.9792 0.0011
vn -0.0110 0.9999 0.0011
vn -0.0210 0.9997 -0.0088
vn 0.0397 0.9992 -0.0088
vn 0.1684 0.9783 0.1210
vn 0.0970 0.9878 0.1222
vn -0.0813 0.9951 -0.0561
vn 0.1371 0.9849 0.1055
vn 0.0581 0.9926 0.1064
vn 0.0352 0.9959 0.0836
vn 0.0363 0.9958 0.0836
vn -0.0760 0.9967 -0.0286
vn 0.0342 0.9990 -0.0287
vn -0.0529 0.9982 -0.0265
vn -0.1496 0.9810 -0.1235
vn -0.0612 0.9903 -0.1247
vn 0.0507 0.9986 -0.0132
vn -0.0683 0.9976 -0.0132
vn -0.0430 0.9990 0.0121
vn -0.1633 0.9865 0.0120
vn -0.1181 0.9913 0.0580
vn 0.0780 0.9953 0.0583
vn -0.1443 0.9759 -0.1639
vn -0.0685 0.9839 -0.1652
vn 0.0430 0.9976 -0.0551
vn -0.2018 0.9779 -0.0540
vn -0.0285 0.9922 0.1217
vn 0.0438 0.9916 0.1216
vn -0.0298 0.9984 0.0485
vn -0.0791 0.9957 0.0484
vn -0.0933 0.9951 0.0341
vn 0.0364 0.9988 0.0342
vn -0.0626 0.9952 -0.0759
vn -0.0451 0.9973 -0.0584
vn 0.0736 0.9956 -0.0583
vn 0.0055 0.9920 -0.1260
vn 0.0711 0.9895 -0.1257
vn 0.0557 0.9885 -0.1409
vn -0.0978 0.9852 -0.1404
vn 0.1062 0.9923 0.0636
vn 0.1096 0.9919 0.0636
vn -0.0209 0.9975 -0.0672
vn 0.1256 0.9898 -0.0667
vn 0.1104 0.9905 -0.0821
vn 0.0462 0.9955 -0.0825
vn 0.1623 0.9861 0.0349
vn 0.0922 0.9951 0.0352
vn 0.0408 0.9990 -0.0166
vn -0.0452 0.9988 -0.0166
vn -0.0210 0.9998 0.0077
vn 0.0606 0.9981 0.0077
vn 0.1268 0.9891 0.0743
vn 0.1115 0.9910 0.0744
vn 0.0485 0.9988 0.0110
vn 0.0144 0.9998 0.0110
vn -0.0562 0.9967 -0.0595
vn 0.0209 0.9980 -0.0595
vn 0.0934 0.9955 0.0132
vn -0.0902 0.9958 0.0132
vn -0.0363 0.9971 0.0672
vn 0.0801 0.9945 0.0670
vn -0.0066 0.9998 -0.0199
vn -0.0474 0.9987 -0.0199
vn -0.0944 0.9933 -0.0669
vn -0.0779 0.9947 -0.0670
vn -0.0375 0.9989 -0.0265
vn 0.0286 0.9982 0.0518
vn -0.0143 0.9986 0.0518
vn -0.1396 0.9874 -0.0741
vn -0.0308 0.9967 -0.0748
vn 0.0529 0.9986 0.0088
vn -0.1152 0.9933 0.0088
vn 0.0109 0.9909 0.1345
vn 0.1681 0.9768 0.1326
vn -0.0450 0.9957 -0.0813
vn -0.1181 0.9897 -0.0808
vn 0.1012 0.9852 0.1381
vn 0.0968 0.9857 0.1381
vn -0.0933 0.9943 -0.0516
vn 0.0912 0.9945 -0.0516
vn 0.0175 0.9920 -0.1248
vn -0.0557 0.9906 -0.1246
vn 0.1750 0.9788 0.1069
vn 0.1380 0.9846 0.1076
vn 0.0386 0.9992 0.0077
vn 0.1228 0.9924 0.0077
vn 0.1421 0.9895 0.0273
vn -0.0199 0.9994 0.0276
vn -0.1062 0.9926 -0.0591
vn 0.1118 0.9920 -0.0591
vn 0.1866 0.9823 0.0173
vn 0.0955 0.9953 0.0176
vn -0.0438 0.9916 -0.1215
vn -0.1058 0.9870 -0.1209
vn 0.1586 0.9769 0.1434
vn 0.0892 0.9855 0.1446
vn -0.0748 0.9970 -0.0187
vn -0.0661 0.9976 -0.0187
vn -0.0792 0.9964 -0.0319
vn 0.0144 0.9994 -0.0320
vn 0.0188 0.9994 -0.0276
vn -0.0176 0.9947 -0.1010
vn -0.1168 0.9881 -0.1003
vn 0.0375 0.9978 0.0540
vn -0.1009 0.9935 0.0537
vn -0.0855 0.9939 0.0691
vn -0.1289 0.9885 -0.0796
vn -0.0440 0.9958 -0.0802
vn -0.1022 0.9851 -0.1381
vn -0.1785 0.9744 -0.1366
vn -0.0143 0.9995 0.0287
vn -0.0265 0.9992 0.0287
vn 0.0341 0.9955 0.0890
vn -0.0362 0.9954 0.0890
vn -0.0758 0.9959 0.0495
vn -0.0934 0.9944 0.0494
vn -0.0516 0.9945 0.0911
vn 0.1092 0.9899 0.0907
vn 0.0177 0.9995 -0.0276
vn -0.0341 0.9963 -0.0792
vn -0.1522 0.9852 -0.0783
vn 0.0783 0.9852 0.1522
vn 0.1543 0.9764 0.1508
vn -0.0594 0.9963 -0.0627
vn 0.1019 0.9928 -0.0624
vn 0.1366 0.9903 -0.0273
vn -0.1107 0.9935 -0.0274
vn -0.0264 0.9980 0.0573
vn 0.0748 0.9956 0.0571
vn 0.0110 0.9999 -0.0066
vn 0.2031 0.9791 -0.0065
vn 0.2237 0.9745 0.0151
vn -0.0210 0.9997 0.0154
vn -0.0022 0.9994 0.0342
vn 0.1695 0.9849 0.0337
vn -0.0369 0.9843 -0.1727
vn -0.0802 0.9818 -0.1723
vn 0.1598 0.9849 0.0674
vn 0.1375 0.9882 0.0676
vn 0.0397 0.9987 -0.0309
vn 0.0353 0.9989 -0.0309
vn -0.0922 0.9832 -0.1573
vn -0.0751 0.9847 -0.1575
vn 0.0143 0.9975 -0.0693
vn 0.0363 0.9969 -0.0693
vn 0.0572 0.9972 -0.0484
vn -0.1505 0.9874 -0.0479
vn -0.0507 0.9973 0.0528
vn 0.0506 0.9973 0.0528
vn -0.0627 0.9962 -0.0605
vn -0.0430 0.9972 -0.0605
vn -0.0066 0.9997 -0.0243
vn -0.1183 0.9927 -0.0241
vn -0.0264 0.9973 0.0682
vn -0.1459 0.9870 0.0675
vn -0.1577 0.9859 0.0555
vn 0.0430 0.9975 0.0561
vn -0.0650 0.9965 -0.0517
vn -0.0286 0.9982 -0.0518
vn -0.0297 0.9982 -0.0529
vn -0.0298 0.9982 -0.0529
vn -0.0353 0.9977 -0.0583
vn -0.0932 0.9939 -0.0581
vn -0.0738 0.9971 0.0198
vn -0.0220 0.9972 0.0715
vn -0.0451 0.9964 0.0715
vn -0.0000 0.9932 0.1162
vn 0.0055 0.9932 0.1162
vn -0.0330 0.9964 0.0781
vn 0.0561 0.9954 0.0780
vn 0.0166 0.9991 0.0386
vn 0.1063 0.9936 0.0384
vn 0.1646 0.9815 0.0975
vn -0.0209 0.9949 0.0988
vn 0.1107 0.9936 0.0208
vn 0.1866 0.9775 0.0982
vn 0.1616 0.9819 0.0986
vn 0.0913 0.9954 0.0275
vn 0.0408 0.9988 0.0276
vn -0.0352 0.9982 -0.0485
vn -0.0209 0.9986 -0.0485
vn 0.0943 0.9933 0.0669
vn 0.1268 0.9897 0.0666
vn -0.0033 0.9980 -0.0639
vn 0.0484 0.9968 -0.0638
vn 0.0977 0.9951 -0.0143
vn -0.0562 0.9983 -0.0143
vn -0.0177 0.9995 0.0243
vn 0.0934 0.9953 0.0242
vn -0.0762 0.9865 -0.1448
vn -0.0360 0.9888 -0.1451
vn -0.0066 0.9995 -0.0320
vn -0.0571 0.9950 -0.0823
vn -0.0943 0.9922 -0.0821
vn 0.0342 0.9983 0.0463
vn -0.0375 0.9982 0.0463
vn -0.1986 0.9731 -0.1170
vn 0.0285 0.9923 0.1206
vn -0.1691 0.9825 -0.0781
vn -0.1396 0.9871 -0.0785
vn 0.0132 0.9971 0.0749
vn 0.0527 0.9958 0.0748
vn -0.0132 0.9999 0.0088
vn 0.0110 0.9999 0.0088
vn 0.0649 0.9959 0.0627
vn -0.0451 0.9970 0.0628
vn -0.1172 0.9931 -0.0099
vn 0.1022 0.9947 -0.0099
vn 0.0022 0.9940 -0.1098
vn -0.0928 0.9897 -0.1093
vn 0.0353 0.9992 0.0188
vn 0.0177 0.9997 0.0188
vn 0.0605 0.9963 0.0616
vn 0.1756 0.9826 0.0608
vn 0.0396 0.9962 -0.0770
vn 0.1725 0.9833 0.0587
vn 0.1419 0.9881 0.0589
vn -0.1063 0.9935 -0.0395
vn 0.1867 0.9824 0.0098
vn 0.1919 0.9813 0.0152
vn -0.0540 0.9985 0.0055
vn 0.1603 0.9871 0.0055
vn -0.0196 0.9845 -0.1740
vn -0.0737 0.9821 -0.1736
vn 0.1588 0.9856 0.0588
vn -0.0791 0.9951 0.0594
vn -0.1323 0.9912 0.0055
vn 0.0188 0.9998 0.0055
vn 0.0693 0.9960 0.0561
vn -0.0176 0.9983 0.0562
vn -0.1107 0.9932 -0.0373
vn 0.0375 0.9986 -0.0375
vn -0.0044 0.9968 -0.0793
vn -0.0855 0.9932 -0.0790
vn -0.0909 0.9923 -0.0844
vn -0.1288 0.9881 -0.0841
vn -0.0519 0.9986 -0.0066
vn -0.1032 0.9946 -0.0066
vn 0.0501 0.9880 0.1463
vn -0.0142 0.9891 0.1464
vn -0.1312 0.9909 0.0296
vn 0.0342 0.9990 0.0298
vn -0.1016 0.9892 -0.1060
vn -0.0755 0.9915 -0.1062
vn -0.0571 0.9945 -0.0879
vn -0.0517 0.9948 -0.0879
vn 0.0144 0.9997 -0.0221
vn -0.0088 0.9997 -0.0221
vn 0.0790 0.9947 0.0659
vn -0.0342 0.9972 0.0661
vn -0.0837 0.9964 0.0165
vn 0.0792 0.9967 0.0165
vn 0.1139 0.9922 0.0515
vn -0.0595 0.9969 0.0518
vn -0.0672 0.9968 0.0440
vn 0.1365 0.9897 0.0437
vn 0.0726 0.9971 -0.0209
vn -0.0265 0.9994 -0.0210
vn -0.0154 0.9998 -0.0099
vn 0.0110 0.9999 -0.0099
vn 0.1200 0.9878 0.0993
vn 0.2226 0.9700 0.0975
vn -0.0283 0.9874 -0.1560
vn -0.0022 0.9877 -0.1560
vn 0.0911 0.9938 -0.0637
vn -0.0374 0.9973 -0.0639
vn 0.0066 0.9998 -0.0199
vn 0.1601 0.9869 -0.0196
vn 0.1739 0.9848 -0.0054
vn 0.0397 0.9992 -0.0055
vn -0.0808 0.9888 -0.1256
vn 0.0758 0.9962 0.0429
vn 0.0143 0.9990 0.0430
vn 0.0276 0.9980 0.0562
vn 0.0572 0.9968 0.0562
vn -0.0473 0.9977 -0.0485
vn -0.0507 0.9975 -0.0485
vn 0.0562 0.9967 0.0584
vn -0.0627 0.9963 0.0583
vn -0.0693 0.9963 0.0517
vn -0.0066 0.9986 0.0519
vn -0.0397 0.9990 0.0188
vn -0.0265 0.9995 0.0188
vn -0.0704 0.9972 -0.0253
vn -0.1579 0.9871 -0.0251
vn -0.1569 0.9873 -0.0240
vn -0.0650 0.9976 -0.0242
vn -0.0694 0.9972 -0.0286
vn -0.0298 0.9991 -0.0287
vn -0.0044 1.0000 -0.0033
vn -0.0353 0.9994 -0.0033
vn 0.0254 0.9980 0.0573
vn -0.0154 0.9982 0.0573
vn -0.1353 0.9888 -0.0634
vn -0.0220 0.9977 -0.0639
vn 0.0155 0.9995 -0.0265
vn -0.0000 0.9996 -0.0265
vn 0.0551 0.9981 0.0287
vn -0.0331 0.9990 0.0287
vn -0.0584 0.9983 0.0033
vn 0.0166 0.9999 0.0033
vn 0.0584 0.9973 0.0452
vn 0.1652 0.9852 0.0446
vn 0.0769 0.9960 -0.0451
vn -0.0988 0.9941 -0.0450
vn -0.0430 0.9990 0.0110
vn 0.1875 0.9822 0.0109
vn 0.1181 0.9912 -0.0602
vn 0.0911 0.9940 -0.0604
vn 0.1325 0.9910 -0.0186
vn -0.0353 0.9992 -0.0188
vn -0.0736 0.9956 -0.0572
vn 0.0943 0.9939 -0.0571
vn 0.1770 0.9838 0.0272
vn -0.0033 0.9996 0.0276
vn -0.1041 0.9919 -0.0734
vn 0.0975 0.9925 -0.0735
vn 0.1644 0.9864 -0.0054
vn -0.0177 0.9998 -0.0055
vn 0.0507 0.9967 0.0628
vn -0.0769 0.9951 0.0627
vn -0.0747 0.9951 0.0649
vn 0.0780 0.9948 0.0648
vn -0.0746 0.9933 -0.0878
vn 0.0485 0.9987 0.0177
vn -0.0865 0.9909 -0.1029
vn -0.1990 0.9748 -0.1012
vn -0.0671 0.9972 0.0330
vn -0.1694 0.9842 -0.0510
vn -0.0275 0.9954 0.0923
vn -0.0617 0.9979 0.0176
vn 0.1023 0.9859 0.1327
vn 0.0645 0.9890 0.1331
vn -0.1669 0.9810 -0.0985
vn -0.1167 0.9882 -0.0992
vn 0.0121 0.9995 0.0298
vn -0.0121 0.9998 0.0154
vn 0.0353 0.9993 0.0154
vn 0.1678 0.9746 0.1484
vn 0.0600 0.9868 0.1503
vn 0.0397 0.9991 0.0121
vn 0.1452 0.9823 0.1181
vn 0.1716 0.9781 0.1176
vn -0.0753 0.9887 -0.1298
vn 0.0438 0.9905 -0.1301
vn 0.1919 0.9812 0.0195
vn -0.0573 0.9982 0.0198
vn -0.0485 0.9984 0.0286
vn 0.1918 0.9810 0.0281
vn 0.1324 0.9907 -0.0328
vn -0.0540 0.9980 -0.0330
vn 0.0429 0.9970 0.0638
vn -0.0198 0.9978 0.0639
vn 0.1590 0.9871 0.0185
vn 0.0856 0.9948 -0.0560
vn -0.1321 0.9897 -0.0557
vn -0.0999 0.9947 -0.0231
vn 0.0694 0.9973 -0.0231
vn -0.0066 0.9951 -0.0988
vn -0.1102 0.9890 -0.0982
vn -0.0823 0.9941 -0.0702
vn -0.0044 0.9975 -0.0704
vn -0.0319 0.9947 -0.0977
vn -0.0908 0.9911 -0.0973
vn -0.0154 0.9996 -0.0221
vn -0.0518 0.9984 -0.0220
vn -0.0441 0.9989 -0.0143
vn 0.0507 0.9986 -0.0143
vn 0.0033 0.9981 -0.0617
vn -0.1310 0.9895 -0.0611
vn -0.0857 0.9962 -0.0154
vn -0.1022 0.9946 -0.0154
vn -0.0529 0.9980 0.0341
vn -0.0573 0.9978 0.0341
vn 0.0823 0.9816 0.1722
vn 0.0141 0.9849 0.1728
vn -0.0208 0.9901 0.1388
vn 0.0784 0.9873 0.1384
vn -0.0055 0.9985 0.0551
vn -0.0835 0.9950 0.0549
vn 0.0022 0.9902 0.1399
vn 0.1129 0.9838 0.1390
vn -0.0320 0.9995 -0.0055
vn 0.0242 0.9989 0.0397
vn -0.0154 0.9991 0.0397
vn 0.0763 0.9885 0.1309
vn 0.1196 0.9842 0.1303
vn 0.0155 0.9995 0.0265
vn -0.0287 0.9992 0.0265
vn 0.0450 0.9940 0.0998
vn 0.0909 0.9909 0.0995
vn 0.0033 0.9999 0.0121
vn 0.0066 0.9999 0.0121
vn 0.0132 0.9997 0.0188
vn 0.1738 0.9846 0.0185
vn 0.0273 0.9913 -0.1291
vn -0.0808 0.9884 -0.1287
vn 0.0923 0.9948 0.0439
vn 0.0758 0.9961 0.0440
vn 0.0276 0.9991 -0.0309
vn 0.0628 0.9980 0.0044
vn -0.0474 0.9989 0.0044
vn -0.0165 0.9992 0.0353
vn 0.0562 0.9978 0.0352
vn -0.0441 0.9969 -0.0649
vn -0.0692 0.9955 -0.0648
vn -0.0199 0.9997 -0.0154
vn -0.0397 0.9991 -0.0154
vn -0.1568 0.9787 -0.1328
vn -0.0698 0.9885 -0.1342
vn 0.0132 0.9986 -0.0518
vn -0.1567 0.9863 -0.0512
vn 0.0164 0.9923 0.1226
vn -0.0689 0.9901 0.1224
vn -0.1094 0.9906 0.0820
vn -0.0044 0.9966 0.0825
vn 0.0088 0.9954 0.0956
vn 0.0253 0.9951 0.0955
vn -0.1280 0.9901 -0.0579
vn -0.1353 0.9891 -0.0578
vn 0.0963 0.9802 0.1731
vn 0.0152 0.9847 0.1738
vn -0.0055 0.9881 0.1537
vn 0.0544 0.9866 0.1535
vn -0.0374 0.9973 0.0627
vn -0.0583 0.9963 0.0627
vn 0.0273 0.9887 0.1473
vn 0.0578 0.9874 0.1471
vn 0.0198 0.9938 0.1097
vn 0.0765 0.9911 0.1094
vn 0.0066 0.9992 0.0397
vn -0.0430 0.9983 0.0397
vn 0.1183 0.9929 0.0121
vn 0.0999 0.9950 -0.0066
vn 0.0704 0.9951 -0.0692
vn -0.0736 0.9949 -0.0692
vn -0.0397 0.9986 -0.0353
vn 0.1769 0.9836 -0.0347
vn 0.1036 0.9886 -0.1091
vn -0.1038 0.9886 -0.1091
vn 0.1314 0.9833 0.1259
vn 0.1631 0.9786 0.1253
vn -0.0862 0.9885 -0.1243
vn 0.0504 0.9909 -0.1247
vn 0.0548 0.9912 -0.1203
vn -0.0743 0.9900 -0.1202
vn -0.0850 0.9878 -0.1308
vn -0.0743 0.9886 -0.1309
vn 0.0989 0.9942 0.0417
vn 0.0485 0.9979 0.0418
vn -0.1248 0.9835 -0.1313
vn -0.0862 0.9875 -0.1319
vn 0.0486 0.9988 0.0022
vn -0.0672 0.9977 0.0022
vn -0.0485 0.9986 0.0209
vn -0.0276 0.9996 -0.0044
vn 0.0885 0.9898 0.1114
vn -0.0614 0.9919 0.1116
vn -0.0493 0.9911 0.1236
vn 0.1024 0.9871 0.1231
vn -0.1441 0.9818 -0.1235
vn -0.1664 0.9783 -0.1231
vn 0.0690 0.9912 0.1127
vn 0.0121 0.9935 0.1129
vn 0.0705 0.9829 0.1703
vn -0.0120 0.9853 0.1707
vn -0.0756 0.9912 0.1083
vn 0.1687 0.9798 0.1070
vn 0.0998 0.9943 0.0373
vn -0.0792 0.9962 0.0374
vn -0.0275 0.9957 0.0890
vn 0.1457 0.9854 0.0881
vn -0.0242 0.9963 -0.0825
vn -0.0757 0.9937 -0.0822
vn 0.0768 0.9946 0.0702
vn 0.1914 0.9791 0.0691
vn -0.0000 0.9923 -0.1237
vn -0.0481 0.9912 -0.1236
vn 0.1042 0.9941 0.0285
vn 0.1324 0.9908 0.0284
vn -0.0361 0.9895 -0.1398
vn 0.0382 0.9888 -0.1440
vn -0.0644 0.9875 -0.1438
vn 0.0044 0.9971 -0.0759
vn 0.0855 0.9935 -0.0756
vn -0.0195 0.9836 -0.1791
vn -0.0983 0.9791 -0.1783
vn 0.0934 0.9956 0.0121
vn -0.0066 0.9999 0.0121
vn -0.0857 0.9941 -0.0669
vn -0.0823 0.9944 -0.0669
vn 0.0407 0.9976 0.0561
vn -0.0320 0.9979 0.0562
vn 0.0121 0.9949 0.0999
vn -0.0154 0.9949 0.0999
vn -0.1323 0.9911 -0.0175
vn -0.0441 0.9989 -0.0176
vn -0.0254 0.9997 0.0011
vn 0.0033 1.0000 0.0011
vn -0.0121 0.9998 -0.0143
vn -0.0857 0.9962 -0.0143
vn -0.0066 0.9979 0.0650
vn -0.0528 0.9965 0.0649
vn -0.0913 0.9955 0.0264
vn 0.0835 0.9962 0.0264
vn 0.0529 0.9986 -0.0044
vn -0.0210 0.9998 -0.0044
vn -0.0055 0.9999 0.0110
vn 0.0363 0.9979 0.0529
vn 0.0022 0.9986 0.0529
vn -0.0880 0.9954 -0.0373
vn -0.0320 0.9988 -0.0375
vn -0.0572 0.9964 -0.0627
vn 0.0265 0.9977 -0.0628
vn 0.0044 0.9964 -0.0847
vn 0.0242 0.9961 -0.0846
vn 0.1118 0.9937 0.0033
vn 0.0770 0.9970 0.0033
vn 0.0934 0.9954 0.0198
vn 0.0155 0.9997 0.0199
vn -0.1081 0.9887 -0.1036
vn 0.0449 0.9935 -0.1041
vn 0.1874 0.9815 0.0401
vn 0.0033 0.9992 0.0408
vn 0.0243 0.9978 0.0617
vn 0.0132 0.9980 0.0617
vn -0.0933 0.9946 -0.0450
vn 0.0143 0.9982 -0.0584
vn 0.0922 0.9940 -0.0581
vn 0.1238 0.9920 -0.0263
vn 0.0011 0.9996 -0.0265
vn -0.1065 0.9853 -0.1337
vn 0.0623 0.9890 -0.1342
vn 0.1050 0.9902 -0.0918
vn -0.0165 0.9956 -0.0923
vn -0.0022 0.9969 -0.0781
vn -0.0440 0.9960 -0.0780
vn -0.0831 0.9897 -0.1169
vn -0.0197 0.9929 -0.1172
vn 0.0693 0.9972 -0.0286
vn -0.0912 0.9950 0.0395
vn 0.0132 0.9991 0.0397
vn 0.0341 0.9976 0.0605
vn 0.0165 0.9980 0.0606
vn -0.1413 0.9851 -0.0978
vn -0.1093 0.9891 -0.0982
vn -0.0639 0.9966 -0.0528
vn 0.0088 0.9986 -0.0529
vn 0.0868 0.9959 0.0253
vn -0.1281 0.9914 0.0252
vn -0.1411 0.9899 0.0120
vn 0.0977 0.9951 0.0121
vn 0.0770 0.9970 -0.0088
vn -0.0055 0.9999 -0.0088
vn -0.1165 0.9859 -0.1197
vn -0.0372 0.9920 -0.1204
vn 0.1010 0.9947 0.0176
vn 0.0276 0.9995 0.0176
vn 0.0165 0.9998 0.0066
vn 0.0199 0.9998 0.0066
vn 0.0210 0.9997 0.0077
vn 0.0066 0.9999 0.0077
vn -0.0110 0.9999 -0.0099
vn 0.0699 0.9891 0.1299
vn 0.0991 0.9866 0.1296
vn 0.0703 0.9948 0.0735
vn 0.0408 0.9982 0.0441
vn 0.0448 0.9908 0.1279
vn 0.1034 0.9865 0.1274
vn -0.1071 0.9908 -0.0831
vn 0.1320 0.9878 -0.0828
vn 0.1472 0.9868 -0.0675
vn -0.0866 0.9939 -0.0680
vn -0.0331 0.9993 -0.0143
vn -0.0176 0.9961 -0.0868
vn -0.0854 0.9926 -0.0865
vn 0.0768 0.9942 0.0757
vn 0.0987 0.9922 0.0755
vn -0.1257 0.9809 -0.1483
vn -0.1245 0.9811 -0.1483
vn 0.0485 0.9988 0.0088
vn 0.0617 0.9978 0.0220
vn -0.0485 0.9986 0.0220
vn -0.1532 0.9846 -0.0837
vn -0.0198 0.9976 -0.0661
vn 0.0704 0.9961 0.0539
vn -0.1450 0.9880 0.0535
vn -0.0403 0.9866 0.1580
vn 0.0686 0.9851 0.1578
vn -0.0187 0.9973 0.0716
vn 0.0714 0.9949 0.0714
vn -0.0121 0.9999 -0.0122
vn -0.0760 0.9970 -0.0121
vn 0.0828 0.9858 0.1459
vn 0.0988 0.9844 0.1457
vn -0.1148 0.9911 -0.0679
vn -0.0275 0.9973 -0.0683
vn 0.1266 0.9882 0.0862
vn -0.0242 0.9959 0.0869
vn -0.0813 0.9962 0.0297
vn 0.0770 0.9966 0.0297
vn 0.0441 0.9990 -0.0033
vn -0.0000 1.0000 -0.0033
vn 0.0011 1.0000 -0.0022
vn 0.1043 0.9945 -0.0022
vn 0.0385 0.9969 -0.0683
vn -0.0363 0.9970 -0.0683
vn -0.0265 0.9979 -0.0584
vn 0.0385 0.9975 -0.0584
vn -0.0055 0.9947 -0.1022
vn 0.0044 0.9948 -0.1022
vn 0.0077 0.9951 -0.0989
vn -0.0198 0.9949 -0.0989
vn 0.0803 0.9968 0.0011
vn 0.0934 0.9956 0.0011
vn 0.0836 0.9965 -0.0088
vn -0.0858 0.9963 -0.0088
vn -0.0705 0.9975 0.0066
vn 0.0408 0.9991 0.0066
vn -0.0926 0.9876 -0.1266
vn 0.0121 0.9918 -0.1271
vn -0.0000 0.9903 -0.1389
vn -0.1311 0.9818 -0.1377
vn 0.0973 0.9911 0.0909
vn -0.0253 0.9955 0.0913
vn -0.0770 0.9962 0.0396
vn -0.0121 0.9991 0.0397
vn -0.0496 0.9988 0.0022
vn -0.0066 1.0000 0.0022
vn -0.0342 0.9991 -0.0254
vn -0.0913 0.9955 -0.0253
vn 0.0752 0.9872 0.1407
vn 0.0524 0.9886 0.1409
vn -0.1418 0.9884 -0.0535
vn -0.0055 0.9985 -0.0541
vn 0.0342 0.9993 -0.0144
vn 0.0364 0.9992 -0.0144
vn -0.0395 0.9951 -0.0901
vn -0.0877 0.9921 -0.0899
vn 0.0682 0.9955 0.0660
vn -0.0572 0.9962 0.0660
vn -0.0583 0.9962 0.0649
vn 0.0044 0.9979 0.0650
vn 0.1082 0.9799 0.1678
vn 0.1103 0.9796 0.1677
vn -0.0759 0.9970 -0.0176
vn 0.0934 0.9955 -0.0176
vn 0.0209 0.9957 -0.0902
vn -0.1083 0.9901 -0.0897
vn 0.1216 0.9827 0.1400
vn 0.1857 0.9728 0.1386
vn -0.0656 0.9913 -0.1139
vn 0.0241 0.9932 -0.1141
vn 0.0638 0.9952 -0.0748
vn -0.0931 0.9929 -0.0746
vn -0.0353 0.9992 -0.0166
vn 0.0143 0.9998 -0.0166
vn -0.0231 0.9983 -0.0540
vn 0.1237 0.9909 -0.0536
vn 0.0800 0.9920 -0.0975
vn -0.1070 0.9895 -0.0973
vn 0.0165 0.9995 0.0265
vn 0.1054 0.9941 0.0264
vn -0.0022 0.9997 -0.0243
vn -0.0885 0.9899 -0.1105
vn -0.0832 0.9904 -0.1105
vn 0.0683 0.9968 0.0407
vn 0.0693 0.9968 0.0407
vn -0.0088 0.9993 -0.0375
vn -0.1086 0.9926 -0.0548
vn 0.0341 0.9979 -0.0551
vn 0.0165 0.9972 -0.0727
vn -0.1416 0.9873 -0.0720
vn -0.0011 0.9976 0.0694
vn -0.0638 0.9956 0.0693
vn -0.0352 0.9946 0.0978
vn 0.0864 0.9915 0.0975
vn -0.0920 0.9924 -0.0811
vn -0.1406 0.9868 -0.0807
vn -0.0309 0.9991 0.0298
vn 0.0868 0.9954 0.0396
vn -0.1173 0.9923 0.0395
vn -0.0263 0.9911 0.1303
vn 0.1001 0.9865 0.1297
vn -0.0518 0.9984 -0.0221
vn 0.0165 0.9996 -0.0221
vn -0.0055 0.9990 -0.0441
vn 0.0210 0.9988 -0.0441
vn 0.0793 0.9967 0.0143
vn -0.0110 0.9998 0.0144
vn 0.0319 0.9978 0.0573
vn 0.0704 0.9959 0.0572
vn -0.0506 0.9967 -0.0639
vn 0.0429 0.9970 -0.0639
vn 0.0396 0.9970 -0.0672
vn 0.0407 0.9969 -0.0672
vn 0.0242 0.9962 -0.0836
vn 0.0450 0.9955 -0.0836
vn 0.0472 0.9956 -0.0814
vn -0.1072 0.9909 -0.0810
vn 0.0614 0.9942 0.0879
vn 0.1469 0.9853 0.0871
vn -0.0000 0.9982 -0.0606
vn -0.0330 0.9976 -0.0606
vn 0.0562 0.9980 0.0287
vn -0.0177 0.9994 0.0287
vn -0.0628 0.9979 -0.0165
vn 0.0770 0.9969 -0.0165
vn -0.0230 0.9930 -0.1163
vn -0.1263 0.9853 -0.1154
vn 0.0055 0.9998 0.0166
vn 0.0331 0.9993 0.0166
vn 0.0638 0.9968 0.0474
vn 0.0617 0.9970 0.0474
vn -0.1435 0.9770 -0.1576
vn -0.1518 0.9758 -0.1574
vn 0.1250 0.9849 0.1197
vn -0.0198 0.9956 0.0912
vn -0.0385 0.9966 0.0726
vn 0.0703 0.9949 0.0725
vn -0.0133 0.9999 -0.0110
vn -0.0408 0.9991 -0.0110
vn -0.0188 0.9994 0.0276
vn 0.0701 0.9908 0.1159
vn -0.0121 0.9932 0.1162
vn -0.0780 0.9957 0.0505
vn 0.0836 0.9952 0.0505
vn -0.0766 0.9910 -0.1094
vn -0.1144 0.9874 -0.1090
vn 0.0972 0.9900 0.1027
vn 0.1264 0.9867 0.1023
vn -0.0670 0.9936 -0.0910
vn -0.0810 0.9926 -0.0909
vn -0.0143 0.9996 -0.0243
vn 0.0441 0.9987 -0.0242
vn 0.0474 0.9987 -0.0209
vn 0.0011 0.9998 -0.0210
vn 0.0824 0.9948 0.0604
vn 0.0385 0.9974 0.0605
vn -0.0022 0.9998 0.0199
vn -0.0265 0.9995 0.0199
vn -0.0869 0.9954 -0.0406
vn -0.0055 0.9992 -0.0408
vn 0.0584 0.9980 0.0231
vn 0.0077 0.9997 0.0232
vn 0.0485 0.9968 0.0638
vn 0.0801 0.9947 0.0637
vn -0.0648 0.9946 -0.0812
vn 0.0833 0.9932 -0.0811
vn 0.0405 0.9915 -0.1236
vn -0.0700 0.9899 -0.1234
vn -0.0374 0.9951 -0.0911
vn -0.0930 0.9915 -0.0908
vn 0.0822 0.9930 0.0844
vn -0.0000 0.9964 0.0847
vn 0.0110 0.9954 0.0956
vn 0.0973 0.9907 0.0951
vn -0.0044 1.0000 -0.0066
vn -0.0771 0.9970 -0.0066
vn -0.0496 0.9984 0.0286
vn 0.0318 0.9935 0.1096
vn -0.0340 0.9934 0.1096
vn -0.0615 0.9947 0.0823
vn 0.0757 0.9937 0.0822
vn 0.0088 0.9998 0.0154
vn -0.1420 0.9898 0.0153
vn -0.0339 0.9917 0.1237
vn 0.0340 0.9917 0.1237
vn 0.0351 0.9916 0.1247
vn -0.0394 0.9914 0.1247
vn -0.0427 0.9917 0.1215
vn 0.0678 0.9903 0.1213
vn 0.0754 0.9888 0.1287
vn -0.0579 0.9900 0.1289
vn -0.0513 0.9895 0.1354
vn 0.1088 0.9849 0.1348
vn -0.0022 0.9997 0.0243
vn -0.0759 0.9968 0.0242
vn 0.0044 0.9945 0.1043
vn 0.0208 0.9943 0.1042
vn -0.0573 0.9980 0.0264
vn 0.1227 0.9921 0.0263
vn 0.0463 0.9976 -0.0506
vn -0.0660 0.9965 -0.0506
vn 0.0451 0.9971 0.0605
vn -0.0350 0.9921 -0.1204
vn 0.1258 0.9912 0.0405
vn -0.0452 0.9988 0.0187
vn 0.0804 0.9966 0.0187
vn -0.0088 0.9975 -0.0704
vn 0.0165 0.9974 -0.0704
vn 0.0132 0.9972 -0.0737
vn 0.0550 0.9958 -0.0736
vn 0.0385 0.9952 -0.0900
vn -0.0887 0.9920 -0.0898
vn -0.0000 1.0000 -0.0011
vn 0.0683 0.9977 -0.0011
vn -0.0088 0.9999 -0.0143
vn -0.0397 0.9982 -0.0452
vn -0.1086 0.9931 -0.0449
vn -0.0243 0.9989 0.0397
vn 0.0165 0.9991 0.0397
vn -0.0780 0.9954 -0.0549
vn -0.0011 0.9985 -0.0551
vn -0.0384 0.9950 -0.0922
vn -0.0352 0.9951 -0.0922
vn -0.0165 0.9971 -0.0737
vn -0.0920 0.9930 -0.0734
vn 0.1204 0.9830 0.1388
vn -0.0306 0.9897 0.1398
vn 0.0174 0.9823 0.1864
vn 0.0853 0.9789 0.1858
vn -0.0605 0.9973 0.0418
vn -0.0265 0.9988 0.0419
vn 0.0033 0.9974 0.0715
vn -0.0517 0.9961 0.0714
vn -0.0374 0.9956 0.0857
vn -0.0055 0.9963 0.0858
vn 0.0285 0.9924 0.1194
vn 0.0787 0.9898 0.1190
vn -0.0584 0.9981 -0.0176
vn 0.0320 0.9993 -0.0176
vn -0.0507 0.9979 -0.0407
vn 0.0199 0.9994 0.0298
vn 0.0397 0.9988 0.0298
vn 0.0539 0.9976 0.0440
vn 0.0243 0.9987 0.0441
vn -0.0144 0.9999 0.0055
vn 0.0474 0.9989 0.0055
vn 0.0748 0.9967 0.0330
vn 0.0616 0.9976 0.0330
vn -0.1296 0.9789 -0.1577
vn -0.0000 0.9873 -0.1591
vn 0.0263 0.9907 -0.1334
vn 0.0557 0.9895 -0.1332
vn 0.1224 0.9902 -0.0667
vn -0.0627 0.9958 -0.0670
vn 0.0221 0.9996 0.0176
vn -0.0232 0.9996 0.0176
vn -0.1496 0.9827 -0.1095
vn 0.0055 0.9938 -0.1108
vn 0.0528 0.9966 -0.0638
vn 0.0637 0.9959 -0.0637
vn 0.0955 0.9949 -0.0318
vn -0.1453 0.9889 -0.0316
vn -0.1527 0.9875 -0.0392
vn 0.1258 0.9913 -0.0394
vn 0.0833 0.9931 -0.0822
vn -0.0386 0.9991 -0.0166
vn 0.0407 0.9972 0.0628
vn -0.0132 0.9979 0.0628
vn 0.0220 0.9950 0.0978
vn -0.0022 0.9952 0.0978
vn -0.1172 0.9929 -0.0176
vn 0.0705 0.9974 -0.0176
vn 0.0463 0.9980 -0.0419
vn -0.0780 0.9961 -0.0418
vn -0.0221 0.9997 0.0144
vn -0.0771 0.9969 0.0143
vn 0.0154 0.9942 0.1065
vn 0.0972 0.9896 0.1060
vn 0.0287 0.9989 0.0375
vn -0.0672 0.9970 0.0374
vn 0.0022 0.9943 0.1065
vn -0.0143 0.9942 0.1065
vn -0.0220 0.9949 0.0989
vn 0.0472 0.9940 0.0988
vn -0.0232 0.9993 0.0287
vn 0.0825 0.9962 0.0286
vn 0.0530 0.9986 -0.0011
vn -0.0022 1.0000 -0.0011
vn -0.1228 0.9849 -0.1219
vn -0.0863 0.9887 -0.1223
vn 0.1497 0.9821 0.1139
vn 0.0580 0.9917 0.1150
vn -0.0375 0.9991 0.0199
vn 0.0485 0.9986 0.0199
vn -0.0756 0.9917 -0.1041
vn -0.0646 0.9925 -0.1042
vn 0.0954 0.9939 0.0560
vn 0.0407 0.9976 0.0562
vn -0.0703 0.9960 -0.0550
vn -0.0375 0.9978 -0.0551
vn 0.0419 0.9988 0.0243
vn 0.0386 0.9991 -0.0199
vn 0.0110 0.9997 -0.0199
vn -0.1534 0.9710 -0.1834
vn -0.0043 0.9826 -0.1856
vn 0.0185 0.9864 -0.1635
vn -0.0414 0.9857 -0.1633
vn 0.0341 0.9954 -0.0891
vn 0.0319 0.9955 -0.0891
vn 0.0725 0.9962 -0.0484
vn -0.0616 0.9969 -0.0485
vn -0.0221 0.9997 -0.0088
vn 0.0088 0.9999 -0.0088
vn -0.0254 0.9988 -0.0430
vn -0.0342 0.9985 -0.0430
vn 0.1155 0.9875 0.1069
vn 0.0351 0.9936 0.1076
vn -0.1226 0.9912 -0.0504
vn -0.0429 0.9978 -0.0507
vn 0.1038 0.9899 0.0962
vn 0.0757 0.9925 0.0965
vn -0.0517 0.9977 0.0441
vn -0.1075 0.9941 -0.0121
vn -0.0188 0.9994 -0.0287
vn 0.0044 0.9996 -0.0287
vn 0.0132 0.9997 -0.0199
vn -0.0573 0.9982 -0.0198
vn 0.0461 0.9928 0.1108
vn -0.1258 0.9902 -0.0613
vn 0.0451 0.9971 -0.0617
vn 0.0495 0.9971 -0.0573
vn -0.1172 0.9915 -0.0570
vn 0.1257 0.9907 0.0514
vn 0.0110 0.9979 -0.0639
vn -0.0451 0.9969 -0.0639
vn 0.0375 0.9991 0.0188
vn -0.0088 0.9998 0.0188
vn 0.0243 0.9984 0.0518
vn 0.0132 0.9986 0.0518
vn -0.1527 0.9816 -0.1149
vn 0.0384 0.9925 -0.1162
vn 0.1097 0.9929 -0.0450
vn -0.0000 0.9990 -0.0452
vn -0.0700 0.9909 -0.1149
vn 0.0548 0.9918 -0.1150
vn 0.1031 0.9924 -0.0669
vn -0.0396 0.9970 -0.0672
vn -0.1150 0.9831 -0.1423
vn -0.0240 0.9894 -0.1432
vn 0.1228 0.9924 0.0033
vn -0.0781 0.9969 0.0033
vn -0.0737 0.9972 0.0077
vn -0.0386 0.9992 0.0077
vn 0.0893 0.9868 0.1352
vn -0.0164 0.9906 0.1357
vn -0.0988 0.9937 0.0538
vn 0.1214 0.9912 0.0537
vn 0.0055 0.9980 -0.0628
vn 0.0176 0.9979 -0.0628
vn 0.0022 0.9969 -0.0782
vn -0.0604 0.9951 -0.0781
vn 0.0033 0.9995 -0.0309
vn 0.1212 0.9888 0.0874
vn -0.0373 0.9954 0.0880
vn -0.1031 0.9944 0.0220
vn 0.0287 0.9993 0.0221
vn 0.0495 0.9978 0.0430
vn -0.0584 0.9974 0.0430
vn 0.0876 0.9785 0.1870
vn 0.0087 0.9822 0.1877
vn -0.0623 0.9910 0.1182
vn 0.0197 0.9928 0.1184
vn 0.0044 0.9946 0.1033
vn 0.0537 0.9932 0.1031
vn 0.0428 0.9948 0.0923
vn -0.0143 0.9956 0.0924
vn -0.1335 0.9907 -0.0274
vn 0.0748 0.9968 -0.0275
vn 0.0253 0.9967 -0.0771
vn -0.1309 0.9884 -0.0764
vn 0.0253 0.9964 0.0804
vn 0.0264 0.9964 0.0804
vn 0.1225 0.9910 0.0547
vn -0.0449 0.9926 -0.1129
vn 0.0219 0.9933 -0.1130
vn 0.0241 0.9935 -0.1109
vn -0.1496 0.9826 -0.1096
vn -0.0331 0.9994 0.0077
vn 0.0530 0.9986 0.0077
vn -0.0286 0.9969 -0.0738
vn 0.0953 0.9927 -0.0735
vn -0.0238 0.9813 -0.1908
vn -0.1501 0.9705 -0.1887
vn 0.0188 0.9996 -0.0210
vn 0.0836 0.9963 -0.0209
vn 0.0407 0.9963 0.0759
vn -0.0176 0.9997 0.0176
vn -0.0077 0.9999 -0.0121
vn -0.1172 0.9930 -0.0121
vn 0.0895 0.9771 0.1930
vn 0.0455 0.9800 0.1936
vn 0.0044 0.9881 0.1537
vn -0.0218 0.9879 0.1537
vn 0.0065 0.9834 0.1812
vn 0.0152 0.9833 0.1812
vn -0.0680 0.9927 0.0997
vn 0.0285 0.9946 0.0999
vn -0.0364 0.9987 0.0353
vn 0.0022 0.9994 0.0353
vn 0.0254 0.9980 0.0584
vn -0.0220 0.9981 0.0584
vn -0.0825 0.9966 -0.0022
vn -0.0232 0.9997 -0.0022
vn -0.0276 0.9996 -0.0066
vn 0.0530 0.9986 -0.0066
vn -0.0764 0.9879 -0.1352
vn -0.1226 0.9833 -0.1345
vn 0.0561 0.9975 0.0440
vn 0.1506 0.9876 0.0436
vn -0.0393 0.9885 -0.1462
vn -0.0371 0.9886 -0.1462
vn 0.0846 0.9961 -0.0253
vn -0.0760 0.9968 -0.0253
vn -0.1042 0.9931 -0.0537
vn 0.0954 0.9940 -0.0537
vn -0.0422 0.9810 -0.1894
vn -0.0692 0.9795 -0.1891
vn 0.0758 0.9961 -0.0462
vn 0.0419 0.9981 -0.0463
vn -0.0941 0.9791 -0.1804
vn 0.0380 0.9827 -0.1811
vn 0.1035 0.9878 -0.1166
vn -0.1550 0.9811 -0.1158
vn 0.0451 0.9954 0.0846
vn 0.0187 0.9962 0.0846
vn -0.0518 0.9986 0.0143
vn 0.0342 0.9993 0.0143
vn 0.0562 0.9978 0.0363
vn 0.0726 0.9967 0.0363
vn -0.0165 0.9985 -0.0529
vn -0.0220 0.9984 -0.0529
vn 0.0856 0.9948 0.0549
vn -0.0254 0.9982 0.0551
vn 0.0783 0.9844 0.1575
vn 0.1147 0.9809 0.1569
vn -0.0606 0.9980 -0.0176
vn -0.1228 0.9923 -0.0175
vn 0.0219 0.9917 0.1269
vn 0.1034 0.9866 0.1263
vn 0.0809 0.9913 0.1039
vn 0.0231 0.9943 0.1042
vn -0.1065 0.9940 -0.0252
vn -0.1075 0.9939 -0.0252
vn 0.0664 0.9867 0.1481
vn -0.0186 0.9888 0.1484
vn -0.1205 0.9916 0.0470
vn 0.0132 0.9988 0.0474
vn 0.0363 0.9969 0.0704
vn 0.0735 0.9948 0.0703
vn -0.0886 0.9918 -0.0919
vn -0.1255 0.9879 -0.0916
vn 0.0320 0.9973 0.0660
vn 0.0495 0.9966 0.0660
vn 0.0220 0.9990 0.0386
vn -0.0694 0.9973 -0.0220
vn 0.0110 0.9997 -0.0221
vn 0.0737 0.9965 0.0407
vn 0.0375 0.9985 0.0408
vn -0.1091 0.9884 -0.1058
vn 0.0242 0.9940 -0.1064
vn 0.0682 0.9957 -0.0626
vn -0.1534 0.9862 -0.0620
vn -0.0099 0.9965 0.0825
vn 0.1094 0.9906 0.0820
vn -0.0143 0.9990 -0.0419
vn -0.0704 0.9966 -0.0418
vn 0.0374 0.9971 0.0660
vn 0.1031 0.9925 0.0657
vn -0.1139 0.9820 -0.1506
vn -0.1148 0.9819 -0.1506
vn 0.0835 0.9954 0.0472
vn 0.1227 0.9913 0.0470
vn -0.0731 0.9888 -0.1298
vn 0.1593 0.9819 0.1029
vn 0.0896 0.9905 0.1038
vn -0.0952 0.9922 -0.0810
vn -0.0986 0.9918 -0.0810
vn 0.0088 0.9996 0.0265
vn 0.0055 0.9996 0.0265
vn 0.0853 0.9907 0.1060
vn 0.0022 0.9943 0.1064
vn -0.0386 0.9971 0.0660
vn -0.0132 0.9977 0.0661
vn -0.0308 0.9983 0.0485
vn 0.1216 0.9914 0.0481
vn 0.1140 0.9926 0.0405
vn -0.1031 0.9938 0.0406
vn -0.0263 0.9928 0.1172
vn 0.0493 0.9919 0.1171
vn -0.0430 0.9988 0.0253
vn 0.0891 0.9957 0.0253
vn -0.0628 0.9980 -0.0066
vn -0.1202 0.9906 -0.0645
vn 0.0044 0.9979 -0.0650
vn 0.0199 0.9986 -0.0496
vn 0.0429 0.9978 -0.0495
vn 0.0275 0.9975 -0.0649
vn -0.1333 0.9890 -0.0644
vn 0.0254 0.9995 -0.0199
vn 0.0386 0.9992 -0.0066
vn -0.0605 0.9958 -0.0681
vn -0.0451 0.9967 -0.0682
vn -0.0712 0.9930 -0.0942
vn -0.0120 0.9914 -0.1302
vn -0.0328 0.9910 -0.1301
vn 0.0011 0.9953 -0.0966
vn -0.0286 0.9949 -0.0966
vn 0.0485 0.9986 -0.0198
vn -0.0243 0.9995 -0.0199
vn 0.0188 0.9995 -0.0254
vn 0.1394 0.9856 0.0957
vn 0.0951 0.9908 0.0962
vn -0.0309 0.9991 -0.0298
vn -0.0175 0.9937 -0.1109
vn 0.1301 0.9908 0.0372
vn -0.0771 0.9965 -0.0319
vn 0.0912 0.9953 -0.0319
vn 0.1118 0.9937 -0.0110
vn 0.0044 0.9999 -0.0110
vn 0.0066 0.9994 -0.0331
vn -0.0418 0.9958 -0.0814
vn -0.0681 0.9944 -0.0813
vn 0.0011 0.9999 -0.0122
vn -0.0364 0.9993 -0.0121
vn 0.0680 0.9934 0.0922
vn 0.0253 0.9954 0.0924
vn -0.1108 0.9929 -0.0439
vn -0.0824 0.9956 -0.0440
vn -0.0276 0.9996 0.0033
vn -0.0671 0.9971 -0.0363
vn -0.0770 0.9964 -0.0363
vn 0.0593 0.9932 0.0998
vn 0.0559 0.9934 0.0999
vn -0.1094 0.9918 -0.0657
vn -0.0397 0.9970 -0.0661
vn 0.0846 0.9962 0.0220
vn 0.0231 0.9989 -0.0397
vn -0.1043 0.9938 -0.0395
vn -0.0639 0.9980 0.0011
vn -0.0430 0.9991 0.0011
vn 0.0759 0.9967 0.0297
vn 0.0496 0.9988 0.0033
vn -0.0957 0.9954 0.0033
vn -0.0978 0.9952 0.0011
vn 0.1043 0.9945 0.0011
vn 0.0165 0.9961 -0.0869
vn 0.0451 0.9952 -0.0869
vn -0.0197 0.9884 -0.1507
vn -0.0512 0.9873 -0.1505
vn 0.1577 0.9857 0.0588
vn 0.0562 0.9967 0.0595
vn 0.0540 0.9969 0.0573
vn -0.0165 0.9982 0.0573
vn -0.0540 0.9983 0.0199
vn 0.0857 0.9961 0.0198
vn 0.0661 0.9978 -0.0000
vn 0.0793 0.9969 -0.0000
vn 0.0342 0.9984 -0.0452
vn -0.0605 0.9971 -0.0452
vn 0.0473 0.9969 0.0628
vn 0.0220 0.9978 0.0628
vn -0.0781 0.9962 -0.0374
vn 0.0813 0.9960 -0.0374
vn 0.1032 0.9945 -0.0154
vn -0.1065 0.9942 -0.0154
vn 0.0667 0.9906 0.1193
vn -0.0430 0.9990 0.0099
vn -0.1206 0.9926 0.0099
vn 0.0044 0.9909 0.1346
vn 0.0361 0.9902 0.1346
vn -0.0888 0.9930 0.0779
vn -0.0602 0.9925 0.1064
vn 0.0318 0.9938 0.1065
vn -0.1216 0.9915 -0.0471
vn 0.0220 0.9986 -0.0474
vn -0.0022 0.9974 -0.0716
vn -0.0693 0.9950 -0.0715
vn 0.0736 0.9951 0.0660
vn -0.1095 0.9927 -0.0504
vn -0.0759 0.9970 -0.0165
vn 0.0683 0.9975 -0.0165
vn -0.0750 0.9845 -0.1588
vn -0.0098 0.9872 -0.1592
vn 0.1020 0.9936 -0.0483
vn -0.0143 0.9987 -0.0485
vn -0.1307 0.9777 -0.1642
vn 0.0370 0.9855 -0.1655
vn 0.0381 0.9857 -0.1644
vn -0.1137 0.9800 -0.1635
vn 0.0999 0.9938 0.0494
vn 0.0835 0.9953 0.0495
vn 0.0110 0.9997 -0.0232
vn -0.0551 0.9982 -0.0232
vn 0.0702 0.9923 0.1019
vn 0.1593 0.9821 0.1009
vn -0.0176 0.9969 -0.0771
vn -0.0953 0.9925 -0.0767
vn 0.0637 0.9946 0.0824
vn 0.0088 0.9965 0.0826
vn -0.0397 0.9986 0.0342
vn 0.0857 0.9957 0.0341
vn 0.0408 0.9991 -0.0110
vn -0.0386 0.9992 -0.0110
vn -0.0144 0.9998 0.0133
vn -0.0309 0.9994 0.0132
vn 0.0385 0.9958 0.0825
vn 0.1138 0.9901 0.0820
vn 0.0144 0.9997 -0.0177
vn -0.0265 0.9995 -0.0177
vn 0.0637 0.9953 0.0726
vn -0.0429 0.9964 0.0727
vn -0.0088 0.9943 0.1065
vn 0.0570 0.9927 0.1064
vn -0.0099 0.9992 0.0397
vn -0.1204 0.9919 0.0394
vn -0.0559 0.9930 0.1042
vn 0.0198 0.9943 0.1044
vn -0.0187 0.9976 0.0661
vn 0.0275 0.9974 0.0661
vn 0.0011 0.9992 0.0397
vn -0.0595 0.9974 0.0397
vn -0.1420 0.9889 -0.0437
vn -0.0044 0.9990 -0.0441
vn 0.0496 0.9987 0.0099
vn 0.0386 0.9992 0.0099
vn -0.1076 0.9849 -0.1360
vn -0.0601 0.9888 -0.1365
vn 0.0880 0.9961 0.0110
vn -0.0715 0.9974 0.0110
vn -0.0099 0.9973 0.0727
vn -0.0121 0.9973 0.0727
vn -0.1065 0.9941 -0.0220
vn 0.0011 0.9998 -0.0221
vn 0.0899 0.9937 0.0670
vn 0.0484 0.9966 0.0672
vn -0.1094 0.9899 -0.0908
vn -0.0297 0.9954 -0.0913
vn 0.1447 0.9859 0.0839
vn 0.1395 0.9867 0.0839
vn -0.0656 0.9904 -0.1214
vn -0.0307 0.9921 -0.1217
vn 0.0814 0.9966 -0.0099
vn 0.1292 0.9839 0.1238
vn -0.0770 0.9963 0.0385
vn 0.0778 0.9785 0.1911
vn 0.1098 0.9755 0.1905
vn -0.1021 0.9946 -0.0198
vn -0.0177 0.9996 -0.0199
vn 0.0888 0.9923 0.0865
vn -0.0417 0.9954 0.0868
vn -0.0648 0.9959 0.0637
vn 0.0011 0.9980 0.0639
vn -0.0011 0.9981 0.0617
vn 0.0681 0.9958 0.0615
vn -0.0746 0.9939 -0.0812
vn -0.1105 0.9906 -0.0809
vn 0.0440 0.9963 0.0737
vn -0.0352 0.9967 0.0737
vn -0.0814 0.9963 0.0275
vn -0.0671 0.9974 0.0275
vn 0.0595 0.9978 0.0275
vn 0.0110 0.9997 -0.0210
vn -0.1097 0.9938 -0.0208
vn 0.0110 0.9949 0.0999
vn -0.1203 0.9903 -0.0688
vn 0.0231 0.9973 -0.0693
vn -0.0143 0.9942 -0.1064
vn -0.0636 0.9923 -0.1062
vn -0.0143 0.9999 -0.0055
vn 0.0494 0.9947 -0.0900
vn 0.0296 0.9935 -0.1096
vn -0.0973 0.9893 -0.1092
vn -0.0670 0.9946 -0.0790
vn 0.0165 0.9967 -0.0792
vn 0.1660 0.9835 0.0716
vn -0.0198 0.9972 0.0726
vn -0.0176 0.9970 0.0748
vn 0.1576 0.9847 0.0739
vn -0.0197 0.9944 -0.1042
vn 0.0538 0.9931 -0.1041
vn 0.1645 0.9863 0.0076
vn -0.0540 0.9985 0.0077
vn -0.0683 0.9976 -0.0066
vn 0.0661 0.9978 -0.0066
vn 0.0375 0.9987 -0.0353
vn 0.0342 0.9988 -0.0353
vn 0.0419 0.9987 -0.0276
vn 0.0474 0.9985 -0.0275
vn 0.0364 0.9986 -0.0386
vn -0.0781 0.9962 -0.0385
vn 0.0549 0.9940 0.0943
vn 0.1027 0.9903 0.0940
vn 0.1006 0.9907 0.0918
vn 0.0286 0.9953 0.0923
vn -0.0463 0.9988 0.0176
vn -0.0430 0.9989 0.0176
vn -0.0803 0.9966 -0.0198
vn 0.0044 0.9998 -0.0199
vn -0.0088 0.9994 -0.0331
vn -0.0209 0.9992 -0.0331
vn -0.0605 0.9975 0.0352
vn -0.0693 0.9972 0.0264
vn -0.1217 0.9922 0.0263
vn -0.1238 0.9920 0.0241
vn 0.0788 0.9913 0.1050
vn 0.0680 0.9921 0.1051
vn -0.1916 0.9691 -0.1551
vn -0.0425 0.9866 -0.1578
vn -0.0055 0.9926 -0.1216
vn -0.0754 0.9898 -0.1212
vn 0.0243 0.9995 -0.0221
vn -0.0760 0.9969 -0.0220
vn 0.1020 0.9944 -0.0263
vn 0.0637 0.9959 -0.0648
vn -0.1322 0.9891 -0.0644
vn 0.0385 0.9974 -0.0616
vn 0.0966 0.9953 -0.0033
vn 0.1000 0.9950 -0.0033
vn 0.0044 0.9951 -0.0988
vn 0.0110 0.9950 -0.0988
vn 0.0682 0.9968 -0.0418
vn 0.0705 0.9966 -0.0418
vn 0.0110 0.9948 -0.1010
vn 0.0836 0.9965 -0.0000
vn 0.0639 0.9980 -0.0000
vn -0.0460 0.9929 -0.1096
vn -0.0395 0.9932 -0.1096
vn 0.0408 0.9985 0.0375
vn -0.0099 0.9999 -0.0132
vn 0.1208 0.9852 0.1218
vn 0.0383 0.9917 0.1226
vn 0.0197 0.9944 0.1042
vn 0.0143 0.9944 0.1042
vn -0.0826 0.9966 0.0077
vn 0.0639 0.9979 0.0077
vn 0.1213 0.9904 0.0656
vn -0.0088 0.9978 0.0661
vn -0.1268 0.9905 -0.0525
vn -0.0099 0.9986 -0.0529
vn 0.0144 0.9995 -0.0287
vn -0.0562 0.9980 -0.0286
vn 0.0110 0.9992 0.0386
vn -0.0188 0.9991 0.0386
vn 0.0044 0.9981 0.0617
vn 0.0011 0.9981 0.0617
vn -0.0737 0.9972 -0.0132
vn -0.1421 0.9898 -0.0131
vn -0.0671 0.9958 0.0626
vn 0.0495 0.9968 0.0627
vn -0.0243 0.9996 -0.0110
vn -0.1086 0.9940 -0.0110
vn -0.0934 0.9956 0.0044
vn 0.0880 0.9961 0.0044
vn -0.0503 0.9898 -0.1332
vn -0.0098 0.9910 -0.1334
vn -0.0456 0.9847 -0.1684
vn -0.1050 0.9802 -0.1677
vn 0.0364 0.9990 -0.0276
vn 0.0901 0.9956 -0.0275
vn 0.0418 0.9962 -0.0759
vn -0.1095 0.9911 -0.0755
vn -0.0901 0.9944 -0.0560
vn 0.1450 0.9879 -0.0556
vn 0.1568 0.9867 -0.0435
vn -0.0661 0.9968 -0.0440
vn -0.0868 0.9941 -0.0647
vn 0.0812 0.9946 -0.0648
vn 0.1516 0.9884 0.0065
vn 0.0441 0.9989 -0.0188
vn 0.0606 0.9982 -0.0022
vn 0.0793 0.9968 -0.0022
vn 0.0276 0.9982 -0.0540
vn -0.1019 0.9933 -0.0538
vn 0.1261 0.9767 0.1737
vn 0.0878 0.9807 0.1744
vn -0.0639 0.9977 0.0242
vn -0.0649 0.9976 0.0242
vn -0.0792 0.9968 0.0099
vn -0.0011 0.9999 0.0099
vn -0.0243 0.9996 -0.0133
vn -0.0748 0.9971 -0.0132
vn 0.0891 0.9846 0.1501
vn 0.0436 0.9876 0.1506
vn -0.0989 0.9951 0.0088
vn 0.0372 0.9912 0.1270
vn -0.0666 0.9897 0.1268
vn -0.1375 0.9889 0.0557
vn 0.0110 0.9984 0.0562
vn -0.1197 0.9853 -0.1219
vn -0.0866 0.9923 -0.0888
vn -0.0143 0.9959 -0.0891
vn 0.0825 0.9966 0.0077
vn -0.1360 0.9769 -0.1651
vn -0.0975 0.9813 -0.1659
vn 0.1268 0.9902 0.0580
vn 0.0297 0.9978 0.0584
vn -0.0834 0.9950 -0.0550
vn -0.0671 0.9962 -0.0550
vn 0.0276 0.9988 0.0397
vn 0.1663 0.9853 0.0392
vn -0.0011 0.9916 -0.1293
vn -0.0175 0.9915 -0.1292
vn -0.0033 0.9933 -0.1152
vn -0.0197 0.9931 -0.1152
vn 0.1514 0.9869 0.0567
vn 0.1643 0.9848 0.0566
vn -0.0088 0.9930 -0.1174
vn -0.0678 0.9908 -0.1171
vn 0.0955 0.9944 0.0461
vn 0.0375 0.9982 0.0463
vn 0.0033 0.9999 0.0122
vn 0.0419 0.9990 0.0121
vn 0.0254 0.9997 -0.0044
vn 0.1465 0.9835 0.1065
vn 0.0548 0.9927 0.1075
vn 0.0330 0.9958 0.0858
vn 0.1006 0.9913 0.0854
vn -0.0626 0.9950 -0.0780
vn -0.0462 0.9959 -0.0781
vn -0.0276 0.9978 -0.0595
vn -0.0802 0.9950 -0.0594
vn 0.0981 0.9880 0.1190
vn -0.0088 0.9928 0.1195
vn -0.0814 0.9956 0.0473
vn 0.0473 0.9978 0.0474
vn -0.0055 1.0000 -0.0055
vn -0.0693 0.9976 -0.0055
vn -0.0825 0.9964 -0.0187
vn -0.1239 0.9921 -0.0186
vn -0.0022 0.9946 0.1033
vn 0.0788 0.9916 0.1030
vn -0.1566 0.9787 -0.1330
vn -0.1923 0.9724 -0.1321
vn -0.0000 0.9981 0.0617
vn -0.0055 0.9981 0.0617
vn -0.0803 0.9967 -0.0132
vn 0.0011 0.9993 -0.0364
vn -0.0803 0.9961 -0.0363
vn -0.0912 0.9947 -0.0473
vn 0.0638 0.9968 -0.0474
vn 0.1053 0.9944 -0.0055
vn -0.1293 0.9916 -0.0055
vn -0.0506 0.9960 0.0737
vn 0.0964 0.9926 0.0735
vn -0.0766 0.9921 -0.0997
vn 0.0044 0.9950 -0.1000
vn 0.0880 0.9960 -0.0165
vn 0.0682 0.9975 -0.0165
vn -0.0318 0.9927 -0.1162
vn 0.0110 0.9932 -0.1163
vn 0.0803 0.9956 -0.0473
vn 0.0835 0.9954 -0.0473
vn 0.1248 0.9922 -0.0055
vn 0.0099 0.9987 0.0507
vn 0.1075 0.9929 0.0505
vn 0.0397 0.9991 -0.0177
vn -0.0099 0.9998 -0.0177
vn 0.1217 0.9925 0.0110
vn 0.1892 0.9787 0.0800
vn 0.0198 0.9965 0.0815
vn -0.0143 0.9988 0.0474
vn -0.0825 0.9955 0.0473
vn -0.0154 0.9933 0.1141
vn 0.1208 0.9862 0.1133
vn -0.0637 0.9954 -0.0715
vn -0.1266 0.9894 -0.0710
vn 0.0110 0.9977 0.0672
vn 0.0143 0.9976 0.0672
vn 0.0635 0.9912 0.1161
vn 0.0110 0.9932 0.1163
vn -0.1118 0.9937 -0.0066
vn 0.0044 1.0000 -0.0066
vn -0.1037 0.9880 -0.1146
vn -0.0732 0.9907 -0.1149
vn -0.0121 0.9985 -0.0540
vn -0.0671 0.9963 -0.0539
vn 0.0077 0.9997 0.0210
vn -0.0243 0.9995 0.0210
vn -0.1361 0.9865 -0.0915
vn -0.0930 0.9914 -0.0920
vn -0.0508 0.9987 -0.0033
vn -0.0782 0.9965 -0.0308
vn -0.0463 0.9985 -0.0309
vn 0.0363 0.9980 0.0518
vn 0.0364 0.9980 0.0518
vn -0.0889 0.9933 -0.0735
vn 0.0418 0.9964 -0.0738
vn 0.0132 0.9947 -0.1022
vn -0.0897 0.9907 -0.1018
vn 0.0177 0.9998 0.0055
vn 0.1569 0.9876 0.0055
vn 0.0372 0.9927 -0.1151
vn -0.0864 0.9896 -0.1148
vn 0.0672 0.9970 0.0385
vn 0.1515 0.9877 0.0382
vn 0.0198 0.9953 -0.0946
vn 0.0605 0.9976 0.0330
vn -0.0121 0.9991 -0.0397
vn 0.0276 0.9988 -0.0397
vn 0.0880 0.9959 0.0209
vn 0.1280 0.9916 0.0208
vn -0.0121 0.9928 -0.1194
vn -0.0635 0.9908 -0.1192
vn 0.0364 0.9991 -0.0198
vn -0.0792 0.9967 -0.0198
vn 0.0088 0.9976 0.0683
vn -0.0242 0.9974 0.0682
vn -0.0033 0.9960 0.0890
vn 0.0898 0.9920 0.0887
vn 0.0298 0.9991 0.0287
vn -0.0989 0.9947 0.0285
vn -0.0154 0.9936 0.1118
vn 0.0373 0.9930 0.1118
vn -0.2212 0.9638 -0.1489
vn -0.1361 0.9791 -0.1513
vn -0.0672 0.9977 -0.0099
vn -0.0847 0.9960 -0.0275
vn -0.0901 0.9956 -0.0275
vn -0.0704 0.9975 -0.0077
vn -0.0869 0.9962 -0.0077
vn -0.0187 0.9980 0.0606
vn 0.0823 0.9948 0.0604
vn 0.0254 0.9997 0.0033
vn -0.1379 0.9904 0.0033
vn 0.1266 0.9889 0.0775
vn -0.0209 0.9973 -0.0704
vn -0.0834 0.9940 -0.0702
vn -0.0931 0.9924 -0.0799
vn 0.0275 0.9964 -0.0803
vn 0.0957 0.9953 -0.0121
vn -0.0011 0.9999 -0.0121
vn 0.1017 0.9907 0.0907
vn -0.0033 0.9958 0.0912
vn -0.0397 0.9977 0.0550
vn 0.1514 0.9870 0.0545
vn 0.1355 0.9900 0.0382
vn 0.0330 0.9962 0.0802
vn 0.0953 0.9922 0.0799
vn 0.0154 0.9999 -0.0000
vn 0.0033 1.0000 -0.0000
vn 0.1375 0.9814 0.1343
vn 0.0252 0.9905 0.1355
vn 0.0469 0.9865 0.1568
vn 0.1456 0.9771 0.1553
vn -0.0866 0.9933 -0.0767
vn 0.0330 0.9965 -0.0770
vn 0.0957 0.9953 -0.0143
vn -0.0628 0.9979 -0.0143
vn 0.0231 0.9972 0.0715
vn -0.0275 0.9971 0.0715
vn 0.0317 0.9910 0.1301
vn 0.0980 0.9867 0.1296
vn -0.0143 0.9997 0.0177
vn -0.0880 0.9961 0.0110
vn 0.0275 0.9986 0.0441
vn -0.0824 0.9956 0.0439
vn -0.1830 0.9814 -0.0585
vn -0.0022 0.9982 -0.0595
vn 0.0463 0.9989 -0.0110
vn -0.1580 0.9874 -0.0109
vn -0.0845 0.9944 0.0636
vn -0.0000 0.9980 0.0639
vn -0.0232 0.9989 0.0408
vn -0.0802 0.9959 0.0407
vn -0.0660 0.9963 0.0550
vn 0.0011 0.9985 0.0551
vn -0.1404 0.9863 -0.0871
vn -0.0910 0.9920 -0.0876
vn 0.0155 0.9997 0.0188
vn 0.1053 0.9943 0.0187
vn 0.0573 0.9979 -0.0297
vn -0.0507 0.9983 -0.0297
vn -0.0529 0.9981 -0.0319
vn -0.0770 0.9965 -0.0319
vn 0.0352 0.9962 0.0802
vn 0.0878 0.9929 0.0800
vn -0.0638 0.9954 -0.0714
vn -0.0319 0.9969 -0.0715
vn 0.0110 0.9995 -0.0287
vn 0.0804 0.9964 -0.0286
vn 0.1367 0.9902 0.0284
vn 0.1248 0.9918 0.0285
vn 0.1387 0.9894 0.0426
vn 0.0397 0.9991 0.0132
vn 0.1443 0.9824 0.1182
vn 0.0186 0.9927 0.1194
vn 0.0512 0.9871 0.1514
vn 0.1877 0.9709 0.1489
vn -0.0176 0.9982 -0.0573
vn 0.0110 0.9994 -0.0320
vn -0.0155 0.9994 -0.0320
vn 0.1369 0.9832 0.1204
vn -0.0634 0.9906 0.1213
vn -0.1159 0.9909 0.0689
vn 0.0110 0.9975 0.0693
vn 0.0297 0.9957 0.0879
vn 0.0637 0.9941 0.0878
vn -0.1030 0.9916 -0.0788
vn -0.1115 0.9906 -0.0787
vn 0.0121 0.9989 0.0452
vn -0.1043 0.9935 0.0449
vn -0.1271 0.9917 0.0219
vn -0.0121 0.9997 0.0221
vn 0.0187 0.9984 0.0529
vn 0.0077 0.9986 0.0529
vn -0.0551 0.9984 -0.0099
vn -0.1366 0.9906 -0.0098
vn -0.0055 0.9926 0.1216
vn -0.0044 0.9926 0.1216
vn -0.2236 0.9695 -0.1006
vn -0.0778 0.9917 -0.1029
vn -0.0143 0.9991 -0.0397
vn 0.0364 0.9986 -0.0397
vn 0.0242 0.9984 -0.0518
vn -0.0890 0.9947 -0.0516
vn -0.0879 0.9948 -0.0505
vn -0.0198 0.9963 -0.0836
vn 0.0176 0.9963 -0.0836
vn 0.1271 0.9915 0.0263
vn 0.0375 0.9989 0.0265
vn -0.0517 0.9967 -0.0627
vn 0.0671 0.9958 -0.0626
vn 0.0198 0.9978 -0.0628
vn 0.1010 0.9947 0.0187
vn -0.0000 -0.0000 1.0000
vn -0.1119 -0.9888 -0.0989
vn -0.0273 -0.9753 -0.2194
vn 0.0768 -0.9812 -0.1770
vn 0.1246 -0.9922 -0.0000
vn 0.0768 -0.9812 0.1770
vn -0.0273 -0.9753 0.2194
vn -0.1119 -0.9888 0.0989
vn -0.4950 -0.7506 -0.4378
vn -0.4950 -0.7504 -0.4380
vn -0.0984 -0.6035 -0.7912
vn -0.0983 -0.6034 -0.7914
vn 0.2999 -0.6571 -0.6916
vn 0.3002 -0.6567 -0.6918
vn 0.5912 -0.8065 -0.0000
vn 0.3001 -0.6566 0.6920
vn 0.3001 -0.6571 0.6915
vn -0.0984 -0.6034 0.7914
vn -0.0983 -0.6035 0.7913
vn -0.4951 -0.7504 0.4379
vn -0.4949 -0.7505 0.4379
vn -0.4949 0.7505 -0.4379
vn -0.4951 0.7504 -0.4379
vn -0.0983 0.6035 -0.7913
vn -0.0984 0.6034 -0.7914
vn 0.3001 0.6571 -0.6915
vn 0.3001 0.6566 -0.6920
vn 0.5912 0.8065 -0.0000
vn 0.3002 0.6567 0.6918
vn 0.2999 0.6571 0.6916
vn -0.0983 0.6034 0.7914
vn -0.0984 0.6035 0.7912
vn -0.4950 0.7504 0.4380
vn -0.4950 0.7506 0.4378
vn -0.1119 0.9888 -0.0989
vn -0.0273 0.9753 -0.2194
vn 0.0768 0.9812 -0.1770
vn 0.1246 0.9922 -0.0000
vn 0.0768 0.9812 0.1770
vn -0.0273 0.9753 0.2194
vn -0.1119 0.9888 0.0989
vn -0.1451 -0.9858 -0.0849
vn -0.0357 -0.9812 -0.1896
vn 0.1002 -0.9832 -0.1523
vn 0.1611 -0.9869 -0.0000
vn 0.1001 -0.9833 0.1521
vn -0.0357 -0.9813 0.1893
vn -0.1451 -0.9858 0.0848
vn -0.6092 -0.7083 -0.3567
vn -0.6089 -0.7088 -0.3561
vn -0.1396 -0.6567 -0.7411
vn -0.1395 -0.6564 -0.7414
vn 0.4039 -0.6781 -0.6140
vn 0.4033 -0.6786 -0.6138
vn 0.6902 -0.7236 -0.0000
vn 0.4036 -0.6788 0.6135
vn 0.4036 -0.6782 0.6142
vn -0.1397 -0.6564 0.7414
vn -0.1395 -0.6566 0.7412
vn -0.6091 -0.7088 0.3559
vn -0.6094 -0.7085 0.3559
vn -0.6083 0.7095 -0.3557
vn -0.6077 0.7100 -0.3558
vn -0.1393 0.6578 -0.7402
vn -0.1395 0.6576 -0.7403
vn 0.4030 0.6793 -0.6133
vn 0.4030 0.6799 -0.6126
vn 0.6890 0.7247 -0.0000
vn 0.4027 0.6798 0.6129
vn 0.4033 0.6793 0.6131
vn -0.1393 0.6576 0.7403
vn -0.1394 0.6579 0.7401
vn -0.6082 0.7099 0.3552
vn -0.6084 0.7096 0.3555
vn -0.1451 0.9858 -0.0849
vn -0.0357 0.9812 -0.1896
vn 0.1002 0.9832 -0.1523
vn 0.1611 0.9869 -0.0000
vn 0.1001 0.9833 0.1521
vn -0.0357 0.9813 0.1893
vn -0.1451 0.9858 0.0848
vn -0.1153 -0.9862 -0.1186
vn -0.0278 -0.9650 -0.2608
vn 0.0787 -0.9743 -0.2112
vn 0.1286 -0.9917 -0.0000
vn 0.0789 -0.9743 0.2111
vn -0.0280 -0.9650 0.2609
vn -0.1153 -0.9862 0.1188
vn -0.4872 -0.7150 -0.5014
vn -0.4872 -0.7148 -0.5017
vn -0.0897 -0.5339 -0.8408
vn -0.0898 -0.5341 -0.8406
vn 0.2806 -0.5954 -0.7528
vn 0.2813 -0.5946 -0.7532
vn 0.6036 -0.7973 -0.0000
vn 0.2812 -0.5958 0.7523
vn 0.2810 -0.5942 0.7536
vn -0.0905 -0.5325 0.8416
vn -0.0898 -0.5339 0.8408
vn -0.4869 -0.7147 0.5021
vn -0.4865 0.7158 -0.5010
vn -0.4867 0.7156 -0.5010
vn -0.0898 0.5348 -0.8402
vn -0.0897 0.5350 -0.8401
vn 0.2809 0.5963 -0.7520
vn 0.2807 0.5951 -0.7531
vn 0.6027 0.7980 -0.0000
vn 0.2805 0.5962 0.7522
vn 0.2813 0.5952 0.7528
vn -0.0898 0.5335 0.8410
vn -0.0903 0.5351 0.8399
vn -0.4864 0.7155 0.5015
vn -0.1153 0.9862 -0.1186
vn -0.0278 0.9650 -0.2608
vn 0.0787 0.9743 -0.2112
vn 0.1286 0.9917 -0.0000
vn 0.0789 0.9743 0.2111
vn -0.0280 0.9650 0.2609
vn -0.1153 0.9862 0.1188
vn -0.1441 -0.9827 -0.1160
vn -0.0351 -0.9661 -0.2559
vn 0.0989 -0.9734 -0.2066
vn 0.1607 -0.9870 -0.0000
vn 0.0989 -0.9734 0.2066
vn -0.0351 -0.9661 0.2559
vn -0.1441 -0.9827 0.1160
vn -0.5756 -0.6739 -0.4632
vn -0.1143 -0.5400 -0.8339
vn -0.1142 -0.5400 -0.8339
vn 0.3491 -0.5882 -0.7294
vn 0.3480 -0.5894 -0.7290
vn 0.6882 -0.7255 -0.0000
vn 0.3486 -0.5899 0.7284
vn 0.3484 -0.5883 0.7298
vn -0.1143 -0.5400 0.8339
vn -0.1142 -0.5400 0.8339
vn -0.5756 -0.6739 0.4632
vn -0.5756 0.6739 -0.4632
vn -0.1142 0.5400 -0.8339
vn -0.1143 0.5400 -0.8339
vn 0.3484 0.5883 -0.7298
vn 0.3486 0.5899 -0.7284
vn 0.6882 0.7255 -0.0000
vn 0.3480 0.5894 0.7290
vn 0.3491 0.5882 0.7294
vn -0.1142 0.5400 0.8339
vn -0.1143 0.5400 0.8339
vn -0.5756 0.6739 0.4632
vn -0.1441 0.9827 -0.1160
vn -0.0351 0.9661 -0.2559
vn 0.0989 0.9734 -0.2066
vn 0.1607 0.9870 -0.0000
vn 0.0989 0.9734 0.2066
vn -0.0351 0.9661 0.2559
vn -0.1441 0.9827 0.1160
vn -0.1523 -0.9790 -0.1353
vn -0.0367 -0.9545 -0.2960
vn 0.1039 -0.9652 -0.2402
vn 0.1702 -0.9854 -0.0000
vn 0.1039 -0.9652 0.2402
vn -0.0367 -0.9545 0.2960
vn -0.1523 -0.9790 0.1353
vn -0.5767 -0.6365 -0.5122
vn -0.5765 -0.6374 -0.5111
vn -0.1078 -0.4817 -0.8697
vn -0.1075 -0.4808 -0.8702
vn 0.3356 -0.5347 -0.7756
vn 0.3349 -0.5355 -0.7753
vn 0.7084 -0.7058 -0.0000
vn 0.3353 -0.5358 0.7749
vn 0.3353 -0.5360 0.7747
vn -0.1077 -0.4823 0.8693
vn -0.1080 -0.4818 0.8696
vn -0.5761 -0.6374 0.5117
vn -0.5769 -0.6368 0.5115
vn -0.5769 0.6368 -0.5115
vn -0.5761 0.6374 -0.5117
vn -0.1074 0.4815 -0.8698
vn -0.1079 0.4807 -0.8702
vn 0.3351 0.5347 -0.7758
vn 0.3353 0.5358 -0.7749
vn 0.7084 0.7058 -0.0000
vn 0.3354 0.5359 0.7748
vn 0.3353 0.5360 0.7748
vn -0.1080 0.4823 0.8693
vn -0.1078 0.4817 0.8697
vn -0.5765 0.6374 0.5111
vn -0.5767 0.6365 0.5122
vn -0.1515 0.9793 -0.1346
vn -0.0365 0.9549 -0.2945
vn 0.1034 0.9655 -0.2389
vn 0.1693 0.9856 -0.0000
vn 0.1034 0.9655 0.2389
vn -0.0365 0.9549 0.2945
vn -0.1515 0.9793 0.1346
vn -0.1628 -0.9728 -0.1649
vn -0.0387 -0.9339 -0.3554
vn 0.1101 -0.9507 -0.2900
vn 0.1827 -0.9832 -0.0000
vn 0.1101 -0.9507 0.2900
vn -0.0387 -0.9339 0.3554
vn -0.1628 -0.9728 0.1649
vn -0.5700 -0.5846 -0.5774
vn -0.5700 -0.5850 -0.5770
vn -0.0987 -0.4095 -0.9070
vn -0.0985 -0.4092 -0.9071
vn 0.3142 -0.4654 -0.8275
vn 0.3138 -0.4658 -0.8273
vn 0.7338 -0.6793 -0.0000
vn 0.3141 -0.4661 0.8271
vn 0.3143 -0.4667 0.8267
vn -0.0986 -0.4107 0.9064
vn -0.0991 -0.4097 0.9068
vn -0.5698 -0.5850 0.5772
vn -0.5701 -0.5847 0.5771
vn -0.5701 0.5847 -0.5771
vn -0.5698 0.5850 -0.5772
vn -0.0985 0.4094 -0.9070
vn -0.0987 0.4092 -0.9071
vn 0.3139 0.4654 -0.8276
vn 0.3141 0.4661 -0.8271
vn 0.7338 0.6793 -0.0000
vn 0.3144 0.4662 0.8269
vn 0.3140 0.4667 0.8268
vn -0.0991 0.4106 0.9064
vn -0.0987 0.4095 0.9070
vn -0.5700 0.5850 0.5770
vn -0.5700 0.5846 0.5774
vn -0.1628 0.9728 -0.1649
vn -0.0387 0.9339 -0.3554
vn 0.1101 0.9507 -0.2900
vn 0.1827 0.9832 -0.0000
vn 0.1101 0.9507 0.2900
vn -0.0387 0.9339 0.3554
vn -0.1628 0.9728 0.1649
vn -0.1943 -0.9733 -0.1224
vn -0.0476 -0.9614 -0.2711
vn 0.1336 -0.9666 -0.2185
vn 0.2163 -0.9763 -0.0000
vn 0.1336 -0.9666 0.2185
vn -0.0476 -0.9614 0.2712
vn -0.1943 -0.9733 0.1224
vn -0.6839 -0.5888 -0.4307
vn -0.6838 -0.5896 -0.4298
vn -0.1482 -0.5151 -0.8442
vn -0.1475 -0.5138 -0.8451
vn 0.4378 -0.5438 -0.7159
vn 0.4374 -0.5442 -0.7159
vn 0.7902 -0.6129 -0.0000
vn 0.4376 -0.5443 0.7157
vn 0.4375 -0.5439 0.7161
vn -0.1483 -0.5136 0.8451
vn -0.1474 -0.5149 0.8445
vn -0.6834 -0.5897 0.4303
vn -0.6842 -0.5890 0.4301
vn -0.6842 0.5890 -0.4301
vn -0.6834 0.5897 -0.4303
vn -0.1474 0.5149 -0.8445
vn -0.1483 0.5136 -0.8451
vn 0.4375 0.5439 -0.7161
vn 0.4376 0.5444 -0.7157
vn 0.7902 0.6129 -0.0000
vn 0.4374 0.5442 0.7159
vn 0.4378 0.5438 0.7159
vn -0.1475 0.5138 0.8451
vn -0.1482 0.5151 0.8442
vn -0.6838 0.5896 0.4298
vn -0.6839 0.5888 0.4307
vn -0.1935 0.9735 -0.1218
vn -0.0474 0.9617 -0.2700
vn 0.1331 0.9669 -0.2176
vn 0.2153 0.9765 -0.0000
vn 0.1331 0.9669 0.2176
vn -0.0474 0.9617 0.2700
vn -0.1935 0.9735 0.1218
vn -0.1043 -0.9921 -0.0702
vn -0.0255 -0.9872 -0.1572
vn 0.0720 -0.9894 -0.1264
vn 0.1160 -0.9932 -0.0000
vn 0.0721 -0.9893 0.1266
vn -0.0256 -0.9872 0.1574
vn -0.1043 -0.9921 0.0704
vn -0.4958 -0.8017 -0.3339
vn -0.4955 -0.8021 -0.3333
vn -0.1104 -0.7252 -0.6797
vn -0.1107 -0.7259 -0.6788
vn 0.3232 -0.7571 -0.5677
vn 0.3230 -0.7573 -0.5676
vn 0.5653 -0.8249 -0.0000
vn 0.3231 -0.7574 0.5674
vn 0.3231 -0.7571 0.5677
vn -0.1103 -0.7260 0.6788
vn -0.1108 -0.7253 0.6795
vn -0.4950 -0.8021 0.3340
vn -0.4958 -0.8017 0.3339
vn -0.4947 0.8028 -0.3328
vn -0.4941 0.8032 -0.3328
vn -0.1106 0.7265 -0.6782
vn -0.1101 0.7272 -0.6775
vn 0.3224 0.7583 -0.5666
vn 0.3224 0.7585 -0.5663
vn 0.5639 0.8258 -0.0000
vn 0.3224 0.7585 0.5664
vn 0.3226 0.7583 0.5665
vn -0.1105 0.7271 0.6776
vn -0.1102 0.7264 0.6784
vn -0.4941 0.8032 0.3328
vn -0.4945 0.8026 0.3337
vn -0.1052 0.9919 -0.0709
vn -0.0258 0.9870 -0.1585
vn 0.0726 0.9892 -0.1275
vn 0.1170 0.9931 -0.0000
vn 0.0727 0.9892 0.1276
vn -0.0258 0.9870 0.1587
vn -0.1052 0.9919 0.0710
vn -0.1917 -0.9747 -0.1150
vn -0.0469 -0.9656 -0.2559
vn 0.1319 -0.9696 -0.2062
vn 0.2134 -0.9770 -0.0000
vn 0.1321 -0.9696 0.2061
vn -0.0469 -0.9656 0.2559
vn -0.1917 -0.9747 0.1150
vn -0.6863 -0.5996 -0.4116
vn -0.6862 -0.5999 -0.4113
vn -0.1520 -0.5382 -0.8290
vn -0.1521 -0.5384 -0.8289
vn 0.4453 -0.5634 -0.6959
vn 0.4456 -0.5630 -0.6960
vn 0.7851 -0.6194 -0.0000
vn 0.4456 -0.5639 0.6954
vn 0.4454 -0.5627 0.6964
vn -0.1520 -0.5376 0.8294
vn -0.1516 -0.5381 0.8291
vn -0.6861 -0.5999 0.4115
vn -0.6864 -0.5997 0.4114
vn -0.6864 0.5997 -0.4114
vn -0.6861 0.5999 -0.4115
vn -0.1521 0.5382 -0.8290
vn -0.1519 0.5384 -0.8289
vn 0.4455 0.5633 -0.6958
vn 0.4454 0.5630 -0.6962
vn 0.7851 0.6194 -0.0000
vn 0.4450 0.5636 0.6959
vn 0.4461 0.5626 0.6961
vn -0.1517 0.5376 0.8294
vn -0.1520 0.5382 0.8290
vn -0.6862 0.5999 0.4113
vn -0.6863 0.5996 0.4116
vn -0.1911 0.9749 -0.1146
vn -0.0468 0.9658 -0.2551
vn 0.1315 0.9698 -0.2055
vn 0.2127 0.9771 -0.0000
vn 0.1317 0.9698 0.2055
vn -0.0468 0.9658 0.2551
vn -0.1911 0.9749 0.1146
vn -0.1879 -0.9740 -0.1268
vn -0.0458 -0.9589 -0.2801
vn 0.1290 -0.9656 -0.2260
vn 0.2093 -0.9779 -0.0000
vn 0.1287 -0.9656 0.2261
vn -0.0458 -0.9589 0.2801
vn -0.1879 -0.9740 0.1268
vn -0.6672 -0.5933 -0.4503
vn -0.6670 -0.5944 -0.4491
vn -0.1395 -0.5019 -0.8536
vn -0.1393 -0.5016 -0.8538
vn 0.4181 -0.5370 -0.7327
vn 0.4173 -0.5378 -0.7326
vn 0.7801 -0.6257 -0.0000
vn 0.4175 -0.5367 0.7333
vn 0.4175 -0.5370 0.7330
vn -0.1395 -0.5016 0.8538
vn -0.1386 -0.5029 0.8532
vn -0.6662 -0.5951 0.4496
vn -0.6677 -0.5937 0.4490
vn -0.6676 0.5936 -0.4495
vn -0.6665 0.5945 -0.4498
vn -0.1393 0.5019 -0.8537
vn -0.1395 0.5016 -0.8538
vn 0.4175 0.5370 -0.7330
vn 0.4178 0.5380 -0.7321
vn 0.7801 0.6257 -0.0000
vn 0.4176 0.5368 0.7331
vn 0.4173 0.5370 0.7331
vn -0.1387 0.5018 0.8538
vn -0.1394 0.5032 0.8529
vn -0.6670 0.5950 0.4485
vn -0.6672 0.5933 0.4503
vn -0.1879 0.9740 -0.1268
vn -0.0458 0.9589 -0.2801
vn 0.1290 0.9656 -0.2260
vn 0.2093 0.9779 -0.0000
vn 0.1287 0.9656 0.2261
vn -0.0458 0.9589 0.2801
vn -0.1879 0.9740 0.1268
vn -0.1633 -0.9816 -0.0992
vn -0.0398 -0.9744 -0.2214
vn 0.1122 -0.9776 -0.1781
vn 0.1813 -0.9834 -0.0000
vn 0.1125 -0.9776 0.1781
vn -0.0402 -0.9743 0.2215
vn -0.1633 -0.9816 0.0994
vn -0.6406 -0.6618 -0.3894
vn -0.6407 -0.6615 -0.3897
vn -0.1423 -0.5953 -0.7908
vn -0.1427 -0.5961 -0.7901
vn 0.4173 -0.6223 -0.6622
vn 0.4178 -0.6219 -0.6624
vn 0.7327 -0.6805 -0.0000
vn 0.7327 -0.6806 -0.0000
vn 0.4177 -0.6233 0.6611
vn 0.4176 -0.6223 0.6621
vn -0.1433 -0.5960 0.7901
vn -0.1426 -0.5969 0.7896
vn -0.6400 -0.6622 0.3898
vn -0.6406 -0.6617 0.3896
vn -0.6406 0.6617 -0.3896
vn -0.6408 0.6615 -0.3896
vn -0.1428 0.5954 -0.7906
vn -0.1422 0.5962 -0.7901
vn 0.4176 0.6223 -0.6621
vn 0.4176 0.6217 -0.6626
vn 0.7327 0.6806 -0.0000
vn 0.7327 0.6805 -0.0000
vn 0.4173 0.6230 0.6616
vn 0.4182 0.6222 0.6618
vn -0.1427 0.5961 0.7901
vn -0.1431 0.5971 0.7893
vn -0.6402 0.6621 0.3894
vn -0.6405 0.6616 0.3900
vn -0.1633 0.9816 -0.0992
vn -0.0398 0.9744 -0.2214
vn 0.1122 0.9776 -0.1781
vn 0.1813 0.9834 -0.0000
vn 0.1125 0.9776 0.1781
vn -0.0402 0.9743 0.2215
vn -0.1633 0.9816 0.0994
vn -0.1671 -0.9766 -0.1350
vn -0.0405 -0.9543 -0.2961
vn 0.1142 -0.9641 -0.2398
vn 0.1866 -0.9824 -0.0000
vn 0.1143 -0.9640 0.2400
vn -0.0403 -0.9542 0.2963
vn -0.1671 -0.9766 0.1350
vn -0.6140 -0.6142 -0.4958
vn -0.6139 -0.6147 -0.4953
vn -0.1189 -0.4803 -0.8690
vn -0.1184 -0.4793 -0.8696
vn 0.3652 -0.5272 -0.7672
vn 0.3655 -0.5270 -0.7673
vn 0.7431 -0.6692 -0.0000
vn 0.3651 -0.5277 0.7669
vn 0.3650 -0.5273 0.7673
vn -0.1183 -0.4793 0.8696
vn -0.1184 -0.4792 0.8697
vn -0.6139 -0.6142 0.4958
vn -0.6140 -0.6142 0.4958
vn -0.6138 0.6148 -0.4952
vn -0.6133 0.6152 -0.4953
vn -0.1183 0.4806 -0.8689
vn -0.1189 0.4797 -0.8694
vn 0.3653 0.5278 -0.7668
vn 0.3652 0.5275 -0.7671
vn 0.7426 0.6697 -0.0000
vn 0.3648 0.5281 0.7668
vn 0.3651 0.5278 0.7669
vn -0.1184 0.4798 0.8694
vn -0.1183 0.4796 0.8695
vn -0.6136 0.6147 0.4955
vn -0.6136 0.6147 0.4956
vn -0.1671 0.9766 -0.1350
vn -0.0405 0.9543 -0.2961
vn 0.1142 0.9641 -0.2398
vn 0.1866 0.9824 -0.0000
vn 0.1143 0.9640 0.2400
vn -0.0403 0.9542 0.2963
vn -0.1671 0.9766 0.1350
vn -0.1915 -0.9735 -0.1250
vn -0.0463 -0.9597 -0.2770
vn 0.1315 -0.9658 -0.2235
vn 0.2133 -0.9770 -0.0000
vn 0.1314 -0.9659 0.2232
vn -0.0466 -0.9598 0.2767
vn -0.1915 -0.9735 0.1250
vn -0.6768 -0.5890 -0.4416
vn -0.6767 -0.5895 -0.4411
vn -0.1424 -0.5053 -0.8511
vn -0.1427 -0.5059 -0.8507
vn 0.4278 -0.5375 -0.7267
vn 0.4270 -0.5382 -0.7266
vn 0.7867 -0.6173 -0.0000
vn 0.4278 -0.5373 0.7268
vn 0.4279 -0.5375 0.7267
vn -0.1434 -0.5057 0.8507
vn -0.6765 -0.5895 0.4414
vn -0.6769 -0.5891 0.4412
vn -0.6769 0.5891 -0.4412
vn -0.6765 0.5895 -0.4414
vn -0.1427 0.5054 -0.8510
vn -0.1423 0.5060 -0.8507
vn 0.4272 0.5376 -0.7270
vn 0.4275 0.5384 -0.7262
vn 0.7867 0.6173 -0.0000
vn 0.4279 0.5373 0.7267
vn 0.4278 0.5375 0.7267
vn -0.1434 0.5057 0.8507
vn -0.6767 0.5895 0.4411
vn -0.6768 0.5890 0.4416
vn -0.1915 0.9735 -0.1250
vn -0.0463 0.9597 -0.2770
vn 0.1315 0.9658 -0.2235
vn 0.2133 0.9770 -0.0000
vn 0.1314 0.9659 0.2232
vn -0.0466 0.9598 0.2767
vn -0.1915 0.9735 0.1250
vn -0.1157 -0.9883 -0.0993
vn -0.0283 -0.9750 -0.2202
vn 0.0796 -0.9809 -0.1777
vn 0.1290 -0.9916 -0.0000
vn 0.0795 -0.9809 0.1775
vn -0.0282 -0.9751 0.2199
vn -0.1157 -0.9883 0.0991
vn -0.5085 -0.7423 -0.4363
vn -0.5086 -0.7418 -0.4370
vn -0.1018 -0.6002 -0.7933
vn -0.1018 -0.6001 -0.7934
vn 0.3098 -0.6523 -0.6917
vn 0.3095 -0.6526 -0.6916
vn 0.6050 -0.7962 -0.0000
vn 0.3096 -0.6527 0.6915
vn 0.3096 -0.6523 0.6918
vn -0.1019 -0.6001 0.7934
vn -0.1018 -0.6002 0.7933
vn -0.5092 -0.7419 0.4362
vn -0.5085 -0.7424 0.4363
vn -0.5083 0.7422 -0.4367
vn -0.5089 0.7419 -0.4367
vn -0.1018 0.6002 -0.7934
vn -0.1019 0.6001 -0.7934
vn 0.3096 0.6523 -0.6918
vn 0.3096 0.6527 -0.6915
vn 0.6050 0.7962 -0.0000
vn 0.3095 0.6526 0.6916
vn 0.3098 0.6523 0.6917
vn -0.1018 0.6001 0.7934
vn -0.1018 0.6002 0.7933
vn -0.5089 0.7419 0.4367
vn -0.5086 0.7426 0.4357
vn -0.1164 0.9882 -0.0999
vn -0.0284 0.9747 -0.2216
vn 0.0801 0.9806 -0.1788
vn 0.1298 0.9915 -0.0000
vn 0.0800 0.9807 0.1786
vn -0.0284 0.9748 0.2213
vn -0.1164 0.9882 0.0997
vn -0.1045 -0.9925 -0.0641
vn -0.0257 -0.9893 -0.1435
vn 0.0722 -0.9907 -0.1152
vn 0.0721 -0.9907 0.1152
vn -0.0257 -0.9893 0.1434
vn -0.1045 -0.9925 0.0640
vn -0.4985 -0.8111 -0.3058
vn -0.4984 -0.8113 -0.3056
vn -0.1150 -0.7586 -0.6413
vn -0.1149 -0.7584 -0.6416
vn 0.3318 -0.7807 -0.5296
vn 0.3320 -0.7805 -0.5298
vn 0.5638 -0.8259 -0.0000
vn 0.3319 -0.7804 0.5299
vn 0.3319 -0.7806 0.5296
vn -0.1150 -0.7584 0.6416
vn -0.1149 -0.7586 0.6414
vn -0.4985 -0.8113 0.3055
vn -0.4986 -0.8112 0.3055
vn -0.4985 0.8112 -0.3057
vn -0.4984 0.8113 -0.3057
vn -0.1149 0.7586 -0.6414
vn -0.1150 0.7584 -0.6416
vn 0.3319 0.7806 -0.5296
vn 0.3319 0.7804 -0.5299
vn 0.5638 0.8259 -0.0000
vn 0.3320 0.7805 0.5298
vn 0.3318 0.7807 0.5296
vn -0.1149 0.7584 0.6416
vn -0.1150 0.7586 0.6413
vn -0.4985 0.8113 0.3055
vn -0.4986 0.8112 0.3055
vn -0.1045 0.9925 -0.0641
vn -0.0257 0.9893 -0.1435
vn 0.0722 0.9907 -0.1152
vn 0.1160 0.9932 -0.0000
vn 0.0721 0.9907 0.1152
vn -0.0257 0.9893 0.1434
vn -0.1045 0.9925 0.0640
vn -0.2059 -0.9667 -0.1521
vn -0.0494 -0.9416 -0.3330
vn 0.1404 -0.9525 -0.2701
vn 0.2299 -0.9732 -0.0000
vn 0.1404 -0.9525 0.2701
vn -0.0494 -0.9416 0.3330
vn -0.2059 -0.9667 0.1521
vn -0.6749 -0.5439 -0.4986
vn -0.6749 -0.5440 -0.4986
vn -0.1323 -0.4325 -0.8919
vn -0.1323 -0.4324 -0.8919
vn 0.4065 -0.4726 -0.7819
vn 0.4054 -0.4737 -0.7818
vn 0.8092 -0.5875 -0.0000
vn 0.4065 -0.4728 0.7818
vn 0.4064 -0.4726 0.7820
vn -0.1323 -0.4324 0.8919
vn -0.1323 -0.4325 0.8919
vn -0.6749 -0.5440 0.4986
vn -0.6749 0.5440 -0.4986
vn -0.1322 0.4325 -0.8919
vn -0.1323 0.4324 -0.8919
vn 0.4057 0.4726 -0.7823
vn 0.4062 0.4741 -0.7812
vn 0.8092 0.5875 -0.0000
vn 0.4064 0.4727 0.7819
vn 0.4065 0.4726 0.7819
vn -0.1323 0.4324 0.8919
vn -0.1323 0.4325 0.8919
vn -0.6749 0.5440 0.4986
vn -0.6749 0.5439 0.4986
vn -0.2059 0.9667 -0.1521
vn -0.0494 0.9416 -0.3330
vn 0.1404 0.9525 -0.2701
vn 0.2299 0.9732 -0.0000
vn 0.1404 0.9525 0.2701
vn -0.0494 0.9416 0.3330
vn -0.2059 0.9667 0.1521
vn -0.1323 -0.9846 -0.1139
vn -0.0321 -0.9673 -0.2516
vn 0.0907 -0.9749 -0.2032
vn 0.1475 -0.9891 -0.0000
vn 0.0907 -0.9749 0.2035
vn -0.0322 -0.9672 0.2519
vn -0.1323 -0.9846 0.1141
vn -0.5429 -0.6976 -0.4675
vn -0.5431 -0.6970 -0.4682
vn -0.1059 -0.5490 -0.8291
vn -0.1057 -0.5485 -0.8295
vn 0.3257 -0.6015 -0.7295
vn 0.3245 -0.6028 -0.7289
vn 0.6541 -0.7564 -0.0000
vn 0.3250 -0.6018 0.7296
vn 0.3249 -0.6015 0.7298
vn -0.1060 -0.5484 0.8295
vn -0.1051 -0.5499 0.8286
vn -0.5426 -0.6976 0.4680
vn -0.5428 -0.6974 0.4679
vn -0.5428 0.6974 -0.4679
vn -0.5434 0.6970 -0.4679
vn -0.1057 0.5489 -0.8292
vn -0.1060 0.5484 -0.8295
vn 0.3249 0.6015 -0.7298
vn 0.3252 0.6033 -0.7282
vn 0.6541 0.7564 -0.0000
vn 0.3249 0.6017 0.7297
vn 0.3250 0.6015 0.7298
vn -0.1052 0.5486 0.8294
vn -0.1058 0.5503 0.8282
vn -0.5427 0.6976 0.4679
vn -0.5427 0.6974 0.4681
vn -0.1317 0.9848 -0.1134
vn -0.0320 0.9676 -0.2504
vn 0.0903 0.9752 -0.2022
vn 0.1467 0.9892 -0.0000
vn 0.0902 0.9751 0.2025
vn -0.0320 0.9675 0.2507
vn -0.1317 0.9848 0.1135
vn -0.1651 -0.9720 -0.1675
vn -0.0392 -0.9319 -0.3607
vn 0.1116 -0.9491 -0.2944
vn 0.1851 -0.9827 -0.0000
vn 0.1114 -0.9490 0.2950
vn -0.0393 -0.9316 0.3613
vn -0.1650 -0.9719 0.1679
vn -0.5725 -0.5787 -0.5808
vn -0.5725 -0.5782 -0.5813
vn -0.0989 -0.4030 -0.9099
vn -0.0988 -0.4027 -0.9100
vn 0.3149 -0.4587 -0.8309
vn 0.3138 -0.4599 -0.8307
vn 0.7390 -0.6737 -0.0000
vn 0.3140 -0.4584 0.8314
vn 0.3141 -0.4586 0.8313
vn -0.0990 -0.4026 0.9100
vn -0.0981 -0.4042 0.9094
vn -0.5716 -0.5790 0.5814
vn -0.5723 -0.5785 0.5812
vn -0.5723 0.5785 -0.5812
vn -0.5727 0.5783 -0.5811
vn -0.0988 0.4029 -0.9099
vn -0.0990 0.4026 -0.9100
vn 0.3141 0.4586 -0.8313
vn 0.3146 0.4605 -0.8301
vn 0.7390 0.6737 -0.0000
vn 0.3141 0.4585 0.8313
vn 0.3140 0.4586 0.8313
vn -0.0981 0.4028 0.9100
vn -0.0989 0.4046 0.9091
vn -0.5720 0.5791 0.5809
vn -0.5720 0.5782 0.5818
vn -0.1651 0.9720 -0.1675
vn -0.0392 0.9319 -0.3607
vn 0.1116 0.9491 -0.2944
vn 0.1851 0.9827 -0.0000
vn 0.1114 0.9490 0.2950
vn -0.0393 0.9316 0.3613
vn -0.1650 0.9719 0.1679
vn -0.1797 -0.9766 -0.1178
vn -0.0436 -0.9641 -0.2618
vn 0.1236 -0.9696 -0.2111
vn 0.2002 -0.9798 -0.0000
vn 0.1234 -0.9695 0.2116
vn -0.0437 -0.9640 0.2624
vn -0.1797 -0.9766 0.1181
vn -0.6606 -0.6133 -0.4330
vn -0.6608 -0.6123 -0.4341
vn -0.1399 -0.5252 -0.8394
vn -0.1405 -0.5264 -0.8386
vn 0.4187 -0.5599 -0.7150
vn 0.4178 -0.5607 -0.7148
vn 0.7675 -0.6411 -0.0000
vn 0.4179 -0.5588 0.7163
vn 0.4181 -0.5600 0.7153
vn -0.1398 -0.5265 0.8386
vn -0.1394 -0.5271 0.8383
vn -0.6601 -0.6132 0.4338
vn -0.6603 -0.6131 0.4337
vn -0.6603 0.6131 -0.4337
vn -0.6613 0.6123 -0.4334
vn -0.1406 0.5254 -0.8392
vn -0.1398 0.5265 -0.8386
vn 0.4181 0.5600 -0.7153
vn 0.4183 0.5610 -0.7144
vn 0.7675 0.6411 -0.0000
vn 0.4184 0.5591 0.7158
vn 0.4174 0.5601 0.7156
vn -0.1394 0.5266 0.8386
vn -0.1397 0.5272 0.8382
vn -0.6602 0.6132 0.4337
vn -0.6602 0.6130 0.4339
vn -0.1797 0.9766 -0.1178
vn -0.0436 0.9641 -0.2618
vn 0.1236 0.9696 -0.2111
vn 0.2002 0.9798 -0.0000
vn 0.1234 0.9695 0.2116
vn -0.0437 0.9640 0.2624
vn -0.1797 0.9766 0.1181
vn -0.1707 -0.9787 -0.1145
vn -0.0415 -0.9664 -0.2537
vn 0.1171 -0.9718 -0.2046
vn 0.1896 -0.9819 -0.0000
vn 0.1171 -0.9718 0.2046
vn -0.0415 -0.9664 0.2537
vn -0.1707 -0.9787 0.1145
vn -0.6420 -0.6344 -0.4306
vn -0.6418 -0.6352 -0.4297
vn -0.1355 -0.5440 -0.8281
vn -0.1351 -0.5432 -0.8287
vn 0.4050 -0.5793 -0.7074
vn 0.4054 -0.5790 -0.7075
vn 0.7472 -0.6645 -0.0000
vn 0.4052 -0.5788 0.7077
vn 0.4052 -0.5793 0.7072
vn -0.1356 -0.5431 0.8287
vn -0.1351 -0.5438 0.8283
vn -0.6414 -0.6352 0.4302
vn -0.6422 -0.6346 0.4300
vn -0.6432 0.6331 -0.4307
vn -0.6424 0.6337 -0.4309
vn -0.1352 0.5423 -0.8292
vn -0.1357 0.5415 -0.8296
vn 0.4058 0.5778 -0.7082
vn 0.4057 0.5773 -0.7086
vn 0.7485 0.6631 -0.0000
vn 0.4059 0.5774 0.7084
vn 0.4055 0.5778 0.7083
vn -0.1353 0.5416 0.8296
vn -0.1356 0.5424 0.8291
vn -0.6428 0.6337 0.4304
vn -0.6430 0.6329 0.4313
vn -0.1707 0.9787 -0.1145
vn -0.0415 0.9664 -0.2537
vn 0.1171 0.9718 -0.2046
vn 0.1896 0.9819 -0.0000
vn 0.1171 0.9718 0.2046
vn -0.0415 0.9664 0.2537
vn -0.1707 0.9787 0.1145
vn -0.1658 -0.9788 -0.1204
vn -0.0400 -0.9629 -0.2670
vn 0.1137 -0.9698 -0.2159
vn 0.1849 -0.9828 -0.0000
vn 0.1137 -0.9698 0.2159
vn -0.0405 -0.9628 0.2672
vn -0.1658 -0.9787 0.1207
vn -0.6269 -0.6323 -0.4551
vn -0.6272 -0.6311 -0.4565
vn -0.1265 -0.5195 -0.8451
vn -0.1268 -0.5200 -0.8447
vn 0.3856 -0.5616 -0.7321
vn 0.3856 -0.5615 -0.7321
vn 0.7411 -0.6714 -0.0000
vn 0.3862 -0.5596 0.7333
vn 0.3862 -0.5597 0.7332
vn -0.1282 -0.5175 0.8460
vn -0.1268 -0.5196 0.8449
vn -0.6271 -0.6311 0.4566
vn -0.6263 -0.6317 0.4568
vn -0.6257 0.6333 -0.4554
vn -0.6269 0.6324 -0.4551
vn -0.1267 0.5209 -0.8441
vn -0.1264 0.5214 -0.8439
vn 0.3852 0.5629 -0.7313
vn 0.3852 0.5628 -0.7313
vn 0.7399 0.6727 -0.0000
vn 0.3858 0.5610 0.7324
vn 0.3857 0.5611 0.7324
vn -0.1268 0.5191 0.8453
vn -0.1278 0.5214 0.8437
vn -0.6258 0.6325 0.4564
vn -0.6257 0.6333 0.4555
vn -0.1658 0.9788 -0.1204
vn -0.0400 0.9629 -0.2670
vn 0.1137 0.9698 -0.2159
vn 0.1849 0.9828 -0.0000
vn 0.1137 0.9698 0.2159
vn -0.0405 0.9628 0.2672
vn -0.1658 0.9787 0.1207
vn -0.1889 -0.9647 -0.1834
vn -0.0445 -0.9188 -0.3921
vn 0.1270 -0.9385 -0.3211
vn 0.2123 -0.9772 -0.0000
vn 0.1272 -0.9385 0.3209
vn -0.0445 -0.9188 0.3921
vn -0.1889 -0.9647 0.1834
vn -0.6072 -0.5326 -0.5896
vn -0.6073 -0.5335 -0.5886
vn -0.1046 -0.3720 -0.9223
vn -0.1050 -0.3728 -0.9219
vn 0.3330 -0.4240 -0.8422
vn 0.3341 -0.4229 -0.8424
vn 0.7846 -0.6200 -0.0000
vn 0.3338 -0.4238 0.8420
vn 0.3335 -0.4230 0.8425
vn -0.1046 -0.3717 0.9224
vn -0.1045 -0.3720 0.9223
vn -0.6068 -0.5335 0.5892
vn -0.6076 -0.5329 0.5889
vn -0.6076 0.5329 -0.5889
vn -0.6068 0.5335 -0.5892
vn -0.1050 0.3722 -0.9222
vn -0.1046 0.3729 -0.9220
vn 0.3339 0.4240 -0.8418
vn 0.3333 0.4223 -0.8429
vn 0.7846 0.6200 -0.0000
vn 0.3334 0.4236 0.8423
vn 0.3340 0.4230 0.8423
vn -0.1045 0.3717 0.9224
vn -0.1046 0.3720 0.9223
vn -0.6073 0.5335 0.5886
vn -0.6072 0.5326 0.5896
vn -0.1889 0.9647 -0.1834
vn -0.0445 0.9188 -0.3921
vn 0.1270 0.9385 -0.3211
vn 0.2123 0.9772 -0.0000
vn 0.1272 0.9385 0.3209
vn -0.0445 0.9188 0.3921
vn -0.1889 0.9647 0.1834
vn -0.1943 -0.9685 -0.1558
vn -0.0470 -0.9395 -0.3393
vn 0.1326 -0.9520 -0.2757
vn 0.2177 -0.9760 -0.0000
vn 0.1322 -0.9521 0.2759
vn -0.0465 -0.9396 0.3392
vn -0.1943 -0.9685 0.1555
vn -0.6488 -0.5553 -0.5202
vn -0.6488 -0.5562 -0.5193
vn -0.1239 -0.4280 -0.8953
vn -0.1230 -0.4260 -0.8963
vn 0.3821 -0.4712 -0.7949
vn 0.3809 -0.4725 -0.7947
vn 0.7917 -0.6109 -0.0000
vn 0.3812 -0.4711 0.7954
vn 0.3816 -0.4726 0.7944
vn -0.1229 -0.4276 0.8956
vn -0.1238 -0.4263 0.8961
vn -0.6493 -0.5554 0.5195
vn -0.6492 -0.5556 0.5195
vn -0.6492 0.5556 -0.5195
vn -0.6484 0.5562 -0.5199
vn -0.1229 0.4275 -0.8956
vn -0.1241 0.4258 -0.8963
vn 0.3812 0.4713 -0.7953
vn 0.3817 0.4730 -0.7941
vn 0.7917 0.6109 -0.0000
vn 0.3819 0.4715 0.7949
vn 0.3808 0.4726 0.7947
vn -0.1237 0.4274 0.8955
vn -0.1230 0.4260 0.8963
vn -0.6492 0.5554 0.5196
vn -0.6492 0.5556 0.5194
vn -0.1943 0.9685 -0.1558
vn -0.0470 0.9395 -0.3393
vn 0.1326 0.9520 -0.2757
vn 0.2177 0.9760 -0.0000
vn 0.1322 0.9521 0.2759
vn -0.0465 0.9396 0.3392
vn -0.1943 0.9685 0.1555
vn -0.2106 -0.9702 -0.1199
vn -0.0516 -0.9623 -0.2672
vn 0.1449 -0.9658 -0.2149
vn 0.2340 -0.9722 -0.0000
vn 0.1449 -0.9658 0.2149
vn -0.0515 -0.9623 0.2672
vn -0.2106 -0.9702 0.1199
vn -0.7165 -0.5660 -0.4078
vn -0.7167 -0.5649 -0.4090
vn -0.1621 -0.5173 -0.8403
vn -0.1625 -0.5179 -0.8399
vn 0.4716 -0.5371 -0.6993
vn 0.8153 -0.5790 -0.0000
vn 0.4716 -0.5371 0.6993
vn 0.4719 -0.5382 0.6983
vn -0.1618 -0.5195 0.8390
vn -0.1623 -0.5189 0.8393
vn -0.7168 -0.5654 0.4080
vn -0.7163 -0.5659 0.4082
vn -0.7162 0.5658 -0.4087
vn -0.7172 0.5647 -0.4082
vn -0.1625 0.5174 -0.8402
vn -0.1620 0.5180 -0.8399
vn 0.4716 0.5371 -0.6993
vn 0.8153 0.5790 -0.0000
vn 0.4722 0.5374 0.6988
vn 0.4712 0.5384 0.6987
vn -0.1623 0.5194 0.8389
vn -0.1619 0.5188 0.8394
vn -0.7166 0.5655 0.4083
vn -0.7165 0.5660 0.4078
vn -0.2106 0.9702 -0.1199
vn -0.0515 0.9623 -0.2672
vn 0.1449 0.9658 -0.2149
vn 0.2340 0.9722 -0.0000
vn 0.1449 0.9658 0.2149
vn -0.0516 0.9623 0.2672
vn -0.2106 0.9702 0.1199
vn -0.1547 -0.9829 -0.1003
vn -0.0378 -0.9740 -0.2235
vn 0.1067 -0.9779 -0.1801
vn 0.1722 -0.9851 -0.0000
vn 0.1067 -0.9779 0.1801
vn -0.0378 -0.9740 0.2235
vn -0.1547 -0.9829 0.1003
vn -0.6208 -0.6728 -0.4024
vn -0.6215 -0.6709 -0.4046
vn -0.1348 -0.5892 -0.7967
vn -0.1357 -0.5913 -0.7949
vn 0.3980 -0.6247 -0.6718
vn 0.3993 -0.6234 -0.6722
vn 0.7162 -0.6979 -0.0000
vn 0.3987 -0.6231 0.6729
vn 0.3986 -0.6229 0.6731
vn -0.1348 -0.5894 0.7965
vn -0.1349 -0.5892 0.7966
vn -0.6224 -0.6707 0.4034
vn -0.6204 -0.6723 0.4039
vn -0.6193 0.6738 -0.4031
vn -0.6212 0.6722 -0.4027
vn -0.1357 0.5912 -0.7951
vn -0.1343 0.5932 -0.7938
vn 0.3982 0.6261 -0.6704
vn 0.3980 0.6246 -0.6719
vn 0.7148 0.6994 -0.0000
vn 0.7148 0.6993 -0.0000
vn 0.3980 0.6246 0.6719
vn 0.3981 0.6245 0.6720
vn -0.1347 0.5910 0.7954
vn -0.1346 0.5907 0.7956
vn -0.6204 0.6724 0.4038
vn -0.6197 0.6743 0.4017
vn -0.1562 0.9825 -0.1012
vn -0.0382 0.9735 -0.2256
vn 0.1077 0.9774 -0.1818
vn 0.1739 0.9848 -0.0000
vn 0.1077 0.9774 0.1818
vn -0.0382 0.9735 0.2256
vn -0.1562 0.9825 0.1012
vn -0.2399 -0.9626 -0.1256
vn -0.0590 -0.9579 -0.2810
vn 0.1654 -0.9600 -0.2258
vn 0.2663 -0.9639 -0.0000
vn 0.1656 -0.9600 0.2260
vn -0.0591 -0.9578 0.2813
vn -0.2399 -0.9626 0.1258
vn -0.7563 -0.5209 -0.3959
vn -0.7564 -0.5201 -0.3967
vn -0.1784 -0.4968 -0.8493
vn -0.1778 -0.4958 -0.8500
vn 0.5097 -0.5061 -0.6957
vn 0.5090 -0.5068 -0.6957
vn 0.8499 -0.5269 -0.0000
vn 0.5094 -0.5070 0.6953
vn 0.5094 -0.5069 0.6954
vn -0.1784 -0.4967 0.8494
vn -0.1783 -0.4968 0.8494
vn -0.7565 -0.5200 0.3966
vn -0.7559 -0.5206 0.3969
vn -0.7557 0.5213 -0.3964
vn -0.7564 0.5205 -0.3960
vn -0.1776 0.4972 -0.8493
vn -0.1784 0.4962 -0.8497
vn 0.5090 0.5068 -0.6957
vn 0.5092 0.5075 -0.6950
vn 0.8495 0.5275 -0.0000
vn 0.5092 0.5075 0.6951
vn 0.5093 0.5075 0.6951
vn -0.1782 0.4973 0.8491
vn -0.1783 0.4974 0.8490
vn -0.7559 0.5207 0.3968
vn -0.7558 0.5213 0.3962
vn -0.2407 0.9624 -0.1260
vn -0.0592 0.9576 -0.2819
vn 0.1660 0.9598 -0.2265
vn 0.2672 0.9636 -0.0000
vn 0.1661 0.9597 0.2267
vn -0.0593 0.9575 0.2822
vn -0.2407 0.9623 0.1262
vn -0.1378 -0.9846 -0.1080
vn -0.0336 -0.9704 -0.2390
vn 0.0946 -0.9766 -0.1930
vn 0.1536 -0.9881 -0.0000
vn 0.0947 -0.9767 0.1927
vn -0.0338 -0.9705 0.2387
vn -0.1378 -0.9846 0.1080
vn -0.5676 -0.6929 -0.4447
vn -0.5675 -0.6931 -0.4444
vn -0.1146 -0.5667 -0.8159
vn -0.1149 -0.5675 -0.8153
vn 0.3470 -0.6148 -0.7083
vn 0.3484 -0.6134 -0.7088
vn 0.6734 -0.7393 -0.0000
vn 0.3483 -0.6133 0.7089
vn 0.3483 -0.6135 0.7087
vn -0.1155 -0.5659 0.8163
vn -0.1149 -0.5668 0.8158
vn -0.5674 -0.6931 0.4445
vn -0.5677 -0.6929 0.4445
vn -0.5677 0.6929 -0.4445
vn -0.5674 0.6931 -0.4445
vn -0.1149 0.5668 -0.8158
vn -0.1145 0.5676 -0.8153
vn 0.3479 0.6147 -0.7079
vn 0.3477 0.6129 -0.7096
vn 0.6734 0.7393 -0.0000
vn 0.3484 0.6134 0.7088
vn 0.3482 0.6135 0.7087
vn -0.1150 0.5661 0.8163
vn -0.1154 0.5671 0.8156
vn -0.5675 0.6931 0.4444
vn -0.5676 0.6929 0.4447
vn -0.1387 0.9844 -0.1086
vn -0.0338 0.9701 -0.2404
vn 0.0951 0.9763 -0.1942
vn 0.1546 0.9880 -0.0000
vn 0.0952 0.9764 0.1938
vn -0.0340 0.9701 0.2401
vn -0.1387 0.9844 0.1086
vn -0.1366 -0.9856 -0.0996
vn -0.0334 -0.9746 -0.2214
vn 0.0940 -0.9795 -0.1784
vn 0.1520 -0.9884 -0.0000
vn 0.0940 -0.9795 0.1784
vn -0.0334 -0.9746 0.2214
vn -0.1366 -0.9856 0.0996
vn -0.5706 -0.7081 -0.4159
vn -0.5709 -0.7074 -0.4169
vn -0.1193 -0.5984 -0.7923
vn -0.1192 -0.5980 -0.7926
vn 0.3582 -0.6397 -0.6801
vn 0.3576 -0.6403 -0.6798
vn 0.6670 -0.7451 -0.0000
vn 0.6669 -0.7451 -0.0000
vn 0.3576 -0.6413 0.6789
vn 0.3575 -0.6405 0.6797
vn -0.1193 -0.5989 0.7919
vn -0.1195 -0.5985 0.7922
vn -0.5712 -0.7073 0.4164
vn -0.5704 -0.7079 0.4165
vn -0.5704 0.7079 -0.4165
vn -0.5712 0.7073 -0.4164
vn -0.1191 0.5983 -0.7924
vn -0.1194 0.5979 -0.7926
vn 0.3578 0.6397 -0.6803
vn 0.3579 0.6405 -0.6794
vn 0.6670 0.7451 -0.0000
vn 0.3573 0.6411 0.6792
vn 0.3579 0.6404 0.6795
vn -0.1195 0.5988 0.7919
vn -0.1193 0.5984 0.7923
vn -0.5708 0.7074 0.4169
vn -0.5706 0.7081 0.4159
vn -0.1360 0.9857 -0.0991
vn -0.0332 0.9748 -0.2205
vn 0.0936 0.9796 -0.1777
vn 0.1513 0.9885 -0.0000
vn 0.0936 0.9796 0.1777
vn -0.0332 0.9748 0.2205
vn -0.1360 0.9857 0.0991
vn -0.0000 0.6544 0.7562
vn -0.0000 0.9276 0.3735
vn -0.0000 1.0000 -0.0000
vn -0.0000 0.6766 0.7363
vn -0.0000 0.8097 0.5869
vn -0.0000 0.8618 0.5072
vn -0.0000 0.9514 0.3079
vn -0.0000 0.9856 -0.1691
vn -0.0000 0.9872 -0.1597
vn -0.0000 0.9391 -0.3437
vn -0.0000 0.8885 -0.4589
vn -0.0000 0.8447 -0.5352
vn -0.0000 0.9363 -0.3512
vn -0.0000 0.7043 -0.7099
vn -0.0000 0.6821 0.7313
vn -0.0000 0.5692 0.8222
vn -0.0000 0.6580 0.7530
vn -0.0000 0.6138 0.7895
vn -0.0000 0.8418 0.5398
vn -0.0000 0.9433 0.3320
vn -0.0000 0.9978 -0.0658
vn -0.0000 0.9821 -0.1883
vn -0.0000 0.8898 -0.4564
vn -0.0000 0.8635 -0.5043
vn -0.0000 0.7125 -0.7017
vn -0.0000 0.6679 -0.7443
vn -0.0000 0.6199 0.7847
vn -0.0000 0.6049 0.7963
vn -0.0000 0.6018 0.7987
vn -0.0000 0.6744 0.7384
vn -0.0000 0.8191 0.5736
vn -0.0000 0.9333 0.3591
vn -0.0000 0.9974 -0.0719
vn -0.0000 0.9788 -0.2050
vn -0.0000 0.9208 -0.3900
vn -0.0000 0.9285 -0.3712
vn -0.0000 0.6902 -0.7236
vn -0.0000 0.5822 0.8130
vn -0.0000 0.7006 0.7136
vn -0.0000 0.7232 0.6907
vn -0.0000 0.7232 0.6906
vn -0.0000 0.7451 0.6670
vn -0.0000 0.9197 0.3927
vn -0.0000 0.9865 -0.1636
vn -0.0000 0.9091 0.4165
vn -0.0000 0.9308 -0.3655
vn -0.0000 0.8895 -0.4569
vn -0.0000 0.8911 -0.4539
vn -0.0000 0.7502 -0.6612
vn -0.0000 0.9176 -0.3975
vn -0.0000 0.7456 0.6664
vn -0.0000 0.6568 0.7541
vn -0.0000 0.7197 0.6942
vn -0.0000 0.8926 0.4508
vn -0.0000 0.9324 0.3614
vn -0.0000 0.9804 0.1970
vn -0.0000 0.9982 -0.0592
vn -0.0000 0.9331 -0.3596
vn -0.0000 0.8946 -0.4468
vn -0.0000 0.8610 -0.5085
vn -0.0000 0.8043 -0.5942
vn -0.0000 0.8074 -0.5900
vn -0.0000 0.5205 -0.8539
vn -0.0000 0.3845 -0.9231
vn -0.0000 -0.9198 -0.3924
vn -0.0000 0.9989 -0.0472
vn -0.0000 0.7534 -0.6575
vn -0.0000 0.9996 -0.0271
vn -0.0000 -0.9992 -0.0400
vn -0.0000 0.9993 -0.0384
vn -0.0000 -0.9977 -0.0678
vn -0.0000 -0.9998 -0.0223
s 0
usemtl ground_dirt
f 1//1 71//1 2//1
f 2//2 71//2 72//2
f 2//3 72//3 3//3
f 3//4 72//4 73//4
f 3//5 73//5 4//5
f 4//6 73//6 74//6
f 4//7 74//7 5//7
f 5//8 74//8 75//8
f 5//9 75//9 6//9
f 6//10 75//10 76//10
f 6//11 76//11 7//11
f 7//12 76//12 77//12
f 7//13 77//13 8//13
f 8//14 77//14 78//14
f 8//15 78//15 9//15
f 9//16 78//16 79//16
f 9//17 79//17 10//17
f 10//18 79//18 80//18
f 10//19 80//19 11//19
f 11//20 80//20 81//20
f 11//21 81//21 12//21
f 12//22 81//22 82//22
f 12//23 82//23 13//23
f 13//24 82//24 83//24
f 13//25 83//25 14//25
f 14//26 83//26 84//26
f 14//27 84//27 15//27
f 15//28 84//28 85//28
f 15//29 85//29 16//29
f 16//30 85//30 86//30
f 16//31 86//31 17//31
f 17//32 86//32 87//32
f 17//33 87//33 18//33
f 18//34 87//34 88//34
f 18//35 88//35 19//35
f 19//36 88//36 89//36
f 19//37 89//37 20//37
f 20//38 89//38 90//38
f 20//39 90//39 21//39
f 21//40 90//40 91//40
f 21//41 91//41 22//41
f 22//42 91//42 92//42
f 22//43 92//43 23//43
f 23//44 92//44 93//44
f 23//45 93//45 24//45
f 24//46 93//46 94//46
f 24//47 94//47 25//47
f 25//48 94//48 95//48
f 25//49 95//49 26//49
f 26//50 95//50 96//50
f 26//51 96//51 27//51
f 27//52 96//52 97//52
f 27//53 97//53 28//53
f 28//54 97//54 98//54
f 28//55 98//55 29//55
f 29//56 98//56 99//56
f 29//57 99//57 30//57
f 30//58 99//58 100//58
f 30//59 100//59 31//59
f 31//60 100//60 101//60
f 31//61 101//61 32//61
f 32//62 101//62 102//62
f 32//63 102//63 33//63
f 33//64 102//64 103//64
f 33//65 103//65 34//65
f 34//66 103//66 104//66
f 34//67 104//67 35//67
f 35//68 104//68 105//68
f 35//69 105//69 36//69
f 36//70 105//70 106//70
f 36//71 106//71 37//71
f 37//72 106//72 107//72
f 37//73 107//73 38//73
f 38//74 107//74 108//74
f 38//75 108//75 39//75
f 39//76 108//76 109//76
f 39//77 109//77 40//77
f 40//78 109//78 110//78
f 40//79 110//79 41//79
f 41//80 110//80 111//80
f 41//81 111//81 42//81
f 42//82 111//82 112//82
f 42//83 112//83 43//83
f 43//84 112//84 113//84
f 43//85 113//85 44//85
f 44//86 113//86 114//86
f 44//87 114//87 45//87
f 45//88 114//88 115//88
f 45//89 115//89 46//89
f 46//90 115//90 116//90
f 46//91 116//91 47//91
f 47//92 116//92 117//92
f 47//93 117//93 48//93
f 48//94 117//94 118//94
f 48//95 118//95 49//95
f 49//96 118//96 119//96
f 49//97 119//97 50//97
f 50//98 119//98 120//98
f 50//99 120//99 51//99
f 51//100 120//100 121//100
f 51//101 121//101 52//101
f 52//102 121//102 122//102
f 52//103 122//103 53//103
f 53//104 122//104 123//104
f 53//105 123//105 54//105
f 54//106 123//106 124//106
f 54//107 124//107 55//107
f 55//108 124//108 125//108
f 55//109 125//109 56//109
f 56//110 125//110 126//110
f 56//111 126//111 57//111
f 57//112 126//112 127//112
f 57//113 127//113 58//113
f 58//114 127//114 128//114
f 58//115 128//115 59//115
f 59//116 128//116 129//116
f 59//117 129//117 60//117
f 60//118 129//118 130//118
f 60//119 130//119 61//119
f 61//120 130//120 131//120
f 61//121 131//121 62//121
f 62//122 131//122 132//122
f 62//123 132//123 63//123
f 63//123 132//123 133//123
f 63//124 133//124 64//124
f 64//124 133//124 134//124
f 64//125 134//125 65//125
f 65//126 134//126 135//126
f 65//127 135//127 66//127
f 66//128 135//128 136//128
f 66//129 136//129 67//129
f 67//130 136//130 137//130
f 67//131 137//131 68//131
f 68//132 137//132 138//132
f 68//133 138//133 69//133
f 69//134 138//134 139//134
f 69//135 139//135 70//135
f 70//136 139//136 140//136
f 71//137 141//137 72//137
f 72//138 141//138 142//138
f 72//139 142//139 73//139
f 73//140 142//140 143//140
f 73//141 143//141 74//141
f 74//142 143//142 144//142
f 74//143 144//143 75//143
f 75//144 144//144 145//144
f 75//145 145//145 76//145
f 76//146 145//146 146//146
f 76//147 146//147 77//147
f 77//148 146//148 147//148
f 77//149 147//149 78//149
f 78//150 147//150 148//150
f 78//151 148//151 79//151
f 79//152 148//152 149//152
f 79//153 149//153 80//153
f 80//154 149//154 150//154
f 80//155 150//155 81//155
f 81//156 150//156 151//156
f 81//157 151//157 82//157
f 82//158 151//158 152//158
f 82//159 152//159 83//159
f 83//160 152//160 153//160
f 83//161 153//161 84//161
f 84//162 153//162 154//162
f 84//163 154//163 85//163
f 85//164 154//164 155//164
f 85//165 155//165 86//165
f 86//166 155//166 156//166
f 86//167 156//167 87//167
f 87//168 156//168 157//168
f 87//169 157//169 88//169
f 88//170 157//170 158//170
f 88//171 158//171 89//171
f 89//172 158//172 159//172
f 89//173 159//173 90//173
f 90//174 159//174 160//174
f 90//175 160//175 91//175
f 91//176 160//176 161//176
f 91//177 161//177 92//177
f 92//178 161//178 162//178
f 92//179 162//179 93//179
f 93//180 162//180 163//180
f 93//181 163//181 94//181
f 94//182 163//182 164//182
f 94//183 164//183 95//183
f 95//184 164//184 165//184
f 95//185 165//185 96//185
f 96//186 165//186 166//186
f 96//187 166//187 97//187
f 97//188 166//188 167//188
f 97//189 167//189 98//189
f 98//190 167//190 168//190
f 98//191 168//191 99//191
f 99//192 168//192 169//192
f 99//193 169//193 100//193
f 100//194 169//194 170//194
f 100//195 170//195 101//195
f 101//196 170//196 171//196
f 101//197 171//197 102//197
f 102//198 171//198 172//198
f 102//199 172//199 103//199
f 103//200 172//200 173//200
f 103//201 173//201 104//201
f 104//202 173//202 174//202
f 104//203 174//203 105//203
f 105//204 174//204 175//204
f 105//205 175//205 106//205
f 106//206 175//206 176//206
f 106//207 176//207 107//207
f 107//208 176//208 177//208
f 107//209 177//209 108//209
f 108//210 177//210 178//210
f 108//211 178//211 109//211
f 109//212 178//212 179//212
f 109//213 179//213 110//213
f 110//214 179//214 180//214
f 110//215 180//215 111//215
f 111//216 180//216 181//216
f 111//217 181//217 112//217
f 112//218 181//218 182//218
f 112//219 182//219 113//219
f 113//220 182//220 183//220
f 113//221 183//221 114//221
f 114//222 183//222 184//222
f 114//223 184//223 115//223
f 115//224 184//224 185//224
f 115//225 185//225 116//225
f 116//226 185//226 186//226
f 116//227 186//227 117//227
f 117//228 186//228 187//228
f 117//229 187//229 118//229
f 118//230 187//230 188//230
f 118//231 188//231 119//231
f 119//232 188//232 189//232
f 119//233 189//233 120//233
f 120//234 189//234 190//234
f 120//235 190//235 121//235
f 121//236 190//236 191//236
f 121//237 191//237 122//237
f 122//238 191//238 192//238
f 122//239 192//239 123//239
f 123//240 192//240 193//240
f 123//241 193//241 124//241
f 124//242 193//242 194//242
f 124//243 194//243 125//243
f 125//244 194//244 195//244
f 125//245 195//245 126//245
f 126//246 195//246 196//246
f 126//247 196//247 127//247
f 127//248 196//248 197//248
f 127//249 197//249 128//249
f 128//250 197//250 198//250
f 128//251 198//251 129//251
f 129//252 198//252 199//252
f 129//253 199//253 130//253
f 130//254 199//254 200//254
f 130//255 200//255 131//255
f 131//256 200//256 201//256
f 131//257 201//257 132//257
f 132//258 201//258 202//258
f 132//259 202//259 133//259
f 133//260 202//260 203//260
f 133//261 203//261 134//261
f 134//156 203//156 204//156
f 134//262 204//262 135//262
f 135//263 204//263 205//263
f 135//264 205//264 136//264
f 136//265 205//265 206//265
f 136//266 206//266 137//266
f 137//267 206//267 207//267
f 137//268 207//268 138//268
f 138//269 207//269 208//269
f 138//270 208//270 139//270
f 139//271 208//271 209//271
f 139//272 209//272 140//272
f 140//273 209//273 210//273
f 141//274 211//274 142//274
f 142//275 211//275 212//275
f 142//276 212//276 143//276
f 143//277 212//277 213//277
f 143//278 213//278 144//278
f 144//279 213//279 214//279
f 144//280 214//280 145//280
f 145//280 214//280 215//280
f 145//281 215//281 146//281
f 146//282 215//282 216//282
f 146//283 216//283 147//283
f 147//284 216//284 217//284
f 147//285 217//285 148//285
f 148//286 217//286 218//286
f 148//287 218//287 149//287
f 149//288 218//288 219//288
f 149//289 219//289 150//289
f 150//290 219//290 220//290
f 150//291 220//291 151//291
f 151//292 220//292 221//292
f 151//293 221//293 152//293
f 152//294 221//294 222//294
f 152//295 222//295 153//295
f 153//296 222//296 223//296
f 153//297 223//297 154//297
f 154//298 223//298 224//298
f 154//299 224//299 155//299
f 155//300 224//300 225//300
f 155//301 225//301 156//301
f 156//302 225//302 226//302
f 156//303 226//303 157//303
f 157//304 226//304 227//304
f 157//305 227//305 158//305
f 158//306 227//306 228//306
f 158//307 228//307 159//307
f 159//308 228//308 229//308
f 159//309 229//309 160//309
f 160//310 229//310 230//310
f 160//311 230//311 161//311
f 161//312 230//312 231//312
f 161//313 231//313 162//313
f 162//314 231//314 232//314
f 162//315 232//315 163//315
f 163//316 232//316 233//316
f 163//317 233//317 164//317
f 164//318 233//318 234//318
f 164//319 234//319 165//319
f 165//320 234//320 235//320
f 165//321 235//321 166//321
f 166//322 235//322 236//322
f 166//323 236//323 167//323
f 167//324 236//324 237//324
f 167//325 237//325 168//325
f 168//326 237//326 238//326
f 168//327 238//327 169//327
f 169//328 238//328 239//328
f 169//329 239//329 170//329
f 170//330 239//330 240//330
f 170//331 240//331 171//331
f 171//332 240//332 241//332
f 171//333 241//333 172//333
f 172//334 241//334 242//334
f 172//335 242//335 173//335
f 173//336 242//336 243//336
f 173//337 243//337 174//337
f 174//338 243//338 244//338
f 174//339 244//339 175//339
f 175//340 244//340 245//340
f 175//341 245//341 176//341
f 176//342 245//342 246//342
f 176//343 246//343 177//343
f 177//344 246//344 247//344
f 177//345 247//345 178//345
f 178//346 247//346 248//346
f 178//347 248//347 179//347
f 179//348 248//348 249//348
f 179//349 249//349 180//349
f 180//350 249//350 250//350
f 180//351 250//351 181//351
f 181//352 250//352 251//352
f 181//353 251//353 182//353
f 182//354 251//354 252//354
f 182//355 252//355 183//355
f 183//356 252//356 253//356
f 183//357 253//357 184//357
f 184//358 253//358 254//358
f 184//359 254//359 185//359
f 185//360 254//360 255//360
f 185//361 255//361 186//361
f 186//362 255//362 256//362
f 186//363 256//363 187//363
f 187//364 256//364 257//364
f 187//365 257//365 188//365
f 188//366 257//366 258//366
f 188//367 258//367 189//367
f 189//368 258//368 259//368
f 189//369 259//369 190//369
f 190//370 259//370 260//370
f 190//371 260//371 191//371
f 191//372 260//372 261//372
f 191//373 261//373 192//373
f 192//374 261//374 262//374
f 192//375 262//375 193//375
f 193//376 262//376 263//376
f 193//377 263//377 194//377
f 194//378 263//378 264//378
f 194//379 264//379 195//379
f 195//380 264//380 265//380
f 195//381 265//381 196//381
f 196//382 265//382 266//382
f 196//383 266//383 197//383
f 197//384 266//384 267//384
f 197//385 267//385 198//385
f 198//386 267//386 268//386
f 198//387 268//387 199//387
f 199//388 268//388 269//388
f 199//389 269//389 200//389
f 200//390 269//390 270//390
f 200//391 270//391 201//391
f 201//392 270//392 271//392
f 201//393 271//393 202//393
f 202//394 271//394 272//394
f 202//395 272//395 203//395
f 203//396 272//396 273//396
f 203//397 273//397 204//397
f 204//398 273//398 274//398
f 204//399 274//399 205//399
f 205//400 274//400 275//400
f 205//401 275//401 206//401
f 206//402 275//402 276//402
f 206//403 276//403 207//403
f 207//404 276//404 277//404
f 207//405 277//405 208//405
f 208//406 277//406 278//406
f 208//407 278//407 209//407
f 209//408 278//408 279//408
f 209//409 279//409 210//409
f 210//410 279//410 280//410
f 211//411 281//411 212//411
f 212//412 281//412 282//412
f 212//413 282//413 213//413
f 213//414 282//414 283//414
f 213//415 283//415 214//415
f 214//416 283//416 284//416
f 214//417 284//417 215//417
f 215//418 284//418 285//418
f 215//419 285//419 216//419
f 216//420 285//420 286//420
f 216//421 286//421 217//421
f 217//422 286//422 287//422
f 217//423 287//423 218//423
f 218//424 287//424 288//424
f 218//425 288//425 219//425
f 219//426 288//426 289//426
f 219//427 289//427 220//427
f 220//428 289//428 290//428
f 220//429 290//429 221//429
f 221//430 290//430 291//430
f 221//431 291//431 222//431
f 222//432 291//432 292//432
f 222//433 292//433 223//433
f 223//434 292//434 293//434
f 223//435 293//435 224//435
f 224//436 293//436 294//436
f 224//437 294//437 225//437
f 225//438 294//438 295//438
f 225//439 295//439 226//439
f 226//440 295//440 296//440
f 226//441 296//441 227//441
f 227//442 296//442 297//442
f 227//443 297//443 228//443
f 228//444 297//444 298//444
f 228//445 298//445 229//445
f 229//446 298//446 299//446
f 229//447 299//447 230//447
f 230//448 299//448 300//448
f 230//449 300//449 231//449
f 231//449 300//449 301//449
f 231//450 301//450 232//450
f 232//451 301//451 302//451
f 232//452 302//452 233//452
f 233//453 302//453 303//453
f 233//454 303//454 234//454
f 234//455 303//455 304//455
f 234//456 304//456 235//456
f 235//457 304//457 305//457
f 235//458 305//458 236//458
f 236//459 305//459 306//459
f 236//460 306//460 237//460
f 237//461 306//461 307//461
f 237//462 307//462 238//462
f 238//463 307//463 308//463
f 238//464 308//464 239//464
f 239//465 308//465 309//465
f 239//466 309//466 240//466
f 240//467 309//467 310//467
f 240//468 310//468 241//468
f 241//469 310//469 311//469
f 241//470 311//470 242//470
f 242//471 311//471 312//471
f 242//472 312//472 243//472
f 243//473 312//473 313//473
f 243//474 313//474 244//474
f 244//475 313//475 314//475
f 244//101 314//101 245//101
f 245//476 314//476 315//476
f 245//477 315//477 246//477
f 246//478 315//478 316//478
f 246//479 316//479 247//479
f 247//480 316//480 317//480
f 247//481 317//481 248//481
f 248//482 317//482 318//482
f 248//483 318//483 249//483
f 249//484 318//484 319//484
f 249//485 319//485 250//485
f 250//486 319//486 320//486
f 250//487 320//487 251//487
f 251//488 320//488 321//488
f 251//489 321//489 252//489
f 252//490 321//490 322//490
f 252//491 322//491 253//491
f 253//492 322//492 323//492
f 253//493 323//493 254//493
f 254//494 323//494 324//494
f 254//495 324//495 255//495
f 255//496 324//496 325//496
f 255//497 325//497 256//497
f 256//498 325//498 326//498
f 256//499 326//499 257//499
f 257//500 326//500 327//500
f 257//501 327//501 258//501
f 258//502 327//502 328//502
f 258//503 328//503 259//503
f 259//504 328//504 329//504
f 259//505 329//505 260//505
f 260//506 329//506 330//506
f 260//507 330//507 261//507
f 261//508 330//508 331//508
f 261//509 331//509 262//509
f 262//510 331//510 332//510
f 262//511 332//511 263//511
f 263//512 332//512 333//512
f 263//513 333//513 264//513
f 264//514 333//514 334//514
f 264//515 334//515 265//515
f 265//516 334//516 335//516
f 265//517 335//517 266//517
f 266//518 335//518 336//518
f 266//519 336//519 267//519
f 267//520 336//520 337//520
f 267//521 337//521 268//521
f 268//522 337//522 338//522
f 268//523 338//523 269//523
f 269//524 338//524 339//524
f 269//525 339//525 270//525
f 270//526 339//526 340//526
f 270//527 340//527 271//527
f 271//528 340//528 341//528
f 271//529 341//529 272//529
f 272//530 341//530 342//530
f 272//531 342//531 273//531
f 273//532 342//532 343//532
f 273//533 343//533 274//533
f 274//534 343//534 344//534
f 274//535 344//535 275//535
f 275//536 344//536 345//536
f 275//537 345//537 276//537
f 276//538 345//538 346//538
f 276//539 346//539 277//539
f 277//540 346//540 347//540
f 277//541 347//541 278//541
f 278//542 347//542 348//542
f 278//543 348//543 279//543
f 279//544 348//544 349//544
f 279//545 349//545 280//545
f 280//546 349//546 350//546
f 281//547 351//547 282//547
f 282//548 351//548 352//548
f 282//549 352//549 283//549
f 283//550 352//550 353//550
f 283//551 353//551 284//551
f 284//552 353//552 354//552
f 284//553 354//553 285//553
f 285//554 354//554 355//554
f 285//555 355//555 286//555
f 286//556 355//556 356//556
f 286//557 356//557 287//557
f 287//558 356//558 357//558
f 287//559 357//559 288//559
f 288//560 357//560 358//560
f 288//561 358//561 289//561
f 289//562 358//562 359//562
f 289//563 359//563 290//563
f 290//564 359//564 360//564
f 290//565 360//565 291//565
f 291//566 360//566 361//566
f 291//567 361//567 292//567
f 292//568 361//568 362//568
f 292//569 362//569 293//569
f 293//570 362//570 363//570
f 293//571 363//571 294//571
f 294//572 363//572 364//572
f 294//573 364//573 295//573
f 295//574 364//574 365//574
f 295//575 365//575 296//575
f 296//576 365//576 366//576
f 296//577 366//577 297//577
f 297//578 366//578 367//578
f 297//579 367//579 298//579
f 298//580 367//580 368//580
f 298//581 368//581 299//581
f 299//582 368//582 369//582
f 299//583 369//583 300//583
f 300//584 369//584 370//584
f 300//585 370//585 301//585
f 301//586 370//586 371//586
f 301//587 371//587 302//587
f 302//588 371//588 372//588
f 302//589 372//589 303//589
f 303//590 372//590 373//590
f 303//591 373//591 304//591
f 304//592 373//592 374//592
f 304//593 374//593 305//593
f 305//594 374//594 375//594
f 305//595 375//595 306//595
f 306//596 375//596 376//596
f 306//597 376//597 307//597
f 307//598 376//598 377//598
f 307//599 377//599 308//599
f 308//600 377//600 378//600
f 308//601 378//601 309//601
f 309//602 378//602 379//602
f 309//603 379//603 310//603
f 310//604 379//604 380//604
f 310//605 380//605 311//605
f 311//606 380//606 381//606
f 311//607 381//607 312//607
f 312//608 381//608 382//608
f 312//609 382//609 313//609
f 313//610 382//610 383//610
f 313//611 383//611 314//611
f 314//612 383//612 384//612
f 314//613 384//613 315//613
f 315//614 384//614 385//614
f 315//615 385//615 316//615
f 316//616 385//616 386//616
f 316//617 386//617 317//617
f 317//618 386//618 387//618
f 317//619 387//619 318//619
f 318//620 387//620 388//620
f 318//621 388//621 319//621
f 319//622 388//622 389//622
f 319//623 389//623 320//623
f 320//624 389//624 390//624
f 320//625 390//625 321//625
f 321//626 390//626 391//626
f 321//627 391//627 322//627
f 322//628 391//628 392//628
f 322//629 392//629 323//629
f 323//630 392//630 393//630
f 323//631 393//631 324//631
f 324//632 393//632 394//632
f 324//633 394//633 325//633
f 325//634 394//634 395//634
f 325//635 395//635 326//635
f 326//636 395//636 396//636
f 326//637 396//637 327//637
f 327//638 396//638 397//638
f 327//639 397//639 328//639
f 328//640 397//640 398//640
f 328//641 398//641 329//641
f 329//642 398//642 399//642
f 329//643 399//643 330//643
f 330//644 399//644 400//644
f 330//645 400//645 331//645
f 331//646 400//646 401//646
f 331//647 401//647 332//647
f 332//648 401//648 402//648
f 332//512 402//512 333//512
f 333//649 402//649 403//649
f 333//650 403//650 334//650
f 334//651 403//651 404//651
f 334//652 404//652 335//652
f 335//653 404//653 405//653
f 335//654 405//654 336//654
f 336//655 405//655 406//655
f 336//656 406//656 337//656
f 337//657 406//657 407//657
f 337//658 407//658 338//658
f 338//659 407//659 408//659
f 338//660 408//660 339//660
f 339//661 408//661 409//661
f 339//662 409//662 340//662
f 340//663 409//663 410//663
f 340//664 410//664 341//664
f 341//665 410//665 411//665
f 341//666 411//666 342//666
f 342//667 411//667 412//667
f 342//668 412//668 343//668
f 343//669 412//669 413//669
f 343//670 413//670 344//670
f 344//671 413//671 414//671
f 344//672 414//672 345//672
f 345//673 414//673 415//673
f 345//674 415//674 346//674
f 346//675 415//675 416//675
f 346//676 416//676 347//676
f 347//677 416//677 417//677
f 347//678 417//678 348//678
f 348//679 417//679 418//679
f 348//680 418//680 349//680
f 349//681 418//681 419//681
f 349//682 419//682 350//682
f 350//683 419//683 420//683
f 351//684 421//684 352//684
f 352//685 421//685 422//685
f 352//686 422//686 353//686
f 353//687 422//687 423//687
f 353//688 423//688 354//688
f 354//689 423//689 424//689
f 354//690 424//690 355//690
f 355//691 424//691 425//691
f 355//692 425//692 356//692
f 356//693 425//693 426//693
f 356//694 426//694 357//694
f 357//695 426//695 427//695
f 357//696 427//696 358//696
f 358//697 427//697 428//697
f 358//698 428//698 359//698
f 359//699 428//699 429//699
f 359//700 429//700 360//700
f 360//701 429//701 430//701
f 360//702 430//702 361//702
f 361//703 430//703 431//703
f 361//704 431//704 362//704
f 362//705 431//705 432//705
f 362//706 432//706 363//706
f 363//707 432//707 433//707
f 363//708 433//708 364//708
f 364//709 433//709 434//709
f 364//710 434//710 365//710
f 365//711 434//711 435//711
f 365//712 435//712 366//712
f 366//713 435//713 436//713
f 366//714 436//714 367//714
f 367//715 436//715 437//715
f 367//716 437//716 368//716
f 368//717 437//717 438//717
f 368//718 438//718 369//718
f 369//719 438//719 439//719
f 369//720 439//720 370//720
f 370//721 439//721 440//721
f 370//722 440//722 371//722
f 371//723 440//723 441//723
f 371//724 441//724 372//724
f 372//725 441//725 442//725
f 372//726 442//726 373//726
f 373//727 442//727 443//727
f 373//728 443//728 374//728
f 374//729 443//729 444//729
f 374//730 444//730 375//730
f 375//731 444//731 445//731
f 375//732 445//732 376//732
f 376//733 445//733 446//733
f 376//245 446//245 377//245
f 377//734 446//734 447//734
f 377//735 447//735 378//735
f 378//736 447//736 448//736
f 378//737 448//737 379//737
f 379//738 448//738 449//738
f 379//739 449//739 380//739
f 380//740 449//740 450//740
f 380//741 450//741 381//741
f 381//742 450//742 451//742
f 381//743 451//743 382//743
f 382//744 451//744 452//744
f 382//745 452//745 383//745
f 383//746 452//746 453//746
f 383//747 453//747 384//747
f 384//748 453//748 454//748
f 384//749 454//749 385//749
f 385//750 454//750 455//750
f 385//751 455//751 386//751
f 386//752 455//752 456//752
f 386//753 456//753 387//753
f 387//754 456//754 457//754
f 387//755 457//755 388//755
f 388//756 457//756 458//756
f 388//757 458//757 389//757
f 389//758 458//758 459//758
f 389//759 459//759 390//759
f 390//760 459//760 460//760
f 390//761 460//761 391//761
f 391//762 460//762 461//762
f 391//763 461//763 392//763
f 392//764 461//764 462//764
f 392//765 462//765 393//765
f 393//766 462//766 463//766
f 393//767 463//767 394//767
f 394//768 463//768 464//768
f 394//769 464//769 395//769
f 395//770 464//770 465//770
f 395//771 465//771 396//771
f 396//772 465//772 466//772
f 396//773 466//773 397//773
f 397//774 466//774 467//774
f 397//775 467//775 398//775
f 398//776 467//776 468//776
f 398//777 468//777 399//777
f 399//778 468//778 469//778
f 399//779 469//779 400//779
f 400//779 469//779 470//779
f 400//780 470//780 401//780
f 401//781 470//781 471//781
f 401//782 471//782 402//782
f 402//783 471//783 472//783
f 402//784 472//784 403//784
f 403//785 472//785 473//785
f 403//786 473//786 404//786
f 404//787 473//787 474//787
f 404//788 474//788 405//788
f 405//789 474//789 475//789
f 405//790 475//790 406//790
f 406//791 475//791 476//791
f 406//792 476//792 407//792
f 407//793 476//793 477//793
f 407//794 477//794 408//794
f 408//795 477//795 478//795
f 408//796 478//796 409//796
f 409//797 478//797 479//797
f 409//798 479//798 410//798
f 410//799 479//799 480//799
f 410//800 480//800 411//800
f 411//801 480//801 481//801
f 411//802 481//802 412//802
f 412//803 481//803 482//803
f 412//804 482//804 413//804
f 413//805 482//805 483//805
f 413//806 483//806 414//806
f 414//807 483//807 484//807
f 414//808 484//808 415//808
f 415//809 484//809 485//809
f 415//810 485//810 416//810
f 416//811 485//811 486//811
f 416//812 486//812 417//812
f 417//813 486//813 487//813
f 417//814 487//814 418//814
f 418//815 487//815 488//815
f 418//816 488//816 419//816
f 419//817 488//817 489//817
f 419//818 489//818 420//818
f 420//819 489//819 490//819
f 421//820 491//820 422//820
f 422//821 491//821 492//821
f 422//822 492//822 423//822
f 423//823 492//823 493//823
f 423//824 493//824 424//824
f 424//825 493//825 494//825
f 424//133 494//133 425//133
f 425//826 494//826 495//826
f 425//827 495//827 426//827
f 426//828 495//828 496//828
f 426//829 496//829 427//829
f 427//830 496//830 497//830
f 427//831 497//831 428//831
f 428//832 497//832 498//832
f 428//833 498//833 429//833
f 429//834 498//834 499//834
f 429//835 499//835 430//835
f 430//836 499//836 500//836
f 430//837 500//837 431//837
f 431//838 500//838 501//838
f 431//839 501//839 432//839
f 432//840 501//840 502//840
f 432//841 502//841 433//841
f 433//842 502//842 503//842
f 433//843 503//843 434//843
f 434//844 503//844 504//844
f 434//845 504//845 435//845
f 435//846 504//846 505//846
f 435//847 505//847 436//847
f 436//848 505//848 506//848
f 436//849 506//849 437//849
f 437//850 506//850 507//850
f 437//851 507//851 438//851
f 438//852 507//852 508//852
f 438//853 508//853 439//853
f 439//854 508//854 509//854
f 439//855 509//855 440//855
f 440//856 509//856 510//856
f 440//857 510//857 441//857
f 441//858 510//858 511//858
f 441//859 511//859 442//859
f 442//860 511//860 512//860
f 442//861 512//861 443//861
f 443//862 512//862 513//862
f 443//863 513//863 444//863
f 444//864 513//864 514//864
f 444//865 514//865 445//865
f 445//866 514//866 515//866
f 445//867 515//867 446//867
f 446//868 515//868 516//868
f 446//869 516//869 447//869
f 447//870 516//870 517//870
f 447//871 517//871 448//871
f 448//872 517//872 518//872
f 448//873 518//873 449//873
f 449//874 518//874 519//874
f 449//875 519//875 450//875
f 450//876 519//876 520//876
f 450//877 520//877 451//877
f 451//878 520//878 521//878
f 451//879 521//879 452//879
f 452//880 521//880 522//880
f 452//881 522//881 453//881
f 453//882 522//882 523//882
f 453//883 523//883 454//883
f 454//884 523//884 524//884
f 454//885 524//885 455//885
f 455//886 524//886 525//886
f 455//887 525//887 456//887
f 456//888 525//888 526//888
f 456//889 526//889 457//889
f 457//890 526//890 527//890
f 457//891 527//891 458//891
f 458//892 527//892 528//892
f 458//893 528//893 459//893
f 459//894 528//894 529//894
f 459//895 529//895 460//895
f 460//896 529//896 530//896
f 460//897 530//897 461//897
f 461//898 530//898 531//898
f 461//899 531//899 462//899
f 462//679 531//679 532//679
f 462//900 532//900 463//900
f 463//901 532//901 533//901
f 463//902 533//902 464//902
f 464//903 533//903 534//903
f 464//904 534//904 465//904
f 465//905 534//905 535//905
f 465//906 535//906 466//906
f 466//907 535//907 536//907
f 466//908 536//908 467//908
f 467//909 536//909 537//909
f 467//910 537//910 468//910
f 468//911 537//911 538//911
f 468//912 538//912 469//912
f 469//913 538//913 539//913
f 469//914 539//914 470//914
f 470//915 539//915 540//915
f 470//916 540//916 471//916
f 471//917 540//917 541//917
f 471//918 541//918 472//918
f 472//919 541//919 542//919
f 472//920 542//920 473//920
f 473//921 542//921 543//921
f 473//922 543//922 474//922
f 474//923 543//923 544//923
f 474//924 544//924 475//924
f 475//925 544//925 545//925
f 475//926 545//926 476//926
f 476//927 545//927 546//927
f 476//928 546//928 477//928
f 477//929 546//929 547//929
f 477//930 547//930 478//930
f 478//931 547//931 548//931
f 478//932 548//932 479//932
f 479//933 548//933 549//933
f 479//934 549//934 480//934
f 480//935 549//935 550//935
f 480//936 550//936 481//936
f 481//937 550//937 551//937
f 481//938 551//938 482//938
f 482//939 551//939 552//939
f 482//940 552//940 483//940
f 483//941 552//941 553//941
f 483//942 553//942 484//942
f 484//943 553//943 554//943
f 484//944 554//944 485//944
f 485//945 554//945 555//945
f 485//946 555//946 486//946
f 486//947 555//947 556//947
f 486//948 556//948 487//948
f 487//949 556//949 557//949
f 487//369 557//369 488//369
f 488//950 557//950 558//950
f 488//951 558//951 489//951
f 489//952 558//952 559//952
f 489//953 559//953 490//953
f 490//954 559//954 560//954
f 491//955 561//955 492//955
f 492//956 561//956 562//956
f 492//957 562//957 493//957
f 493//958 562//958 563//958
f 493//959 563//959 494//959
f 494//960 563//960 564//960
f 494//961 564//961 495//961
f 495//962 564//962 565//962
f 495//963 565//963 496//963
f 496//964 565//964 566//964
f 496//965 566//965 497//965
f 497//966 566//966 567//966
f 497//967 567//967 498//967
f 498//968 567//968 568//968
f 498//969 568//969 499//969
f 499//970 568//970 569//970
f 499//971 569//971 500//971
f 500//972 569//972 570//972
f 500//973 570//973 501//973
f 501//974 570//974 571//974
f 501//975 571//975 502//975
f 502//976 571//976 572//976
f 502//977 572//977 503//977
f 503//978 572//978 573//978
f 503//979 573//979 504//979
f 504//980 573//980 574//980
f 504//981 574//981 505//981
f 505//982 574//982 575//982
f 505//983 575//983 506//983
f 506//984 575//984 576//984
f 506//985 576//985 507//985
f 507//986 576//986 577//986
f 507//987 577//987 508//987
f 508//988 577//988 578//988
f 508//989 578//989 509//989
f 509//990 578//990 579//990
f 509//991 579//991 510//991
f 510//992 579//992 580//992
f 510//993 580//993 511//993
f 511//994 580//994 581//994
f 511//995 581//995 512//995
f 512//996 581//996 582//996
f 512//997 582//997 513//997
f 513//998 582//998 583//998
f 513//999 583//999 514//999
f 514//1000 583//1000 584//1000
f 514//1001 584//1001 515//1001
f 515//1002 584//1002 585//1002
f 515//1003 585//1003 516//1003
f 516//1004 585//1004 586//1004
f 516//1005 586//1005 517//1005
f 517//1006 586//1006 587//1006
f 517//1007 587//1007 518//1007
f 518//1008 587//1008 588//1008
f 518//1009 588//1009 519//1009
f 519//1010 588//1010 589//1010
f 519//1011 589//1011 520//1011
f 520//1012 589//1012 590//1012
f 520//1013 590//1013 521//1013
f 521//1014 590//1014 591//1014
f 521//1015 591//1015 522//1015
f 522//1016 591//1016 592//1016
f 522//1017 592//1017 523//1017
f 523//1018 592//1018 593//1018
f 523//1019 593//1019 524//1019
f 524//1020 593//1020 594//1020
f 524//1021 594//1021 525//1021
f 525//1022 594//1022 595//1022
f 525//1023 595//1023 526//1023
f 526//1024 595//1024 596//1024
f 526//1025 596//1025 527//1025
f 527//1026 596//1026 597//1026
f 527//1027 597//1027 528//1027
f 528//1028 597//1028 598//1028
f 528//1029 598//1029 529//1029
f 529//1030 598//1030 599//1030
f 529//1031 599//1031 530//1031
f 530//1032 599//1032 600//1032
f 530//1033 600//1033 531//1033
f 531//1034 600//1034 601//1034
f 531//1035 601//1035 532//1035
f 532//1036 601//1036 602//1036
f 532//1037 602//1037 533//1037
f 533//1038 602//1038 603//1038
f 533//1039 603//1039 534//1039
f 534//1040 603//1040 604//1040
f 534//1041 604//1041 535//1041
f 535//1042 604//1042 605//1042
f 535//1043 605//1043 536//1043
f 536//1044 605//1044 606//1044
f 536//1045 606//1045 537//1045
f 537//1046 606//1046 607//1046
f 537//1047 607//1047 538//1047
f 538//1048 607//1048 608//1048
f 538//1049 608//1049 539//1049
f 539//1050 608//1050 609//1050
f 539//1051 609//1051 540//1051
f 540//1052 609//1052 610//1052
f 540//1053 610//1053 541//1053
f 541//1054 610//1054 611//1054
f 541//1055 611//1055 542//1055
f 542//1056 611//1056 612//1056
f 542//1057 612//1057 543//1057
f 543//1058 612//1058 613//1058
f 543//1059 613//1059 544//1059
f 544//1060 613//1060 614//1060
f 544//1061 614//1061 545//1061
f 545//1062 614//1062 615//1062
f 545//1063 615//1063 546//1063
f 546//1064 615//1064 616//1064
f 546//1065 616//1065 547//1065
f 547//1066 616//1066 617//1066
f 547//1067 617//1067 548//1067
f 548//1068 617//1068 618//1068
f 548//1069 618//1069 549//1069
f 549//1070 618//1070 619//1070
f 549//1071 619//1071 550//1071
f 550//1072 619//1072 620//1072
f 550//1073 620//1073 551//1073
f 551//1074 620//1074 621//1074
f 551//1075 621//1075 552//1075
f 552//1076 621//1076 622//1076
f 552//1077 622//1077 553//1077
f 553//1078 622//1078 623//1078
f 553//1079 623//1079 554//1079
f 554//1080 623//1080 624//1080
f 554//1081 624//1081 555//1081
f 555//1082 624//1082 625//1082
f 555//1083 625//1083 556//1083
f 556//1084 625//1084 626//1084
f 556//1085 626//1085 557//1085
f 557//1086 626//1086 627//1086
f 557//1087 627//1087 558//1087
f 558//1088 627//1088 628//1088
f 558//1089 628//1089 559//1089
f 559//1090 628//1090 629//1090
f 559//1091 629//1091 560//1091
f 560//1092 629//1092 630//1092
f 561//1093 631//1093 562//1093
f 562//1094 631//1094 632//1094
f 562//1095 632//1095 563//1095
f 563//1096 632//1096 633//1096
f 563//1097 633//1097 564//1097
f 564//1098 633//1098 634//1098
f 564//1099 634//1099 565//1099
f 565//1100 634//1100 635//1100
f 565//1101 635//1101 566//1101
f 566//1102 635//1102 636//1102
f 566//1103 636//1103 567//1103
f 567//1104 636//1104 637//1104
f 567//1105 637//1105 568//1105
f 568//1106 637//1106 638//1106
f 568//1107 638//1107 569//1107
f 569//1108 638//1108 639//1108
f 569//1109 639//1109 570//1109
f 570//1110 639//1110 640//1110
f 570//1111 640//1111 571//1111
f 571//1112 640//1112 641//1112
f 571//1113 641//1113 572//1113
f 572//1114 641//1114 642//1114
f 572//1115 642//1115 573//1115
f 573//1116 642//1116 643//1116
f 573//1117 643//1117 574//1117
f 574//1118 643//1118 644//1118
f 574//1119 644//1119 575//1119
f 575//1119 644//1119 645//1119
f 575//1120 645//1120 576//1120
f 576//1121 645//1121 646//1121
f 576//1122 646//1122 577//1122
f 577//1123 646//1123 647//1123
f 577//1124 647//1124 578//1124
f 578//1125 647//1125 648//1125
f 578//1126 648//1126 579//1126
f 579//1127 648//1127 649//1127
f 579//1128 649//1128 580//1128
f 580//1129 649//1129 650//1129
f 580//1130 650//1130 581//1130
f 581//1131 650//1131 651//1131
f 581//1132 651//1132 582//1132
f 582//1133 651//1133 652//1133
f 582//1134 652//1134 583//1134
f 583//1135 652//1135 653//1135
f 583//1136 653//1136 584//1136
f 584//1137 653//1137 654//1137
f 584//1138 654//1138 585//1138
f 585//1139 654//1139 655//1139
f 585//1140 655//1140 586//1140
f 586//1141 655//1141 656//1141
f 586//1142 656//1142 587//1142
f 587//1143 656//1143 657//1143
f 587//1144 657//1144 588//1144
f 588//1145 657//1145 658//1145
f 588//1146 658//1146 589//1146
f 589//1147 658//1147 659//1147
f 589//1148 659//1148 590//1148
f 590//1149 659//1149 660//1149
f 590//1150 660//1150 591//1150
f 591//1151 660//1151 661//1151
f 591//1152 661//1152 592//1152
f 592//1153 661//1153 662//1153
f 592//1154 662//1154 593//1154
f 593//1155 662//1155 663//1155
f 593//1156 663//1156 594//1156
f 594//1157 663//1157 664//1157
f 594//1158 664//1158 595//1158
f 595//1159 664//1159 665//1159
f 595//1160 665//1160 596//1160
f 596//1161 665//1161 666//1161
f 596//1162 666//1162 597//1162
f 597//1163 666//1163 667//1163
f 597//1164 667//1164 598//1164
f 598//1165 667//1165 668//1165
f 598//1166 668//1166 599//1166
f 599//1167 668//1167 669//1167
f 599//1168 669//1168 600//1168
f 600//1169 669//1169 670//1169
f 600//1170 670//1170 601//1170
f 601//1171 670//1171 671//1171
f 601//1172 671//1172 602//1172
f 602//1173 671//1173 672//1173
f 602//1174 672//1174 603//1174
f 603//1175 672//1175 673//1175
f 603//1176 673//1176 604//1176
f 604//1177 673//1177 674//1177
f 604//1178 674//1178 605//1178
f 605//1179 674//1179 675//1179
f 605//1180 675//1180 606//1180
f 606//1181 675//1181 676//1181
f 606//1182 676//1182 607//1182
f 607//1183 676//1183 677//1183
f 607//1184 677//1184 608//1184
f 608//1185 677//1185 678//1185
f 608//1186 678//1186 609//1186
f 609//1187 678//1187 679//1187
f 609//1188 679//1188 610//1188
f 610//1189 679//1189 680//1189
f 610//1190 680//1190 611//1190
f 611//1191 680//1191 681//1191
f 611//1192 681//1192 612//1192
f 612//1193 681//1193 682//1193
f 612//1194 682//1194 613//1194
f 613//1195 682//1195 683//1195
f 613//1196 683//1196 614//1196
f 614//1197 683//1197 684//1197
f 614//1198 684//1198 615//1198
f 615//1199 684//1199 685//1199
f 615//1200 685//1200 616//1200
f 616//1201 685//1201 686//1201
f 616//1202 686//1202 617//1202
f 617//1203 686//1203 687//1203
f 617//1204 687//1204 618//1204
f 618//1205 687//1205 688//1205
f 618//1206 688//1206 619//1206
f 619//1207 688//1207 689//1207
f 619//1208 689//1208 620//1208
f 620//1209 689//1209 690//1209
f 620//1210 690//1210 621//1210
f 621//1211 690//1211 691//1211
f 621//1212 691//1212 622//1212
f 622//1213 691//1213 692//1213
f 622//1214 692//1214 623//1214
f 623//1215 692//1215 693//1215
f 623//1216 693//1216 624//1216
f 624//1217 693//1217 694//1217
f 624//1218 694//1218 625//1218
f 625//1219 694//1219 695//1219
f 625//1220 695//1220 626//1220
f 626//1221 695//1221 696//1221
f 626//1222 696//1222 627//1222
f 627//1223 696//1223 697//1223
f 627//1224 697//1224 628//1224
f 628//1225 697//1225 698//1225
f 628//1226 698//1226 629//1226
f 629//1227 698//1227 699//1227
f 629//1228 699//1228 630//1228
f 630//1229 699//1229 700//1229
f 631//1230 701//1230 632//1230
f 632//1231 701//1231 702//1231
f 632//1232 702//1232 633//1232
f 633//1233 702//1233 703//1233
f 633//1234 703//1234 634//1234
f 634//1235 703//1235 704//1235
f 634//1236 704//1236 635//1236
f 635//1237 704//1237 705//1237
f 635//1238 705//1238 636//1238
f 636//1239 705//1239 706//1239
f 636//1240 706//1240 637//1240
f 637//1241 706//1241 707//1241
f 637//1242 707//1242 638//1242
f 638//1243 707//1243 708//1243
f 638//1244 708//1244 639//1244
f 639//1245 708//1245 709//1245
f 639//1246 709//1246 640//1246
f 640//1247 709//1247 710//1247
f 640//1248 710//1248 641//1248
f 641//1249 710//1249 711//1249
f 641//1250 711//1250 642//1250
f 642//1251 711//1251 712//1251
f 642//1252 712//1252 643//1252
f 643//1253 712//1253 713//1253
f 643//1254 713//1254 644//1254
f 644//1255 713//1255 714//1255
f 644//1256 714//1256 645//1256
f 645//1257 714//1257 715//1257
f 645//1258 715//1258 646//1258
f 646//1259 715//1259 716//1259
f 646//1260 716//1260 647//1260
f 647//1261 716//1261 717//1261
f 647//1262 717//1262 648//1262
f 648//1263 717//1263 718//1263
f 648//1264 718//1264 649//1264
f 649//1265 718//1265 719//1265
f 649//1266 719//1266 650//1266
f 650//1267 719//1267 720//1267
f 650//39 720//39 651//39
f 651//1268 720//1268 721//1268
f 651//1269 721//1269 652//1269
f 652//1270 721//1270 722//1270
f 652//1271 722//1271 653//1271
f 653//1272 722//1272 723//1272
f 653//1273 723//1273 654//1273
f 654//1274 723//1274 724//1274
f 654//1275 724//1275 655//1275
f 655//1276 724//1276 725//1276
f 655//1277 725//1277 656//1277
f 656//1278 725//1278 726//1278
f 656//1279 726//1279 657//1279
f 657//1280 726//1280 727//1280
f 657//1281 727//1281 658//1281
f 658//359 727//359 728//359
f 658//1282 728//1282 659//1282
f 659//1283 728//1283 729//1283
f 659//1284 729//1284 660//1284
f 660//1285 729//1285 730//1285
f 660//1286 730//1286 661//1286
f 661//1287 730//1287 731//1287
f 661//1288 731//1288 662//1288
f 662//1289 731//1289 732//1289
f 662//1290 732//1290 663//1290
f 663//1291 732//1291 733//1291
f 663//1292 733//1292 664//1292
f 664//1293 733//1293 734//1293
f 664//1294 734//1294 665//1294
f 665//1295 734//1295 735//1295
f 665//1296 735//1296 666//1296
f 666//1297 735//1297 736//1297
f 666//1298 736//1298 667//1298
f 667//1299 736//1299 737//1299
f 667//1300 737//1300 668//1300
f 668//1301 737//1301 738//1301
f 668//1302 738//1302 669//1302
f 669//1303 738//1303 739//1303
f 669//1304 739//1304 670//1304
f 670//1305 739//1305 740//1305
f 670//1306 740//1306 671//1306
f 671//1307 740//1307 741//1307
f 671//1308 741//1308 672//1308
f 672//1309 741//1309 742//1309
f 672//1310 742//1310 673//1310
f 673//1311 742//1311 743//1311
f 673//1312 743//1312 674//1312
f 674//1313 743//1313 744//1313
f 674//1314 744//1314 675//1314
f 675//1315 744//1315 745//1315
f 675//1316 745//1316 676//1316
f 676//1317 745//1317 746//1317
f 676//1318 746//1318 677//1318
f 677//1319 746//1319 747//1319
f 677//1320 747//1320 678//1320
f 678//1321 747//1321 748//1321
f 678//1322 748//1322 679//1322
f 679//1323 748//1323 749//1323
f 679//1324 749//1324 680//1324
f 680//1325 749//1325 750//1325
f 680//1326 750//1326 681//1326
f 681//1327 750//1327 751//1327
f 681//1328 751//1328 682//1328
f 682//1329 751//1329 752//1329
f 682//1330 752//1330 683//1330
f 683//1331 752//1331 753//1331
f 683//1332 753//1332 684//1332
f 684//1333 753//1333 754//1333
f 684//1333 754//1333 685//1333
f 685//1334 754//1334 755//1334
f 685//1335 755//1335 686//1335
f 686//1336 755//1336 756//1336
f 686//1337 756//1337 687//1337
f 687//1338 756//1338 757//1338
f 687//1339 757//1339 688//1339
f 688//1340 757//1340 758//1340
f 688//1341 758//1341 689//1341
f 689//1342 758//1342 759//1342
f 689//1343 759//1343 690//1343
f 690//1344 759//1344 760//1344
f 690//1345 760//1345 691//1345
f 691//1346 760//1346 761//1346
f 691//1347 761//1347 692//1347
f 692//1348 761//1348 762//1348
f 692//1349 762//1349 693//1349
f 693//1350 762//1350 763//1350
f 693//1351 763//1351 694//1351
f 694//1352 763//1352 764//1352
f 694//1353 764//1353 695//1353
f 695//1354 764//1354 765//1354
f 695//1355 765//1355 696//1355
f 696//1356 765//1356 766//1356
f 696//1357 766//1357 697//1357
f 697//1358 766//1358 767//1358
f 697//1359 767//1359 698//1359
f 698//1360 767//1360 768//1360
f 698//1361 768//1361 699//1361
f 699//1362 768//1362 769//1362
f 699//1363 769//1363 700//1363
f 700//1364 769//1364 770//1364
f 701//1365 771//1365 702//1365
f 702//1366 771//1366 772//1366
f 702//1367 772//1367 703//1367
f 703//1368 772//1368 773//1368
f 703//1369 773//1369 704//1369
f 704//1370 773//1370 774//1370
f 704//1371 774//1371 705//1371
f 705//1372 774//1372 775//1372
f 705//1373 775//1373 706//1373
f 706//1374 775//1374 776//1374
f 706//1375 776//1375 707//1375
f 707//1376 776//1376 777//1376
f 707//1377 777//1377 708//1377
f 708//1378 777//1378 778//1378
f 708//1379 778//1379 709//1379
f 709//1379 778//1379 779//1379
f 709//1380 779//1380 710//1380
f 710//501 779//501 780//501
f 710//1381 780//1381 711//1381
f 711//1382 780//1382 781//1382
f 711//1383 781//1383 712//1383
f 712//1384 781//1384 782//1384
f 712//1385 782//1385 713//1385
f 713//1386 782//1386 783//1386
f 713//1387 783//1387 714//1387
f 714//1388 783//1388 784//1388
f 714//1389 784//1389 715//1389
f 715//1390 784//1390 785//1390
f 715//1391 785//1391 716//1391
f 716//1392 785//1392 786//1392
f 716//1393 786//1393 717//1393
f 717//1226 786//1226 787//1226
f 717//1394 787//1394 718//1394
f 718//1395 787//1395 788//1395
f 718//1396 788//1396 719//1396
f 719//1397 788//1397 789//1397
f 719//1398 789//1398 720//1398
f 720//737 789//737 790//737
f 720//1399 790//1399 721//1399
f 721//1400 790//1400 791//1400
f 721//1401 791//1401 722//1401
f 722//1402 791//1402 792//1402
f 722//1403 792//1403 723//1403
f 723//1404 792//1404 793//1404
f 723//1405 793//1405 724//1405
f 724//1406 793//1406 794//1406
f 724//1407 794//1407 725//1407
f 725//1408 794//1408 795//1408
f 725//1409 795//1409 726//1409
f 726//1410 795//1410 796//1410
f 726//1411 796//1411 727//1411
f 727//1412 796//1412 797//1412
f 727//1413 797//1413 728//1413
f 728//1414 797//1414 798//1414
f 728//1415 798//1415 729//1415
f 729//1416 798//1416 799//1416
f 729//1417 799//1417 730//1417
f 730//1418 799//1418 800//1418
f 730//1419 800//1419 731//1419
f 731//1420 800//1420 801//1420
f 731//1421 801//1421 732//1421
f 732//1422 801//1422 802//1422
f 732//1423 802//1423 733//1423
f 733//1424 802//1424 803//1424
f 733//1425 803//1425 734//1425
f 734//1426 803//1426 804//1426
f 734//1427 804//1427 735//1427
f 735//1428 804//1428 805//1428
f 735//1429 805//1429 736//1429
f 736//1430 805//1430 806//1430
f 736//1431 806//1431 737//1431
f 737//1432 806//1432 807//1432
f 737//1433 807//1433 738//1433
f 738//1434 807//1434 808//1434
f 738//1435 808//1435 739//1435
f 739//1436 808//1436 809//1436
f 739//1437 809//1437 740//1437
f 740//1438 809//1438 810//1438
f 740//1439 810//1439 741//1439
f 741//1440 810//1440 811//1440
f 741//1441 811//1441 742//1441
f 742//1442 811//1442 812//1442
f 742//1443 812//1443 743//1443
f 743//1444 812//1444 813//1444
f 743//1445 813//1445 744//1445
f 744//1446 813//1446 814//1446
f 744//1447 814//1447 745//1447
f 745//1448 814//1448 815//1448
f 745//1449 815//1449 746//1449
f 746//1450 815//1450 816//1450
f 746//1451 816//1451 747//1451
f 747//1452 816//1452 817//1452
f 747//1453 817//1453 748//1453
f 748//1454 817//1454 818//1454
f 748//1455 818//1455 749//1455
f 749//1456 818//1456 819//1456
f 749//1457 819//1457 750//1457
f 750//1458 819//1458 820//1458
f 750//1459 820//1459 751//1459
f 751//1460 820//1460 821//1460
f 751//1461 821//1461 752//1461
f 752//1462 821//1462 822//1462
f 752//1463 822//1463 753//1463
f 753//1464 822//1464 823//1464
f 753//1465 823//1465 754//1465
f 754//1466 823//1466 824//1466
f 754//1467 824//1467 755//1467
f 755//1468 824//1468 825//1468
f 755//1469 825//1469 756//1469
f 756//1470 825//1470 826//1470
f 756//1471 826//1471 757//1471
f 757//1472 826//1472 827//1472
f 757//1473 827//1473 758//1473
f 758//1474 827//1474 828//1474
f 758//1475 828//1475 759//1475
f 759//1476 828//1476 829//1476
f 759//1477 829//1477 760//1477
f 760//1478 829//1478 830//1478
f 760//1479 830//1479 761//1479
f 761//1480 830//1480 831//1480
f 761//1481 831//1481 762//1481
f 762//1482 831//1482 832//1482
f 762//1483 832//1483 763//1483
f 763//1484 832//1484 833//1484
f 763//1485 833//1485 764//1485
f 764//1486 833//1486 834//1486
f 764//1487 834//1487 765//1487
f 765//1488 834//1488 835//1488
f 765//1489 835//1489 766//1489
f 766//1490 835//1490 836//1490
f 766//1491 836//1491 767//1491
f 767//1492 836//1492 837//1492
f 767//1493 837//1493 768//1493
f 768//1494 837//1494 838//1494
f 768//1495 838//1495 769//1495
f 769//1496 838//1496 839//1496
f 769//1497 839//1497 770//1497
f 770//1498 839//1498 840//1498
f 771//1499 841//1499 772//1499
f 772//1500 841//1500 842//1500
f 772//1501 842//1501 773//1501
f 773//1502 842//1502 843//1502
f 773//1503 843//1503 774//1503
f 774//1504 843//1504 844//1504
f 774//1505 844//1505 775//1505
f 775//1506 844//1506 845//1506
f 775//1507 845//1507 776//1507
f 776//1508 845//1508 846//1508
f 776//1509 846//1509 777//1509
f 777//1510 846//1510 847//1510
f 777//1511 847//1511 778//1511
f 778//1512 847//1512 848//1512
f 778//1513 848//1513 779//1513
f 779//1514 848//1514 849//1514
f 779//1515 849//1515 780//1515
f 780//1516 849//1516 850//1516
f 780//1517 850//1517 781//1517
f 781//1518 850//1518 851//1518
f 781//1519 851//1519 782//1519
f 782//1520 851//1520 852//1520
f 782//1521 852//1521 783//1521
f 783//1522 852//1522 853//1522
f 783//1523 853//1523 784//1523
f 784//1524 853//1524 854//1524
f 784//1525 854//1525 785//1525
f 785//1526 854//1526 855//1526
f 785//1527 855//1527 786//1527
f 786//1528 855//1528 856//1528
f 786//1529 856//1529 787//1529
f 787//1530 856//1530 857//1530
f 787//1530 857//1530 788//1530
f 788//1531 857//1531 858//1531
f 788//1532 858//1532 789//1532
f 789//1533 858//1533 859//1533
f 789//1534 859//1534 790//1534
f 790//1535 859//1535 860//1535
f 790//1536 860//1536 791//1536
f 791//1537 860//1537 861//1537
f 791//1538 861//1538 792//1538
f 792//1539 861//1539 862//1539
f 792//1540 862//1540 793//1540
f 793//1541 862//1541 863//1541
f 793//1542 863//1542 794//1542
f 794//1543 863//1543 864//1543
f 794//1544 864//1544 795//1544
f 795//1545 864//1545 865//1545
f 795//1546 865//1546 796//1546
f 796//1547 865//1547 866//1547
f 796//1548 866//1548 797//1548
f 797//1549 866//1549 867//1549
f 797//1550 867//1550 798//1550
f 798//1551 867//1551 868//1551
f 798//1552 868//1552 799//1552
f 799//1553 868//1553 869//1553
f 799//1554 869//1554 800//1554
f 800//1555 869//1555 870//1555
f 800//1556 870//1556 801//1556
f 801//1557 870//1557 871//1557
f 801//1558 871//1558 802//1558
f 802//1559 871//1559 872//1559
f 802//1560 872//1560 803//1560
f 803//1561 872//1561 873//1561
f 803//1562 873//1562 804//1562
f 804//1563 873//1563 874//1563
f 804//1564 874//1564 805//1564
f 805//1565 874//1565 875//1565
f 805//1566 875//1566 806//1566
f 806//1567 875//1567 876//1567
f 806//1568 876//1568 807//1568
f 807//1569 876//1569 877//1569
f 807//1570 877//1570 808//1570
f 808//1571 877//1571 878//1571
f 808//1572 878//1572 809//1572
f 809//1573 878//1573 879//1573
f 809//1574 879//1574 810//1574
f 810//1575 879//1575 880//1575
f 810//1576 880//1576 811//1576
f 811//1577 880//1577 881//1577
f 811//1578 881//1578 812//1578
f 812//1579 881//1579 882//1579
f 812//1580 882//1580 813//1580
f 813//1581 882//1581 883//1581
f 813//1582 883//1582 814//1582
f 814//1583 883//1583 884//1583
f 814//1584 884//1584 815//1584
f 815//1585 884//1585 885//1585
f 815//1586 885//1586 816//1586
f 816//1587 885//1587 886//1587
f 816//1588 886//1588 817//1588
f 817//1589 886//1589 887//1589
f 817//1590 887//1590 818//1590
f 818//1591 887//1591 888//1591
f 818//1592 888//1592 819//1592
f 819//1593 888//1593 889//1593
f 819//1594 889//1594 820//1594
f 820//1595 889//1595 890//1595
f 820//1596 890//1596 821//1596
f 821//1597 890//1597 891//1597
f 821//1598 891//1598 822//1598
f 822//1599 891//1599 892//1599
f 822//1600 892//1600 823//1600
f 823//1601 892//1601 893//1601
f 823//1602 893//1602 824//1602
f 824//1603 893//1603 894//1603
f 824//1604 894//1604 825//1604
f 825//1605 894//1605 895//1605
f 825//1606 895//1606 826//1606
f 826//1607 895//1607 896//1607
f 826//1608 896//1608 827//1608
f 827//1609 896//1609 897//1609
f 827//1610 897//1610 828//1610
f 828//1611 897//1611 898//1611
f 828//1612 898//1612 829//1612
f 829//1613 898//1613 899//1613
f 829//1614 899//1614 830//1614
f 830//1615 899//1615 900//1615
f 830//1616 900//1616 831//1616
f 831//1617 900//1617 901//1617
f 831//1618 901//1618 832//1618
f 832//1619 901//1619 902//1619
f 832//1620 902//1620 833//1620
f 833//1621 902//1621 903//1621
f 833//1622 903//1622 834//1622
f 834//1623 903//1623 904//1623
f 834//1624 904//1624 835//1624
f 835//1625 904//1625 905//1625
f 835//1626 905//1626 836//1626
f 836//1627 905//1627 906//1627
f 836//1628 906//1628 837//1628
f 837//1629 906//1629 907//1629
f 837//1630 907//1630 838//1630
f 838//1631 907//1631 908//1631
f 838//1632 908//1632 839//1632
f 839//1633 908//1633 909//1633
f 839//1634 909//1634 840//1634
f 840//1635 909//1635 910//1635
f 841//1636 911//1636 842//1636
f 842//1637 911//1637 912//1637
f 842//1317 912//1317 843//1317
f 843//1638 912//1638 913//1638
f 843//1639 913//1639 844//1639
f 844//1640 913//1640 914//1640
f 844//1641 914//1641 845//1641
f 845//1642 914//1642 915//1642
f 845//1643 915//1643 846//1643
f 846//1644 915//1644 916//1644
f 846//1645 916//1645 847//1645
f 847//1646 916//1646 917//1646
f 847//1647 917//1647 848//1647
f 848//1648 917//1648 918//1648
f 848//1649 918//1649 849//1649
f 849//1650 918//1650 919//1650
f 849//1651 919//1651 850//1651
f 850//1652 919//1652 920//1652
f 850//1653 920//1653 851//1653
f 851//1654 920//1654 921//1654
f 851//1655 921//1655 852//1655
f 852//1656 921//1656 922//1656
f 852//1657 922//1657 853//1657
f 853//1658 922//1658 923//1658
f 853//1253 923//1253 854//1253
f 854//1659 923//1659 924//1659
f 854//1660 924//1660 855//1660
f 855//1661 924//1661 925//1661
f 855//1662 925//1662 856//1662
f 856//1663 925//1663 926//1663
f 856//1664 926//1664 857//1664
f 857//1665 926//1665 927//1665
f 857//1666 927//1666 858//1666
f 858//1667 927//1667 928//1667
f 858//1668 928//1668 859//1668
f 859//1669 928//1669 929//1669
f 859//1670 929//1670 860//1670
f 860//1671 929//1671 930//1671
f 860//1672 930//1672 861//1672
f 861//1673 930//1673 931//1673
f 861//1674 931//1674 862//1674
f 862//1675 931//1675 932//1675
f 862//1676 932//1676 863//1676
f 863//1677 932//1677 933//1677
f 863//1678 933//1678 864//1678
f 864//1679 933//1679 934//1679
f 864//1680 934//1680 865//1680
f 865//1681 934//1681 935//1681
f 865//1682 935//1682 866//1682
f 866//1683 935//1683 936//1683
f 866//1684 936//1684 867//1684
f 867//1685 936//1685 937//1685
f 867//1686 937//1686 868//1686
f 868//1687 937//1687 938//1687
f 868//1688 938//1688 869//1688
f 869//1689 938//1689 939//1689
f 869//1690 939//1690 870//1690
f 870//1691 939//1691 940//1691
f 870//1692 940//1692 871//1692
f 871//1693 940//1693 941//1693
f 871//240 941//240 872//240
f 872//1694 941//1694 942//1694
f 872//1695 942//1695 873//1695
f 873//1696 942//1696 943//1696
f 873//1697 943//1697 874//1697
f 874//1698 943//1698 944//1698
f 874//1699 944//1699 875//1699
f 875//1700 944//1700 945//1700
f 875//1701 945//1701 876//1701
f 876//1702 945//1702 946//1702
f 876//1703 946//1703 877//1703
f 877//1704 946//1704 947//1704
f 877//1705 947//1705 878//1705
f 878//1706 947//1706 948//1706
f 878//1707 948//1707 879//1707
f 879//1708 948//1708 949//1708
f 879//1709 949//1709 880//1709
f 880//1710 949//1710 950//1710
f 880//1711 950//1711 881//1711
f 881//1712 950//1712 951//1712
f 881//1713 951//1713 882//1713
f 882//1714 951//1714 952//1714
f 882//1715 952//1715 883//1715
f 883//1716 952//1716 953//1716
f 883//1717 953//1717 884//1717
f 884//1718 953//1718 954//1718
f 884//1719 954//1719 885//1719
f 885//1720 954//1720 955//1720
f 885//1721 955//1721 886//1721
f 886//1722 955//1722 956//1722
f 886//1723 956//1723 887//1723
f 887//1724 956//1724 957//1724
f 887//1725 957//1725 888//1725
f 888//1241 957//1241 958//1241
f 888//1726 958//1726 889//1726
f 889//1727 958//1727 959//1727
f 889//1728 959//1728 890//1728
f 890//1729 959//1729 960//1729
f 890//1730 960//1730 891//1730
f 891//1731 960//1731 961//1731
f 891//1732 961//1732 892//1732
f 892//1733 961//1733 962//1733
f 892//1734 962//1734 893//1734
f 893//1735 962//1735 963//1735
f 893//1736 963//1736 894//1736
f 894//1737 963//1737 964//1737
f 894//1738 964//1738 895//1738
f 895//1739 964//1739 965//1739
f 895//1740 965//1740 896//1740
f 896//1741 965//1741 966//1741
f 896//1742 966//1742 897//1742
f 897//1743 966//1743 967//1743
f 897//1744 967//1744 898//1744
f 898//1745 967//1745 968//1745
f 898//1746 968//1746 899//1746
f 899//1747 968//1747 969//1747
f 899//1748 969//1748 900//1748
f 900//1749 969//1749 970//1749
f 900//1750 970//1750 901//1750
f 901//1751 970//1751 971//1751
f 901//1752 971//1752 902//1752
f 902//1753 971//1753 972//1753
f 902//1754 972//1754 903//1754
f 903//1755 972//1755 973//1755
f 903//1756 973//1756 904//1756
f 904//1757 973//1757 974//1757
f 904//1758 974//1758 905//1758
f 905//1759 974//1759 975//1759
f 905//1760 975//1760 906//1760
f 906//1761 975//1761 976//1761
f 906//1762 976//1762 907//1762
f 907//1763 976//1763 977//1763
f 907//1764 977//1764 908//1764
f 908//1765 977//1765 978//1765
f 908//1766 978//1766 909//1766
f 909//1767 978//1767 979//1767
f 909//1768 979//1768 910//1768
f 910//1769 979//1769 980//1769
f 911//1770 981//1770 912//1770
f 912//1771 981//1771 982//1771
f 912//1772 982//1772 913//1772
f 913//1773 982//1773 983//1773
f 913//1774 983//1774 914//1774
f 914//1775 983//1775 984//1775
f 914//1776 984//1776 915//1776
f 915//1777 984//1777 985//1777
f 915//1778 985//1778 916//1778
f 916//1779 985//1779 986//1779
f 916//1780 986//1780 917//1780
f 917//1781 986//1781 987//1781
f 917//1648 987//1648 918//1648
f 918//1782 987//1782 988//1782
f 918//1783 988//1783 919//1783
f 919//1784 988//1784 989//1784
f 919//1785 989//1785 920//1785
f 920//1786 989//1786 990//1786
f 920//1787 990//1787 921//1787
f 921//1788 990//1788 991//1788
f 921//1789 991//1789 922//1789
f 922//1790 991//1790 992//1790
f 922//1791 992//1791 923//1791
f 923//1792 992//1792 993//1792
f 923//1793 993//1793 924//1793
f 924//1794 993//1794 994//1794
f 924//1795 994//1795 925//1795
f 925//1796 994//1796 995//1796
f 925//1797 995//1797 926//1797
f 926//1798 995//1798 996//1798
f 926//1799 996//1799 927//1799
f 927//1800 996//1800 997//1800
f 927//1801 997//1801 928//1801
f 928//1802 997//1802 998//1802
f 928//1803 998//1803 929//1803
f 929//1804 998//1804 999//1804
f 929//1152 999//1152 930//1152
f 930//1805 999//1805 1000//1805
f 930//1806 1000//1806 931//1806
f 931//1807 1000//1807 1001//1807
f 931//1808 1001//1808 932//1808
f 932//1809 1001//1809 1002//1809
f 932//1810 1002//1810 933//1810
f 933//1811 1002//1811 1003//1811
f 933//1812 1003//1812 934//1812
f 934//1813 1003//1813 1004//1813
f 934//1814 1004//1814 935//1814
f 935//1815 1004//1815 1005//1815
f 935//1816 1005//1816 936//1816
f 936//1817 1005//1817 1006//1817
f 936//1818 1006//1818 937//1818
f 937//1819 1006//1819 1007//1819
f 937//1820 1007//1820 938//1820
f 938//1821 1007//1821 1008//1821
f 938//1822 1008//1822 939//1822
f 939//1823 1008//1823 1009//1823
f 939//1824 1009//1824 940//1824
f 940//1825 1009//1825 1010//1825
f 940//1826 1010//1826 941//1826
f 941//1827 1010//1827 1011//1827
f 941//1828 1011//1828 942//1828
f 942//1829 1011//1829 1012//1829
f 942//1830 1012//1830 943//1830
f 943//1831 1012//1831 1013//1831
f 943//1832 1013//1832 944//1832
f 944//1833 1013//1833 1014//1833
f 944//1834 1014//1834 945//1834
f 945//1835 1014//1835 1015//1835
f 945//1836 1015//1836 946//1836
f 946//1837 1015//1837 1016//1837
f 946//1838 1016//1838 947//1838
f 947//1839 1016//1839 1017//1839
f 947//1840 1017//1840 948//1840
f 948//1841 1017//1841 1018//1841
f 948//1842 1018//1842 949//1842
f 949//1843 1018//1843 1019//1843
f 949//1844 1019//1844 950//1844
f 950//1845 1019//1845 1020//1845
f 950//1846 1020//1846 951//1846
f 951//1847 1020//1847 1021//1847
f 951//1848 1021//1848 952//1848
f 952//1849 1021//1849 1022//1849
f 952//1850 1022//1850 953//1850
f 953//1851 1022//1851 1023//1851
f 953//1852 1023//1852 954//1852
f 954//1853 1023//1853 1024//1853
f 954//1854 1024//1854 955//1854
f 955//1855 1024//1855 1025//1855
f 955//1856 1025//1856 956//1856
f 956//1857 1025//1857 1026//1857
f 956//1858 1026//1858 957//1858
f 957//1859 1026//1859 1027//1859
f 957//1860 1027//1860 958//1860
f 958//1861 1027//1861 1028//1861
f 958//1862 1028//1862 959//1862
f 959//1863 1028//1863 1029//1863
f 959//1864 1029//1864 960//1864
f 960//1865 1029//1865 1030//1865
f 960//1866 1030//1866 961//1866
f 961//1867 1030//1867 1031//1867
f 961//1868 1031//1868 962//1868
f 962//1869 1031//1869 1032//1869
f 962//1870 1032//1870 963//1870
f 963//1871 1032//1871 1033//1871
f 963//1872 1033//1872 964//1872
f 964//1873 1033//1873 1034//1873
f 964//1874 1034//1874 965//1874
f 965//1875 1034//1875 1035//1875
f 965//1876 1035//1876 966//1876
f 966//1877 1035//1877 1036//1877
f 966//1878 1036//1878 967//1878
f 967//1879 1036//1879 1037//1879
f 967//1880 1037//1880 968//1880
f 968//1881 1037//1881 1038//1881
f 968//1882 1038//1882 969//1882
f 969//1883 1038//1883 1039//1883
f 969//1884 1039//1884 970//1884
f 970//1885 1039//1885 1040//1885
f 970//1886 1040//1886 971//1886
f 971//1887 1040//1887 1041//1887
f 971//1888 1041//1888 972//1888
f 972//1889 1041//1889 1042//1889
f 972//1890 1042//1890 973//1890
f 973//1891 1042//1891 1043//1891
f 973//1892 1043//1892 974//1892
f 974//1893 1043//1893 1044//1893
f 974//1894 1044//1894 975//1894
f 975//1895 1044//1895 1045//1895
f 975//1896 1045//1896 976//1896
f 976//1897 1045//1897 1046//1897
f 976//1898 1046//1898 977//1898
f 977//1899 1046//1899 1047//1899
f 977//1900 1047//1900 978//1900
f 978//1901 1047//1901 1048//1901
f 978//1902 1048//1902 979//1902
f 979//1903 1048//1903 1049//1903
f 979//1904 1049//1904 980//1904
f 980//1458 1049//1458 1050//1458
f 981//1905 1051//1905 982//1905
f 982//1906 1051//1906 1052//1906
f 982//1907 1052//1907 983//1907
f 983//1908 1052//1908 1053//1908
f 983//1909 1053//1909 984//1909
f 984//1910 1053//1910 1054//1910
f 984//1911 1054//1911 985//1911
f 985//1912 1054//1912 1055//1912
f 985//1913 1055//1913 986//1913
f 986//1914 1055//1914 1056//1914
f 986//1915 1056//1915 987//1915
f 987//1916 1056//1916 1057//1916
f 987//1917 1057//1917 988//1917
f 988//1918 1057//1918 1058//1918
f 988//1919 1058//1919 989//1919
f 989//1920 1058//1920 1059//1920
f 989//1921 1059//1921 990//1921
f 990//1922 1059//1922 1060//1922
f 990//1923 1060//1923 991//1923
f 991//1924 1060//1924 1061//1924
f 991//1925 1061//1925 992//1925
f 992//1926 1061//1926 1062//1926
f 992//1927 1062//1927 993//1927
f 993//1928 1062//1928 1063//1928
f 993//1929 1063//1929 994//1929
f 994//1930 1063//1930 1064//1930
f 994//1931 1064//1931 995//1931
f 995//1932 1064//1932 1065//1932
f 995//1933 1065//1933 996//1933
f 996//1934 1065//1934 1066//1934
f 996//1935 1066//1935 997//1935
f 997//1936 1066//1936 1067//1936
f 997//1937 1067//1937 998//1937
f 998//1938 1067//1938 1068//1938
f 998//1939 1068//1939 999//1939
f 999//1940 1068//1940 1069//1940
f 999//1941 1069//1941 1000//1941
f 1000//1942 1069//1942 1070//1942
f 1000//1943 1070//1943 1001//1943
f 1001//1944 1070//1944 1071//1944
f 1001//1945 1071//1945 1002//1945
f 1002//1946 1071//1946 1072//1946
f 1002//1947 1072//1947 1003//1947
f 1003//1948 1072//1948 1073//1948
f 1003//1949 1073//1949 1004//1949
f 1004//1950 1073//1950 1074//1950
f 1004//1951 1074//1951 1005//1951
f 1005//1952 1074//1952 1075//1952
f 1005//1953 1075//1953 1006//1953
f 1006//1954 1075//1954 1076//1954
f 1006//1955 1076//1955 1007//1955
f 1007//1956 1076//1956 1077//1956
f 1007//1957 1077//1957 1008//1957
f 1008//1958 1077//1958 1078//1958
f 1008//1489 1078//1489 1009//1489
f 1009//1959 1078//1959 1079//1959
f 1009//1960 1079//1960 1010//1960
f 1010//1961 1079//1961 1080//1961
f 1010//1962 1080//1962 1011//1962
f 1011//1963 1080//1963 1081//1963
f 1011//1964 1081//1964 1012//1964
f 1012//1965 1081//1965 1082//1965
f 1012//1966 1082//1966 1013//1966
f 1013//1967 1082//1967 1083//1967
f 1013//1968 1083//1968 1014//1968
f 1014//1969 1083//1969 1084//1969
f 1014//1970 1084//1970 1015//1970
f 1015//1971 1084//1971 1085//1971
f 1015//1972 1085//1972 1016//1972
f 1016//1973 1085//1973 1086//1973
f 1016//1974 1086//1974 1017//1974
f 1017//1975 1086//1975 1087//1975
f 1017//1976 1087//1976 1018//1976
f 1018//1977 1087//1977 1088//1977
f 1018//1978 1088//1978 1019//1978
f 1019//1979 1088//1979 1089//1979
f 1019//1980 1089//1980 1020//1980
f 1020//1981 1089//1981 1090//1981
f 1020//1982 1090//1982 1021//1982
f 1021//1983 1090//1983 1091//1983
f 1021//1984 1091//1984 1022//1984
f 1022//1985 1091//1985 1092//1985
f 1022//1986 1092//1986 1023//1986
f 1023//1987 1092//1987 1093//1987
f 1023//1988 1093//1988 1024//1988
f 1024//1989 1093//1989 1094//1989
f 1024//1990 1094//1990 1025//1990
f 1025//1991 1094//1991 1095//1991
f 1025//1992 1095//1992 1026//1992
f 1026//1993 1095//1993 1096//1993
f 1026//1994 1096//1994 1027//1994
f 1027//1995 1096//1995 1097//1995
f 1027//1996 1097//1996 1028//1996
f 1028//1997 1097//1997 1098//1997
f 1028//1998 1098//1998 1029//1998
f 1029//1999 1098//1999 1099//1999
f 1029//2000 1099//2000 1030//2000
f 1030//2001 1099//2001 1100//2001
f 1030//2002 1100//2002 1031//2002
f 1031//2003 1100//2003 1101//2003
f 1031//2004 1101//2004 1032//2004
f 1032//2005 1101//2005 1102//2005
f 1032//2006 1102//2006 1033//2006
f 1033//2007 1102//2007 1103//2007
f 1033//2008 1103//2008 1034//2008
f 1034//2009 1103//2009 1104//2009
f 1034//2010 1104//2010 1035//2010
f 1035//2011 1104//2011 1105//2011
f 1035//2012 1105//2012 1036//2012
f 1036//2013 1105//2013 1106//2013
f 1036//2014 1106//2014 1037//2014
f 1037//2015 1106//2015 1107//2015
f 1037//2016 1107//2016 1038//2016
f 1038//2017 1107//2017 1108//2017
f 1038//2018 1108//2018 1039//2018
f 1039//2019 1108//2019 1109//2019
f 1039//2020 1109//2020 1040//2020
f 1040//2021 1109//2021 1110//2021
f 1040//2022 1110//2022 1041//2022
f 1041//2023 1110//2023 1111//2023
f 1041//2024 1111//2024 1042//2024
f 1042//2025 1111//2025 1112//2025
f 1042//2026 1112//2026 1043//2026
f 1043//2027 1112//2027 1113//2027
f 1043//2028 1113//2028 1044//2028
f 1044//2029 1113//2029 1114//2029
f 1044//2030 1114//2030 1045//2030
f 1045//2031 1114//2031 1115//2031
f 1045//2032 1115//2032 1046//2032
f 1046//2033 1115//2033 1116//2033
f 1046//2034 1116//2034 1047//2034
f 1047//2035 1116//2035 1117//2035
f 1047//2036 1117//2036 1048//2036
f 1048//2037 1117//2037 1118//2037
f 1048//2038 1118//2038 1049//2038
f 1049//2039 1118//2039 1119//2039
f 1049//2040 1119//2040 1050//2040
f 1050//2041 1119//2041 1120//2041
f 1051//2042 1121//2042 1052//2042
f 1052//2043 1121//2043 1122//2043
f 1052//2044 1122//2044 1053//2044
f 1053//2045 1122//2045 1123//2045
f 1053//2046 1123//2046 1054//2046
f 1054//2047 1123//2047 1124//2047
f 1054//2048 1124//2048 1055//2048
f 1055//2049 1124//2049 1125//2049
f 1055//2050 1125//2050 1056//2050
f 1056//2051 1125//2051 1126//2051
f 1056//2052 1126//2052 1057//2052
f 1057//2053 1126//2053 1127//2053
f 1057//2054 1127//2054 1058//2054
f 1058//2055 1127//2055 1128//2055
f 1058//2056 1128//2056 1059//2056
f 1059//2057 1128//2057 1129//2057
f 1059//2058 1129//2058 1060//2058
f 1060//2059 1129//2059 1130//2059
f 1060//2060 1130//2060 1061//2060
f 1061//2061 1130//2061 1131//2061
f 1061//2062 1131//2062 1062//2062
f 1062//2063 1131//2063 1132//2063
f 1062//2064 1132//2064 1063//2064
f 1063//2065 1132//2065 1133//2065
f 1063//2066 1133//2066 1064//2066
f 1064//2067 1133//2067 1134//2067
f 1064//2068 1134//2068 1065//2068
f 1065//2069 1134//2069 1135//2069
f 1065//2070 1135//2070 1066//2070
f 1066//712 1135//712 1136//712
f 1066//2071 1136//2071 1067//2071
f 1067//2072 1136//2072 1137//2072
f 1067//2073 1137//2073 1068//2073
f 1068//2074 1137//2074 1138//2074
f 1068//2075 1138//2075 1069//2075
f 1069//2076 1138//2076 1139//2076
f 1069//2077 1139//2077 1070//2077
f 1070//2078 1139//2078 1140//2078
f 1070//2079 1140//2079 1071//2079
f 1071//2080 1140//2080 1141//2080
f 1071//2081 1141//2081 1072//2081
f 1072//2082 1141//2082 1142//2082
f 1072//2083 1142//2083 1073//2083
f 1073//2084 1142//2084 1143//2084
f 1073//1907 1143//1907 1074//1907
f 1074//2085 1143//2085 1144//2085
f 1074//2086 1144//2086 1075//2086
f 1075//2087 1144//2087 1145//2087
f 1075//2088 1145//2088 1076//2088
f 1076//2089 1145//2089 1146//2089
f 1076//2090 1146//2090 1077//2090
f 1077//2091 1146//2091 1147//2091
f 1077//2092 1147//2092 1078//2092
f 1078//2093 1147//2093 1148//2093
f 1078//2094 1148//2094 1079//2094
f 1079//2095 1148//2095 1149//2095
f 1079//2096 1149//2096 1080//2096
f 1080//2097 1149//2097 1150//2097
f 1080//2098 1150//2098 1081//2098
f 1081//2099 1150//2099 1151//2099
f 1081//2100 1151//2100 1082//2100
f 1082//2101 1151//2101 1152//2101
f 1082//2102 1152//2102 1083//2102
f 1083//2103 1152//2103 1153//2103
f 1083//2104 1153//2104 1084//2104
f 1084//2105 1153//2105 1154//2105
f 1084//2106 1154//2106 1085//2106
f 1085//2107 1154//2107 1155//2107
f 1085//2108 1155//2108 1086//2108
f 1086//2109 1155//2109 1156//2109
f 1086//2110 1156//2110 1087//2110
f 1087//2111 1156//2111 1157//2111
f 1087//2112 1157//2112 1088//2112
f 1088//2113 1157//2113 1158//2113
f 1088//2114 1158//2114 1089//2114
f 1089//2115 1158//2115 1159//2115
f 1089//2116 1159//2116 1090//2116
f 1090//2117 1159//2117 1160//2117
f 1090//2118 1160//2118 1091//2118
f 1091//2119 1160//2119 1161//2119
f 1091//2120 1161//2120 1092//2120
f 1092//2121 1161//2121 1162//2121
f 1092//2122 1162//2122 1093//2122
f 1093//1791 1162//1791 1163//1791
f 1093//2123 1163//2123 1094//2123
f 1094//2124 1163//2124 1164//2124
f 1094//2125 1164//2125 1095//2125
f 1095//2126 1164//2126 1165//2126
f 1095//2127 1165//2127 1096//2127
f 1096//2128 1165//2128 1166//2128
f 1096//2129 1166//2129 1097//2129
f 1097//2130 1166//2130 1167//2130
f 1097//2131 1167//2131 1098//2131
f 1098//2132 1167//2132 1168//2132
f 1098//2133 1168//2133 1099//2133
f 1099//2134 1168//2134 1169//2134
f 1099//2135 1169//2135 1100//2135
f 1100//2136 1169//2136 1170//2136
f 1100//2137 1170//2137 1101//2137
f 1101//2138 1170//2138 1171//2138
f 1101//2139 1171//2139 1102//2139
f 1102//2140 1171//2140 1172//2140
f 1102//2141 1172//2141 1103//2141
f 1103//2142 1172//2142 1173//2142
f 1103//2143 1173//2143 1104//2143
f 1104//2144 1173//2144 1174//2144
f 1104//2145 1174//2145 1105//2145
f 1105//2146 1174//2146 1175//2146
f 1105//2048 1175//2048 1106//2048
f 1106//2147 1175//2147 1176//2147
f 1106//2148 1176//2148 1107//2148
f 1107//2149 1176//2149 1177//2149
f 1107//2150 1177//2150 1108//2150
f 1108//2151 1177//2151 1178//2151
f 1108//2152 1178//2152 1109//2152
f 1109//2153 1178//2153 1179//2153
f 1109//2154 1179//2154 1110//2154
f 1110//2155 1179//2155 1180//2155
f 1110//2156 1180//2156 1111//2156
f 1111//2157 1180//2157 1181//2157
f 1111//2158 1181//2158 1112//2158
f 1112//2159 1181//2159 1182//2159
f 1112//2160 1182//2160 1113//2160
f 1113//2161 1182//2161 1183//2161
f 1113//2162 1183//2162 1114//2162
f 1114//2163 1183//2163 1184//2163
f 1114//2164 1184//2164 1115//2164
f 1115//2165 1184//2165 1185//2165
f 1115//2166 1185//2166 1116//2166
f 1116//2167 1185//2167 1186//2167
f 1116//2168 1186//2168 1117//2168
f 1117//2169 1186//2169 1187//2169
f 1117//2170 1187//2170 1118//2170
f 1118//2171 1187//2171 1188//2171
f 1118//2172 1188//2172 1119//2172
f 1119//2173 1188//2173 1189//2173
f 1119//2174 1189//2174 1120//2174
f 1120//2175 1189//2175 1190//2175
f 1121//2176 1191//2176 1122//2176
f 1122//1796 1191//1796 1192//1796
f 1122//2177 1192//2177 1123//2177
f 1123//2178 1192//2178 1193//2178
f 1123//2179 1193//2179 1124//2179
f 1124//2180 1193//2180 1194//2180
f 1124//2181 1194//2181 1125//2181
f 1125//2182 1194//2182 1195//2182
f 1125//2183 1195//2183 1126//2183
f 1126//2184 1195//2184 1196//2184
f 1126//2185 1196//2185 1127//2185
f 1127//2186 1196//2186 1197//2186
f 1127//2187 1197//2187 1128//2187
f 1128//2188 1197//2188 1198//2188
f 1128//2189 1198//2189 1129//2189
f 1129//2190 1198//2190 1199//2190
f 1129//2191 1199//2191 1130//2191
f 1130//2192 1199//2192 1200//2192
f 1130//2193 1200//2193 1131//2193
f 1131//2194 1200//2194 1201//2194
f 1131//2063 1201//2063 1132//2063
f 1132//2195 1201//2195 1202//2195
f 1132//2196 1202//2196 1133//2196
f 1133//2197 1202//2197 1203//2197
f 1133//2198 1203//2198 1134//2198
f 1134//2199 1203//2199 1204//2199
f 1134//2200 1204//2200 1135//2200
f 1135//2201 1204//2201 1205//2201
f 1135//2202 1205//2202 1136//2202
f 1136//2203 1205//2203 1206//2203
f 1136//2204 1206//2204 1137//2204
f 1137//2205 1206//2205 1207//2205
f 1137//2206 1207//2206 1138//2206
f 1138//2207 1207//2207 1208//2207
f 1138//2208 1208//2208 1139//2208
f 1139//2209 1208//2209 1209//2209
f 1139//2210 1209//2210 1140//2210
f 1140//2211 1209//2211 1210//2211
f 1140//2212 1210//2212 1141//2212
f 1141//2213 1210//2213 1211//2213
f 1141//2214 1211//2214 1142//2214
f 1142//2215 1211//2215 1212//2215
f 1142//2216 1212//2216 1143//2216
f 1143//2217 1212//2217 1213//2217
f 1143//2218 1213//2218 1144//2218
f 1144//2219 1213//2219 1214//2219
f 1144//2220 1214//2220 1145//2220
f 1145//2221 1214//2221 1215//2221
f 1145//2222 1215//2222 1146//2222
f 1146//2223 1215//2223 1216//2223
f 1146//2224 1216//2224 1147//2224
f 1147//2225 1216//2225 1217//2225
f 1147//2226 1217//2226 1148//2226
f 1148//2227 1217//2227 1218//2227
f 1148//2095 1218//2095 1149//2095
f 1149//2228 1218//2228 1219//2228
f 1149//2229 1219//2229 1150//2229
f 1150//2230 1219//2230 1220//2230
f 1150//2231 1220//2231 1151//2231
f 1151//2232 1220//2232 1221//2232
f 1151//2233 1221//2233 1152//2233
f 1152//2234 1221//2234 1222//2234
f 1152//2235 1222//2235 1153//2235
f 1153//2236 1222//2236 1223//2236
f 1153//2237 1223//2237 1154//2237
f 1154//2238 1223//2238 1224//2238
f 1154//2239 1224//2239 1155//2239
f 1155//2240 1224//2240 1225//2240
f 1155//2241 1225//2241 1156//2241
f 1156//2242 1225//2242 1226//2242
f 1156//2243 1226//2243 1157//2243
f 1157//2244 1226//2244 1227//2244
f 1157//2245 1227//2245 1158//2245
f 1158//2246 1227//2246 1228//2246
f 1158//2247 1228//2247 1159//2247
f 1159//2248 1228//2248 1229//2248
f 1159//2249 1229//2249 1160//2249
f 1160//2250 1229//2250 1230//2250
f 1160//2251 1230//2251 1161//2251
f 1161//2252 1230//2252 1231//2252
f 1161//2253 1231//2253 1162//2253
f 1162//2254 1231//2254 1232//2254
f 1162//2255 1232//2255 1163//2255
f 1163//2256 1232//2256 1233//2256
f 1163//2257 1233//2257 1164//2257
f 1164//2258 1233//2258 1234//2258
f 1164//2259 1234//2259 1165//2259
f 1165//2260 1234//2260 1235//2260
f 1165//2261 1235//2261 1166//2261
f 1166//2262 1235//2262 1236//2262
f 1166//2263 1236//2263 1167//2263
f 1167//2264 1236//2264 1237//2264
f 1167//2265 1237//2265 1168//2265
f 1168//2266 1237//2266 1238//2266
f 1168//2267 1238//2267 1169//2267
f 1169//2268 1238//2268 1239//2268
f 1169//2269 1239//2269 1170//2269
f 1170//2270 1239//2270 1240//2270
f 1170//2271 1240//2271 1171//2271
f 1171//2272 1240//2272 1241//2272
f 1171//2273 1241//2273 1172//2273
f 1172//2274 1241//2274 1242//2274
f 1172//2275 1242//2275 1173//2275
f 1173//2276 1242//2276 1243//2276
f 1173//116 1243//116 1174//116
f 1174//2277 1243//2277 1244//2277
f 1174//2278 1244//2278 1175//2278
f 1175//2279 1244//2279 1245//2279
f 1175//2280 1245//2280 1176//2280
f 1176//2281 1245//2281 1246//2281
f 1176//2282 1246//2282 1177//2282
f 1177//2283 1246//2283 1247//2283
f 1177//2284 1247//2284 1178//2284
f 1178//2285 1247//2285 1248//2285
f 1178//2286 1248//2286 1179//2286
f 1179//2287 1248//2287 1249//2287
f 1179//2288 1249//2288 1180//2288
f 1180//2289 1249//2289 1250//2289
f 1180//2290 1250//2290 1181//2290
f 1181//2291 1250//2291 1251//2291
f 1181//2292 1251//2292 1182//2292
f 1182//2293 1251//2293 1252//2293
f 1182//2294 1252//2294 1183//2294
f 1183//2295 1252//2295 1253//2295
f 1183//2296 1253//2296 1184//2296
f 1184//2297 1253//2297 1254//2297
f 1184//2298 1254//2298 1185//2298
f 1185//2299 1254//2299 1255//2299
f 1185//2300 1255//2300 1186//2300
f 1186//2301 1255//2301 1256//2301
f 1186//2302 1256//2302 1187//2302
f 1187//2303 1256//2303 1257//2303
f 1187//2304 1257//2304 1188//2304
f 1188//2305 1257//2305 1258//2305
f 1188//2306 1258//2306 1189//2306
f 1189//2307 1258//2307 1259//2307
f 1189//2308 1259//2308 1190//2308
f 1190//2309 1259//2309 1260//2309
f 1191//2310 1261//2310 1192//2310
f 1192//2311 1261//2311 1262//2311
f 1192//2312 1262//2312 1193//2312
f 1193//2313 1262//2313 1263//2313
f 1193//2314 1263//2314 1194//2314
f 1194//2315 1263//2315 1264//2315
f 1194//2316 1264//2316 1195//2316
f 1195//2317 1264//2317 1265//2317
f 1195//2318 1265//2318 1196//2318
f 1196//2319 1265//2319 1266//2319
f 1196//2320 1266//2320 1197//2320
f 1197//2321 1266//2321 1267//2321
f 1197//2322 1267//2322 1198//2322
f 1198//2323 1267//2323 1268//2323
f 1198//2324 1268//2324 1199//2324
f 1199//2325 1268//2325 1269//2325
f 1199//2326 1269//2326 1200//2326
f 1200//2327 1269//2327 1270//2327
f 1200//2328 1270//2328 1201//2328
f 1201//2329 1270//2329 1271//2329
f 1201//2330 1271//2330 1202//2330
f 1202//2331 1271//2331 1272//2331
f 1202//2332 1272//2332 1203//2332
f 1203//2333 1272//2333 1273//2333
f 1203//2334 1273//2334 1204//2334
f 1204//2335 1273//2335 1274//2335
f 1204//2336 1274//2336 1205//2336
f 1205//2337 1274//2337 1275//2337
f 1205//2338 1275//2338 1206//2338
f 1206//2339 1275//2339 1276//2339
f 1206//2340 1276//2340 1207//2340
f 1207//2341 1276//2341 1277//2341
f 1207//2342 1277//2342 1208//2342
f 1208//2343 1277//2343 1278//2343
f 1208//2344 1278//2344 1209//2344
f 1209//2345 1278//2345 1279//2345
f 1209//2346 1279//2346 1210//2346
f 1210//2347 1279//2347 1280//2347
f 1210//2348 1280//2348 1211//2348
f 1211//2349 1280//2349 1281//2349
f 1211//2350 1281//2350 1212//2350
f 1212//2351 1281//2351 1282//2351
f 1212//2352 1282//2352 1213//2352
f 1213//2353 1282//2353 1283//2353
f 1213//2354 1283//2354 1214//2354
f 1214//2355 1283//2355 1284//2355
f 1214//2356 1284//2356 1215//2356
f 1215//2357 1284//2357 1285//2357
f 1215//2358 1285//2358 1216//2358
f 1216//2359 1285//2359 1286//2359
f 1216//78 1286//78 1217//78
f 1217//2360 1286//2360 1287//2360
f 1217//2361 1287//2361 1218//2361
f 1218//2362 1287//2362 1288//2362
f 1218//2363 1288//2363 1219//2363
f 1219//2364 1288//2364 1289//2364
f 1219//2365 1289//2365 1220//2365
f 1220//2366 1289//2366 1290//2366
f 1220//2367 1290//2367 1221//2367
f 1221//2368 1290//2368 1291//2368
f 1221//2369 1291//2369 1222//2369
f 1222//2370 1291//2370 1292//2370
f 1222//2371 1292//2371 1223//2371
f 1223//2372 1292//2372 1293//2372
f 1223//2373 1293//2373 1224//2373
f 1224//2374 1293//2374 1294//2374
f 1224//2375 1294//2375 1225//2375
f 1225//2376 1294//2376 1295//2376
f 1225//2377 1295//2377 1226//2377
f 1226//2378 1295//2378 1296//2378
f 1226//2379 1296//2379 1227//2379
f 1227//2380 1296//2380 1297//2380
f 1227//2381 1297//2381 1228//2381
f 1228//2382 1297//2382 1298//2382
f 1228//2383 1298//2383 1229//2383
f 1229//2384 1298//2384 1299//2384
f 1229//2385 1299//2385 1230//2385
f 1230//2386 1299//2386 1300//2386
f 1230//2387 1300//2387 1231//2387
f 1231//2388 1300//2388 1301//2388
f 1231//2389 1301//2389 1232//2389
f 1232//2390 1301//2390 1302//2390
f 1232//2391 1302//2391 1233//2391
f 1233//2392 1302//2392 1303//2392
f 1233//2393 1303//2393 1234//2393
f 1234//2394 1303//2394 1304//2394
f 1234//2395 1304//2395 1235//2395
f 1235//2396 1304//2396 1305//2396
f 1235//2397 1305//2397 1236//2397
f 1236//2398 1305//2398 1306//2398
f 1236//2399 1306//2399 1237//2399
f 1237//2400 1306//2400 1307//2400
f 1237//2401 1307//2401 1238//2401
f 1238//2402 1307//2402 1308//2402
f 1238//2403 1308//2403 1239//2403
f 1239//2404 1308//2404 1309//2404
f 1239//2405 1309//2405 1240//2405
f 1240//2406 1309//2406 1310//2406
f 1240//2407 1310//2407 1241//2407
f 1241//2408 1310//2408 1311//2408
f 1241//346 1311//346 1242//346
f 1242//2409 1311//2409 1312//2409
f 1242//2410 1312//2410 1243//2410
f 1243//2411 1312//2411 1313//2411
f 1243//2412 1313//2412 1244//2412
f 1244//2413 1313//2413 1314//2413
f 1244//2414 1314//2414 1245//2414
f 1245//2415 1314//2415 1315//2415
f 1245//2416 1315//2416 1246//2416
f 1246//2417 1315//2417 1316//2417
f 1246//2418 1316//2418 1247//2418
f 1247//2419 1316//2419 1317//2419
f 1247//2420 1317//2420 1248//2420
f 1248//2421 1317//2421 1318//2421
f 1248//2422 1318//2422 1249//2422
f 1249//2423 1318//2423 1319//2423
f 1249//2424 1319//2424 1250//2424
f 1250//2425 1319//2425 1320//2425
f 1250//2426 1320//2426 1251//2426
f 1251//2427 1320//2427 1321//2427
f 1251//2428 1321//2428 1252//2428
f 1252//2429 1321//2429 1322//2429
f 1252//2430 1322//2430 1253//2430
f 1253//2431 1322//2431 1323//2431
f 1253//2432 1323//2432 1254//2432
f 1254//2433 1323//2433 1324//2433
f 1254//2434 1324//2434 1255//2434
f 1255//2435 1324//2435 1325//2435
f 1255//2436 1325//2436 1256//2436
f 1256//2437 1325//2437 1326//2437
f 1256//2438 1326//2438 1257//2438
f 1257//2439 1326//2439 1327//2439
f 1257//2440 1327//2440 1258//2440
f 1258//2441 1327//2441 1328//2441
f 1258//2442 1328//2442 1259//2442
f 1259//2443 1328//2443 1329//2443
f 1259//2444 1329//2444 1260//2444
f 1260//2445 1329//2445 1330//2445
f 1261//2446 1331//2446 1262//2446
f 1262//2447 1331//2447 1332//2447
f 1262//2448 1332//2448 1263//2448
f 1263//2449 1332//2449 1333//2449
f 1263//2450 1333//2450 1264//2450
f 1264//2451 1333//2451 1334//2451
f 1264//2452 1334//2452 1265//2452
f 1265//2453 1334//2453 1335//2453
f 1265//2454 1335//2454 1266//2454
f 1266//2455 1335//2455 1336//2455
f 1266//2456 1336//2456 1267//2456
f 1267//2457 1336//2457 1337//2457
f 1267//2458 1337//2458 1268//2458
f 1268//2459 1337//2459 1338//2459
f 1268//2460 1338//2460 1269//2460
f 1269//2461 1338//2461 1339//2461
f 1269//2462 1339//2462 1270//2462
f 1270//2463 1339//2463 1340//2463
f 1270//2464 1340//2464 1271//2464
f 1271//2465 1340//2465 1341//2465
f 1271//2466 1341//2466 1272//2466
f 1272//2467 1341//2467 1342//2467
f 1272//2468 1342//2468 1273//2468
f 1273//2469 1342//2469 1343//2469
f 1273//2470 1343//2470 1274//2470
f 1274//2471 1343//2471 1344//2471
f 1274//2472 1344//2472 1275//2472
f 1275//2473 1344//2473 1345//2473
f 1275//2474 1345//2474 1276//2474
f 1276//2475 1345//2475 1346//2475
f 1276//2476 1346//2476 1277//2476
f 1277//2477 1346//2477 1347//2477
f 1277//2343 1347//2343 1278//2343
f 1278//2478 1347//2478 1348//2478
f 1278//2479 1348//2479 1279//2479
f 1279//2480 1348//2480 1349//2480
f 1279//2481 1349//2481 1280//2481
f 1280//2482 1349//2482 1350//2482
f 1280//2483 1350//2483 1281//2483
f 1281//2484 1350//2484 1351//2484
f 1281//2485 1351//2485 1282//2485
f 1282//2486 1351//2486 1352//2486
f 1282//2487 1352//2487 1283//2487
f 1283//2488 1352//2488 1353//2488
f 1283//2489 1353//2489 1284//2489
f 1284//2490 1353//2490 1354//2490
f 1284//2491 1354//2491 1285//2491
f 1285//2492 1354//2492 1355//2492
f 1285//2493 1355//2493 1286//2493
f 1286//2494 1355//2494 1356//2494
f 1286//2495 1356//2495 1287//2495
f 1287//2496 1356//2496 1357//2496
f 1287//2497 1357//2497 1288//2497
f 1288//2498 1357//2498 1358//2498
f 1288//2499 1358//2499 1289//2499
f 1289//2500 1358//2500 1359//2500
f 1289//2501 1359//2501 1290//2501
f 1290//2502 1359//2502 1360//2502
f 1290//2503 1360//2503 1291//2503
f 1291//2504 1360//2504 1361//2504
f 1291//2505 1361//2505 1292//2505
f 1292//2506 1361//2506 1362//2506
f 1292//2507 1362//2507 1293//2507
f 1293//2508 1362//2508 1363//2508
f 1293//2509 1363//2509 1294//2509
f 1294//2510 1363//2510 1364//2510
f 1294//2511 1364//2511 1295//2511
f 1295//2512 1364//2512 1365//2512
f 1295//2513 1365//2513 1296//2513
f 1296//2514 1365//2514 1366//2514
f 1296//2515 1366//2515 1297//2515
f 1297//1129 1366//1129 1367//1129
f 1297//2516 1367//2516 1298//2516
f 1298//2517 1367//2517 1368//2517
f 1298//2518 1368//2518 1299//2518
f 1299//2519 1368//2519 1369//2519
f 1299//2520 1369//2520 1300//2520
f 1300//2521 1369//2521 1370//2521
f 1300//2522 1370//2522 1301//2522
f 1301//2523 1370//2523 1371//2523
f 1301//2524 1371//2524 1302//2524
f 1302//2525 1371//2525 1372//2525
f 1302//2526 1372//2526 1303//2526
f 1303//2527 1372//2527 1373//2527
f 1303//2528 1373//2528 1304//2528
f 1304//2529 1373//2529 1374//2529
f 1304//2530 1374//2530 1305//2530
f 1305//2531 1374//2531 1375//2531
f 1305//2532 1375//2532 1306//2532
f 1306//2533 1375//2533 1376//2533
f 1306//2534 1376//2534 1307//2534
f 1307//2535 1376//2535 1377//2535
f 1307//2536 1377//2536 1308//2536
f 1308//2537 1377//2537 1378//2537
f 1308//2538 1378//2538 1309//2538
f 1309//2539 1378//2539 1379//2539
f 1309//2540 1379//2540 1310//2540
f 1310//2541 1379//2541 1380//2541
f 1310//2542 1380//2542 1311//2542
f 1311//2543 1380//2543 1381//2543
f 1311//2544 1381//2544 1312//2544
f 1312//2545 1381//2545 1382//2545
f 1312//2546 1382//2546 1313//2546
f 1313//2547 1382//2547 1383//2547
f 1313//2548 1383//2548 1314//2548
f 1314//2549 1383//2549 1384//2549
f 1314//2550 1384//2550 1315//2550
f 1315//2551 1384//2551 1385//2551
f 1315//2552 1385//2552 1316//2552
f 1316//2553 1385//2553 1386//2553
f 1316//2554 1386//2554 1317//2554
f 1317//2555 1386//2555 1387//2555
f 1317//2556 1387//2556 1318//2556
f 1318//2557 1387//2557 1388//2557
f 1318//2558 1388//2558 1319//2558
f 1319//2559 1388//2559 1389//2559
f 1319//2560 1389//2560 1320//2560
f 1320//2561 1389//2561 1390//2561
f 1320//2562 1390//2562 1321//2562
f 1321//2563 1390//2563 1391//2563
f 1321//2564 1391//2564 1322//2564
f 1322//2565 1391//2565 1392//2565
f 1322//2566 1392//2566 1323//2566
f 1323//2567 1392//2567 1393//2567
f 1323//2568 1393//2568 1324//2568
f 1324//2569 1393//2569 1394//2569
f 1324//2570 1394//2570 1325//2570
f 1325//2571 1394//2571 1395//2571
f 1325//695 1395//695 1326//695
f 1326//2572 1395//2572 1396//2572
f 1326//2573 1396//2573 1327//2573
f 1327//2574 1396//2574 1397//2574
f 1327//2575 1397//2575 1328//2575
f 1328//2576 1397//2576 1398//2576
f 1328//661 1398//661 1329//661
f 1329//2577 1398//2577 1399//2577
f 1329//2578 1399//2578 1330//2578
f 1330//2579 1399//2579 1400//2579
f 1331//2580 1401//2580 1332//2580
f 1332//2581 1401//2581 1402//2581
f 1332//2582 1402//2582 1333//2582
f 1333//2583 1402//2583 1403//2583
f 1333//2584 1403//2584 1334//2584
f 1334//2585 1403//2585 1404//2585
f 1334//2586 1404//2586 1335//2586
f 1335//2587 1404//2587 1405//2587
f 1335//2588 1405//2588 1336//2588
f 1336//2589 1405//2589 1406//2589
f 1336//2590 1406//2590 1337//2590
f 1337//2591 1406//2591 1407//2591
f 1337//2592 1407//2592 1338//2592
f 1338//2593 1407//2593 1408//2593
f 1338//2594 1408//2594 1339//2594
f 1339//2595 1408//2595 1409//2595
f 1339//2596 1409//2596 1340//2596
f 1340//2597 1409//2597 1410//2597
f 1340//2598 1410//2598 1341//2598
f 1341//2599 1410//2599 1411//2599
f 1341//2600 1411//2600 1342//2600
f 1342//2601 1411//2601 1412//2601
f 1342//2602 1412//2602 1343//2602
f 1343//2603 1412//2603 1413//2603
f 1343//2604 1413//2604 1344//2604
f 1344//2605 1413//2605 1414//2605
f 1344//2425 1414//2425 1345//2425
f 1345//2606 1414//2606 1415//2606
f 1345//2607 1415//2607 1346//2607
f 1346//2608 1415//2608 1416//2608
f 1346//2609 1416//2609 1347//2609
f 1347//2610 1416//2610 1417//2610
f 1347//2611 1417//2611 1348//2611
f 1348//2612 1417//2612 1418//2612
f 1348//2613 1418//2613 1349//2613
f 1349//2614 1418//2614 1419//2614
f 1349//2615 1419//2615 1350//2615
f 1350//2616 1419//2616 1420//2616
f 1350//2617 1420//2617 1351//2617
f 1351//2618 1420//2618 1421//2618
f 1351//2619 1421//2619 1352//2619
f 1352//2620 1421//2620 1422//2620
f 1352//2621 1422//2621 1353//2621
f 1353//2622 1422//2622 1423//2622
f 1353//2623 1423//2623 1354//2623
f 1354//2624 1423//2624 1424//2624
f 1354//2625 1424//2625 1355//2625
f 1355//2626 1424//2626 1425//2626
f 1355//2627 1425//2627 1356//2627
f 1356//2628 1425//2628 1426//2628
f 1356//2629 1426//2629 1357//2629
f 1357//2630 1426//2630 1427//2630
f 1357//2631 1427//2631 1358//2631
f 1358//2632 1427//2632 1428//2632
f 1358//2633 1428//2633 1359//2633
f 1359//2634 1428//2634 1429//2634
f 1359//2635 1429//2635 1360//2635
f 1360//2636 1429//2636 1430//2636
f 1360//2637 1430//2637 1361//2637
f 1361//2638 1430//2638 1431//2638
f 1361//2639 1431//2639 1362//2639
f 1362//2640 1431//2640 1432//2640
f 1362//2641 1432//2641 1363//2641
f 1363//2642 1432//2642 1433//2642
f 1363//2643 1433//2643 1364//2643
f 1364//2644 1433//2644 1434//2644
f 1364//2645 1434//2645 1365//2645
f 1365//2646 1434//2646 1435//2646
f 1365//2647 1435//2647 1366//2647
f 1366//2648 1435//2648 1436//2648
f 1366//2649 1436//2649 1367//2649
f 1367//2650 1436//2650 1437//2650
f 1367//2651 1437//2651 1368//2651
f 1368//2652 1437//2652 1438//2652
f 1368//2653 1438//2653 1369//2653
f 1369//2654 1438//2654 1439//2654
f 1369//2655 1439//2655 1370//2655
f 1370//2656 1439//2656 1440//2656
f 1370//2657 1440//2657 1371//2657
f 1371//2658 1440//2658 1441//2658
f 1371//2659 1441//2659 1372//2659
f 1372//2660 1441//2660 1442//2660
f 1372//2661 1442//2661 1373//2661
f 1373//2662 1442//2662 1443//2662
f 1373//2663 1443//2663 1374//2663
f 1374//2664 1443//2664 1444//2664
f 1374//2665 1444//2665 1375//2665
f 1375//2666 1444//2666 1445//2666
f 1375//2667 1445//2667 1376//2667
f 1376//2668 1445//2668 1446//2668
f 1376//2669 1446//2669 1377//2669
f 1377//2670 1446//2670 1447//2670
f 1377//2671 1447//2671 1378//2671
f 1378//2672 1447//2672 1448//2672
f 1378//2673 1448//2673 1379//2673
f 1379//2674 1448//2674 1449//2674
f 1379//2675 1449//2675 1380//2675
f 1380//2676 1449//2676 1450//2676
f 1380//2677 1450//2677 1381//2677
f 1381//2678 1450//2678 1451//2678
f 1381//2679 1451//2679 1382//2679
f 1382//2680 1451//2680 1452//2680
f 1382//2681 1452//2681 1383//2681
f 1383//2682 1452//2682 1453//2682
f 1383//2683 1453//2683 1384//2683
f 1384//2684 1453//2684 1454//2684
f 1384//2685 1454//2685 1385//2685
f 1385//2685 1454//2685 1455//2685
f 1385//2686 1455//2686 1386//2686
f 1386//2687 1455//2687 1456//2687
f 1386//2688 1456//2688 1387//2688
f 1387//2689 1456//2689 1457//2689
f 1387//2690 1457//2690 1388//2690
f 1388//2691 1457//2691 1458//2691
f 1388//2692 1458//2692 1389//2692
f 1389//2693 1458//2693 1459//2693
f 1389//2694 1459//2694 1390//2694
f 1390//2695 1459//2695 1460//2695
f 1390//2696 1460//2696 1391//2696
f 1391//2697 1460//2697 1461//2697
f 1391//2698 1461//2698 1392//2698
f 1392//2437 1461//2437 1462//2437
f 1392//2699 1462//2699 1393//2699
f 1393//2700 1462//2700 1463//2700
f 1393//2701 1463//2701 1394//2701
f 1394//2702 1463//2702 1464//2702
f 1394//2703 1464//2703 1395//2703
f 1395//2704 1464//2704 1465//2704
f 1395//2705 1465//2705 1396//2705
f 1396//2706 1465//2706 1466//2706
f 1396//2707 1466//2707 1397//2707
f 1397//2708 1466//2708 1467//2708
f 1397//2709 1467//2709 1398//2709
f 1398//2710 1467//2710 1468//2710
f 1398//2711 1468//2711 1399//2711
f 1399//2712 1468//2712 1469//2712
f 1399//2713 1469//2713 1400//2713
f 1400//2714 1469//2714 1470//2714
f 1401//2715 1471//2715 1402//2715
f 1402//2716 1471//2716 1472//2716
f 1402//2717 1472//2717 1403//2717
f 1403//2718 1472//2718 1473//2718
f 1403//2719 1473//2719 1404//2719
f 1404//2719 1473//2719 1474//2719
f 1404//2720 1474//2720 1405//2720
f 1405//2721 1474//2721 1475//2721
f 1405//2722 1475//2722 1406//2722
f 1406//2723 1475//2723 1476//2723
f 1406//2724 1476//2724 1407//2724
f 1407//2725 1476//2725 1477//2725
f 1407//2726 1477//2726 1408//2726
f 1408//2727 1477//2727 1478//2727
f 1408//2728 1478//2728 1409//2728
f 1409//2729 1478//2729 1479//2729
f 1409//2730 1479//2730 1410//2730
f 1410//2731 1479//2731 1480//2731
f 1410//2732 1480//2732 1411//2732
f 1411//2733 1480//2733 1481//2733
f 1411//2734 1481//2734 1412//2734
f 1412//2735 1481//2735 1482//2735
f 1412//2736 1482//2736 1413//2736
f 1413//2737 1482//2737 1483//2737
f 1413//2738 1483//2738 1414//2738
f 1414//2739 1483//2739 1484//2739
f 1414//2740 1484//2740 1415//2740
f 1415//2741 1484//2741 1485//2741
f 1415//2742 1485//2742 1416//2742
f 1416//2743 1485//2743 1486//2743
f 1416//2744 1486//2744 1417//2744
f 1417//2744 1486//2744 1487//2744
f 1417//2745 1487//2745 1418//2745
f 1418//2746 1487//2746 1488//2746
f 1418//2747 1488//2747 1419//2747
f 1419//2748 1488//2748 1489//2748
f 1419//2749 1489//2749 1420//2749
f 1420//2750 1489//2750 1490//2750
f 1420//2751 1490//2751 1421//2751
f 1421//2752 1490//2752 1491//2752
f 1421//2753 1491//2753 1422//2753
f 1422//2754 1491//2754 1492//2754
f 1422//1113 1492//1113 1423//1113
f 1423//2755 1492//2755 1493//2755
f 1423//2756 1493//2756 1424//2756
f 1424//2757 1493//2757 1494//2757
f 1424//2758 1494//2758 1425//2758
f 1425//2759 1494//2759 1495//2759
f 1425//2760 1495//2760 1426//2760
f 1426//2761 1495//2761 1496//2761
f 1426//2762 1496//2762 1427//2762
f 1427//2763 1496//2763 1497//2763
f 1427//2764 1497//2764 1428//2764
f 1428//2765 1497//2765 1498//2765
f 1428//2766 1498//2766 1429//2766
f 1429//2767 1498//2767 1499//2767
f 1429//2768 1499//2768 1430//2768
f 1430//2769 1499//2769 1500//2769
f 1430//2770 1500//2770 1431//2770
f 1431//2771 1500//2771 1501//2771
f 1431//2772 1501//2772 1432//2772
f 1432//2773 1501//2773 1502//2773
f 1432//2774 1502//2774 1433//2774
f 1433//2775 1502//2775 1503//2775
f 1433//2776 1503//2776 1434//2776
f 1434//2777 1503//2777 1504//2777
f 1434//2778 1504//2778 1435//2778
f 1435//2779 1504//2779 1505//2779
f 1435//2780 1505//2780 1436//2780
f 1436//2781 1505//2781 1506//2781
f 1436//2782 1506//2782 1437//2782
f 1437//2783 1506//2783 1507//2783
f 1437//2784 1507//2784 1438//2784
f 1438//2785 1507//2785 1508//2785
f 1438//2786 1508//2786 1439//2786
f 1439//2787 1508//2787 1509//2787
f 1439//2788 1509//2788 1440//2788
f 1440//2789 1509//2789 1510//2789
f 1440//2790 1510//2790 1441//2790
f 1441//2791 1510//2791 1511//2791
f 1441//2792 1511//2792 1442//2792
f 1442//2792 1511//2792 1512//2792
f 1442//2793 1512//2793 1443//2793
f 1443//2794 1512//2794 1513//2794
f 1443//2795 1513//2795 1444//2795
f 1444//2796 1513//2796 1514//2796
f 1444//2797 1514//2797 1445//2797
f 1445//2798 1514//2798 1515//2798
f 1445//2799 1515//2799 1446//2799
f 1446//2800 1515//2800 1516//2800
f 1446//2801 1516//2801 1447//2801
f 1447//2802 1516//2802 1517//2802
f 1447//2803 1517//2803 1448//2803
f 1448//2804 1517//2804 1518//2804
f 1448//2805 1518//2805 1449//2805
f 1449//2805 1518//2805 1519//2805
f 1449//2806 1519//2806 1450//2806
f 1450//2807 1519//2807 1520//2807
f 1450//2808 1520//2808 1451//2808
f 1451//2809 1520//2809 1521//2809
f 1451//2810 1521//2810 1452//2810
f 1452//2811 1521//2811 1522//2811
f 1452//2812 1522//2812 1453//2812
f 1453//2813 1522//2813 1523//2813
f 1453//2814 1523//2814 1454//2814
f 1454//2815 1523//2815 1524//2815
f 1454//2816 1524//2816 1455//2816
f 1455//2817 1524//2817 1525//2817
f 1455//2818 1525//2818 1456//2818
f 1456//2819 1525//2819 1526//2819
f 1456//2820 1526//2820 1457//2820
f 1457//2821 1526//2821 1527//2821
f 1457//2822 1527//2822 1458//2822
f 1458//2823 1527//2823 1528//2823
f 1458//2824 1528//2824 1459//2824
f 1459//2825 1528//2825 1529//2825
f 1459//2826 1529//2826 1460//2826
f 1460//2827 1529//2827 1530//2827
f 1460//2828 1530//2828 1461//2828
f 1461//2829 1530//2829 1531//2829
f 1461//2830 1531//2830 1462//2830
f 1462//2831 1531//2831 1532//2831
f 1462//2832 1532//2832 1463//2832
f 1463//2833 1532//2833 1533//2833
f 1463//2834 1533//2834 1464//2834
f 1464//2835 1533//2835 1534//2835
f 1464//2836 1534//2836 1465//2836
f 1465//2837 1534//2837 1535//2837
f 1465//2838 1535//2838 1466//2838
f 1466//2839 1535//2839 1536//2839
f 1466//2840 1536//2840 1467//2840
f 1467//2841 1536//2841 1537//2841
f 1467//2842 1537//2842 1468//2842
f 1468//2843 1537//2843 1538//2843
f 1468//2844 1538//2844 1469//2844
f 1469//2845 1538//2845 1539//2845
f 1469//2846 1539//2846 1470//2846
f 1470//2847 1539//2847 1540//2847
f 1471//2848 1541//2848 1472//2848
f 1472//2849 1541//2849 1542//2849
f 1472//2850 1542//2850 1473//2850
f 1473//2851 1542//2851 1543//2851
f 1473//2852 1543//2852 1474//2852
f 1474//2853 1543//2853 1544//2853
f 1474//2854 1544//2854 1475//2854
f 1475//2855 1544//2855 1545//2855
f 1475//2856 1545//2856 1476//2856
f 1476//2857 1545//2857 1546//2857
f 1476//2858 1546//2858 1477//2858
f 1477//2859 1546//2859 1547//2859
f 1477//2860 1547//2860 1478//2860
f 1478//2861 1547//2861 1548//2861
f 1478//2862 1548//2862 1479//2862
f 1479//2863 1548//2863 1549//2863
f 1479//2864 1549//2864 1480//2864
f 1480//2865 1549//2865 1550//2865
f 1480//2866 1550//2866 1481//2866
f 1481//2867 1550//2867 1551//2867
f 1481//2868 1551//2868 1482//2868
f 1482//2869 1551//2869 1552//2869
f 1482//2870 1552//2870 1483//2870
f 1483//2871 1552//2871 1553//2871
f 1483//2872 1553//2872 1484//2872
f 1484//2873 1553//2873 1554//2873
f 1484//2874 1554//2874 1485//2874
f 1485//2875 1554//2875 1555//2875
f 1485//2876 1555//2876 1486//2876
f 1486//2877 1555//2877 1556//2877
f 1486//2878 1556//2878 1487//2878
f 1487//2879 1556//2879 1557//2879
f 1487//2880 1557//2880 1488//2880
f 1488//2881 1557//2881 1558//2881
f 1488//2882 1558//2882 1489//2882
f 1489//2883 1558//2883 1559//2883
f 1489//2884 1559//2884 1490//2884
f 1490//2885 1559//2885 1560//2885
f 1490//2886 1560//2886 1491//2886
f 1491//2887 1560//2887 1561//2887
f 1491//2888 1561//2888 1492//2888
f 1492//2889 1561//2889 1562//2889
f 1492//2890 1562//2890 1493//2890
f 1493//2891 1562//2891 1563//2891
f 1493//2892 1563//2892 1494//2892
f 1494//2893 1563//2893 1564//2893
f 1494//2894 1564//2894 1495//2894
f 1495//2895 1564//2895 1565//2895
f 1495//2896 1565//2896 1496//2896
f 1496//2897 1565//2897 1566//2897
f 1496//2898 1566//2898 1497//2898
f 1497//2899 1566//2899 1567//2899
f 1497//2900 1567//2900 1498//2900
f 1498//2901 1567//2901 1568//2901
f 1498//2902 1568//2902 1499//2902
f 1499//2903 1568//2903 1569//2903
f 1499//2904 1569//2904 1500//2904
f 1500//2905 1569//2905 1570//2905
f 1500//2906 1570//2906 1501//2906
f 1501//2907 1570//2907 1571//2907
f 1501//2908 1571//2908 1502//2908
f 1502//2909 1571//2909 1572//2909
f 1502//2910 1572//2910 1503//2910
f 1503//2911 1572//2911 1573//2911
f 1503//2912 1573//2912 1504//2912
f 1504//2913 1573//2913 1574//2913
f 1504//2914 1574//2914 1505//2914
f 1505//2915 1574//2915 1575//2915
f 1505//2916 1575//2916 1506//2916
f 1506//2917 1575//2917 1576//2917
f 1506//2918 1576//2918 1507//2918
f 1507//2919 1576//2919 1577//2919
f 1507//2920 1577//2920 1508//2920
f 1508//2921 1577//2921 1578//2921
f 1508//2922 1578//2922 1509//2922
f 1509//2923 1578//2923 1579//2923
f 1509//2924 1579//2924 1510//2924
f 1510//2925 1579//2925 1580//2925
f 1510//2926 1580//2926 1511//2926
f 1511//2927 1580//2927 1581//2927
f 1511//2928 1581//2928 1512//2928
f 1512//2929 1581//2929 1582//2929
f 1512//2930 1582//2930 1513//2930
f 1513//2931 1582//2931 1583//2931
f 1513//2932 1583//2932 1514//2932
f 1514//2933 1583//2933 1584//2933
f 1514//2934 1584//2934 1515//2934
f 1515//2935 1584//2935 1585//2935
f 1515//2936 1585//2936 1516//2936
f 1516//2937 1585//2937 1586//2937
f 1516//2938 1586//2938 1517//2938
f 1517//2939 1586//2939 1587//2939
f 1517//2940 1587//2940 1518//2940
f 1518//2941 1587//2941 1588//2941
f 1518//2942 1588//2942 1519//2942
f 1519//2943 1588//2943 1589//2943
f 1519//2944 1589//2944 1520//2944
f 1520//2945 1589//2945 1590//2945
f 1520//2946 1590//2946 1521//2946
f 1521//2947 1590//2947 1591//2947
f 1521//2948 1591//2948 1522//2948
f 1522//2949 1591//2949 1592//2949
f 1522//2950 1592//2950 1523//2950
f 1523//2951 1592//2951 1593//2951
f 1523//2952 1593//2952 1524//2952
f 1524//2953 1593//2953 1594//2953
f 1524//2954 1594//2954 1525//2954
f 1525//2955 1594//2955 1595//2955
f 1525//2956 1595//2956 1526//2956
f 1526//2957 1595//2957 1596//2957
f 1526//2958 1596//2958 1527//2958
f 1527//2959 1596//2959 1597//2959
f 1527//2960 1597//2960 1528//2960
f 1528//995 1597//995 1598//995
f 1528//2961 1598//2961 1529//2961
f 1529//2962 1598//2962 1599//2962
f 1529//2963 1599//2963 1530//2963
f 1530//2964 1599//2964 1600//2964
f 1530//2965 1600//2965 1531//2965
f 1531//2966 1600//2966 1601//2966
f 1531//2967 1601//2967 1532//2967
f 1532//2780 1601//2780 1602//2780
f 1532//2968 1602//2968 1533//2968
f 1533//2969 1602//2969 1603//2969
f 1533//2970 1603//2970 1534//2970
f 1534//2971 1603//2971 1604//2971
f 1534//2972 1604//2972 1535//2972
f 1535//2973 1604//2973 1605//2973
f 1535//2974 1605//2974 1536//2974
f 1536//2975 1605//2975 1606//2975
f 1536//2976 1606//2976 1537//2976
f 1537//2977 1606//2977 1607//2977
f 1537//2978 1607//2978 1538//2978
f 1538//2979 1607//2979 1608//2979
f 1538//2980 1608//2980 1539//2980
f 1539//2981 1608//2981 1609//2981
f 1539//2982 1609//2982 1540//2982
f 1540//2983 1609//2983 1610//2983
f 1541//2984 1611//2984 1542//2984
f 1542//2985 1611//2985 1612//2985
f 1542//2986 1612//2986 1543//2986
f 1543//2987 1612//2987 1613//2987
f 1543//2988 1613//2988 1544//2988
f 1544//2989 1613//2989 1614//2989
f 1544//2990 1614//2990 1545//2990
f 1545//2991 1614//2991 1615//2991
f 1545//2992 1615//2992 1546//2992
f 1546//2993 1615//2993 1616//2993
f 1546//2994 1616//2994 1547//2994
f 1547//2995 1616//2995 1617//2995
f 1547//2996 1617//2996 1548//2996
f 1548//2997 1617//2997 1618//2997
f 1548//2998 1618//2998 1549//2998
f 1549//2999 1618//2999 1619//2999
f 1549//3000 1619//3000 1550//3000
f 1550//3001 1619//3001 1620//3001
f 1550//3002 1620//3002 1551//3002
f 1551//3003 1620//3003 1621//3003
f 1551//3004 1621//3004 1552//3004
f 1552//3005 1621//3005 1622//3005
f 1552//3006 1622//3006 1553//3006
f 1553//3007 1622//3007 1623//3007
f 1553//3008 1623//3008 1554//3008
f 1554//3009 1623//3009 1624//3009
f 1554//3010 1624//3010 1555//3010
f 1555//3011 1624//3011 1625//3011
f 1555//3012 1625//3012 1556//3012
f 1556//3013 1625//3013 1626//3013
f 1556//3014 1626//3014 1557//3014
f 1557//3015 1626//3015 1627//3015
f 1557//3016 1627//3016 1558//3016
f 1558//3017 1627//3017 1628//3017
f 1558//3018 1628//3018 1559//3018
f 1559//3019 1628//3019 1629//3019
f 1559//3020 1629//3020 1560//3020
f 1560//3021 1629//3021 1630//3021
f 1560//3022 1630//3022 1561//3022
f 1561//3023 1630//3023 1631//3023
f 1561//3024 1631//3024 1562//3024
f 1562//3025 1631//3025 1632//3025
f 1562//3026 1632//3026 1563//3026
f 1563//3027 1632//3027 1633//3027
f 1563//3028 1633//3028 1564//3028
f 1564//3029 1633//3029 1634//3029
f 1564//3030 1634//3030 1565//3030
f 1565//1297 1634//1297 1635//1297
f 1565//1298 1635//1298 1566//1298
f 1566//3031 1635//3031 1636//3031
f 1566//3032 1636//3032 1567//3032
f 1567//3032 1636//3032 1637//3032
f 1567//3033 1637//3033 1568//3033
f 1568//3034 1637//3034 1638//3034
f 1568//3035 1638//3035 1569//3035
f 1569//3036 1638//3036 1639//3036
f 1569//3037 1639//3037 1570//3037
f 1570//3038 1639//3038 1640//3038
f 1570//3039 1640//3039 1571//3039
f 1571//3040 1640//3040 1641//3040
f 1571//3041 1641//3041 1572//3041
f 1572//3042 1641//3042 1642//3042
f 1572//3043 1642//3043 1573//3043
f 1573//3044 1642//3044 1643//3044
f 1573//3045 1643//3045 1574//3045
f 1574//3046 1643//3046 1644//3046
f 1574//3047 1644//3047 1575//3047
f 1575//3048 1644//3048 1645//3048
f 1575//3049 1645//3049 1576//3049
f 1576//3050 1645//3050 1646//3050
f 1576//3051 1646//3051 1577//3051
f 1577//3052 1646//3052 1647//3052
f 1577//3053 1647//3053 1578//3053
f 1578//3054 1647//3054 1648//3054
f 1578//3055 1648//3055 1579//3055
f 1579//3056 1648//3056 1649//3056
f 1579//3057 1649//3057 1580//3057
f 1580//3058 1649//3058 1650//3058
f 1580//3059 1650//3059 1581//3059
f 1581//3060 1650//3060 1651//3060
f 1581//3061 1651//3061 1582//3061
f 1582//3062 1651//3062 1652//3062
f 1582//3063 1652//3063 1583//3063
f 1583//3064 1652//3064 1653//3064
f 1583//3065 1653//3065 1584//3065
f 1584//3066 1653//3066 1654//3066
f 1584//3067 1654//3067 1585//3067
f 1585//3068 1654//3068 1655//3068
f 1585//3069 1655//3069 1586//3069
f 1586//3070 1655//3070 1656//3070
f 1586//3071 1656//3071 1587//3071
f 1587//3072 1656//3072 1657//3072
f 1587//3073 1657//3073 1588//3073
f 1588//3074 1657//3074 1658//3074
f 1588//3075 1658//3075 1589//3075
f 1589//3076 1658//3076 1659//3076
f 1589//3077 1659//3077 1590//3077
f 1590//3078 1659//3078 1660//3078
f 1590//3079 1660//3079 1591//3079
f 1591//3080 1660//3080 1661//3080
f 1591//3081 1661//3081 1592//3081
f 1592//3082 1661//3082 1662//3082
f 1592//3083 1662//3083 1593//3083
f 1593//3084 1662//3084 1663//3084
f 1593//3085 1663//3085 1594//3085
f 1594//3086 1663//3086 1664//3086
f 1594//3087 1664//3087 1595//3087
f 1595//3088 1664//3088 1665//3088
f 1595//3089 1665//3089 1596//3089
f 1596//3090 1665//3090 1666//3090
f 1596//3091 1666//3091 1597//3091
f 1597//3092 1666//3092 1667//3092
f 1597//3093 1667//3093 1598//3093
f 1598//3094 1667//3094 1668//3094
f 1598//3095 1668//3095 1599//3095
f 1599//3096 1668//3096 1669//3096
f 1599//3097 1669//3097 1600//3097
f 1600//3098 1669//3098 1670//3098
f 1600//3099 1670//3099 1601//3099
f 1601//3100 1670//3100 1671//3100
f 1601//3101 1671//3101 1602//3101
f 1602//3102 1671//3102 1672//3102
f 1602//3103 1672//3103 1603//3103
f 1603//3104 1672//3104 1673//3104
f 1603//3105 1673//3105 1604//3105
f 1604//3106 1673//3106 1674//3106
f 1604//3107 1674//3107 1605//3107
f 1605//3108 1674//3108 1675//3108
f 1605//3109 1675//3109 1606//3109
f 1606//3110 1675//3110 1676//3110
f 1606//3111 1676//3111 1607//3111
f 1607//3112 1676//3112 1677//3112
f 1607//3113 1677//3113 1608//3113
f 1608//3114 1677//3114 1678//3114
f 1608//3115 1678//3115 1609//3115
f 1609//3116 1678//3116 1679//3116
f 1609//3117 1679//3117 1610//3117
f 1610//3118 1679//3118 1680//3118
f 1611//3119 1681//3119 1612//3119
f 1612//3120 1681//3120 1682//3120
f 1612//3121 1682//3121 1613//3121
f 1613//3122 1682//3122 1683//3122
f 1613//3123 1683//3123 1614//3123
f 1614//3124 1683//3124 1684//3124
f 1614//3125 1684//3125 1615//3125
f 1615//3126 1684//3126 1685//3126
f 1615//3127 1685//3127 1616//3127
f 1616//3128 1685//3128 1686//3128
f 1616//3129 1686//3129 1617//3129
f 1617//3130 1686//3130 1687//3130
f 1617//3131 1687//3131 1618//3131
f 1618//3132 1687//3132 1688//3132
f 1618//3133 1688//3133 1619//3133
f 1619//3134 1688//3134 1689//3134
f 1619//3135 1689//3135 1620//3135
f 1620//3136 1689//3136 1690//3136
f 1620//3137 1690//3137 1621//3137
f 1621//2994 1690//2994 1691//2994
f 1621//3138 1691//3138 1622//3138
f 1622//3139 1691//3139 1692//3139
f 1622//3140 1692//3140 1623//3140
f 1623//3141 1692//3141 1693//3141
f 1623//3142 1693//3142 1624//3142
f 1624//3143 1693//3143 1694//3143
f 1624//3144 1694//3144 1625//3144
f 1625//3145 1694//3145 1695//3145
f 1625//3146 1695//3146 1626//3146
f 1626//3147 1695//3147 1696//3147
f 1626//3148 1696//3148 1627//3148
f 1627//3149 1696//3149 1697//3149
f 1627//3150 1697//3150 1628//3150
f 1628//3151 1697//3151 1698//3151
f 1628//3152 1698//3152 1629//3152
f 1629//3153 1698//3153 1699//3153
f 1629//3154 1699//3154 1630//3154
f 1630//3155 1699//3155 1700//3155
f 1630//3156 1700//3156 1631//3156
f 1631//3157 1700//3157 1701//3157
f 1631//3158 1701//3158 1632//3158
f 1632//3159 1701//3159 1702//3159
f 1632//3160 1702//3160 1633//3160
f 1633//3161 1702//3161 1703//3161
f 1633//3162 1703//3162 1634//3162
f 1634//3163 1703//3163 1704//3163
f 1634//3164 1704//3164 1635//3164
f 1635//3165 1704//3165 1705//3165
f 1635//3166 1705//3166 1636//3166
f 1636//3167 1705//3167 1706//3167
f 1636//3168 1706//3168 1637//3168
f 1637//3169 1706//3169 1707//3169
f 1637//3170 1707//3170 1638//3170
f 1638//3171 1707//3171 1708//3171
f 1638//3172 1708//3172 1639//3172
f 1639//3173 1708//3173 1709//3173
f 1639//3174 1709//3174 1640//3174
f 1640//3175 1709//3175 1710//3175
f 1640//3176 1710//3176 1641//3176
f 1641//3177 1710//3177 1711//3177
f 1641//3178 1711//3178 1642//3178
f 1642//3179 1711//3179 1712//3179
f 1642//3180 1712//3180 1643//3180
f 1643//3181 1712//3181 1713//3181
f 1643//3182 1713//3182 1644//3182
f 1644//3183 1713//3183 1714//3183
f 1646//3188 1716//3188 1647//3188
f 1647//3189 1716//3189 1717//3189
f 1647//3190 1717//3190 1648//3190
f 1648//3191 1717//3191 1718//3191
f 1648//3192 1718//3192 1649//3192
f 1649//3193 1718//3193 1719//3193
f 1649//3194 1719//3194 1650//3194
f 1650//3195 1719//3195 1720//3195
f 1650//3196 1720//3196 1651//3196
f 1651//3197 1720//3197 1721//3197
f 1651//3198 1721//3198 1652//3198
f 1652//3199 1721//3199 1722//3199
f 1652//3200 1722//3200 1653//3200
f 1653//3201 1722//3201 1723//3201
f 1653//3202 1723//3202 1654//3202
f 1654//3203 1723//3203 1724//3203
f 1654//3204 1724//3204 1655//3204
f 1655//3205 1724//3205 1725//3205
f 1655//3206 1725//3206 1656//3206
f 1656//3207 1725//3207 1726//3207
f 1656//3208 1726//3208 1657//3208
f 1657//3209 1726//3209 1727//3209
f 1657//3210 1727//3210 1658//3210
f 1658//2745 1727//2745 1728//2745
f 1658//3211 1728//3211 1659//3211
f 1659//3212 1728//3212 1729//3212
f 1659//3213 1729//3213 1660//3213
f 1660//666 1729//666 1730//666
f 1660//3214 1730//3214 1661//3214
f 1661//3215 1730//3215 1731//3215
f 1661//3216 1731//3216 1662//3216
f 1662//3217 1731//3217 1732//3217
f 1662//3218 1732//3218 1663//3218
f 1663//3219 1732//3219 1733//3219
f 1663//3220 1733//3220 1664//3220
f 1664//3221 1733//3221 1734//3221
f 1664//3222 1734//3222 1665//3222
f 1665//3223 1734//3223 1735//3223
f 1665//3224 1735//3224 1666//3224
f 1666//3225 1735//3225 1736//3225
f 1666//3226 1736//3226 1667//3226
f 1667//326 1736//326 1737//326
f 1667//3227 1737//3227 1668//3227
f 1668//3228 1737//3228 1738//3228
f 1668//3229 1738//3229 1669//3229
f 1669//3230 1738//3230 1739//3230
f 1669//3231 1739//3231 1670//3231
f 1670//3232 1739//3232 1740//3232
f 1670//3233 1740//3233 1671//3233
f 1671//3234 1740//3234 1741//3234
f 1671//3235 1741//3235 1672//3235
f 1672//3236 1741//3236 1742//3236
f 1672//3237 1742//3237 1673//3237
f 1673//3238 1742//3238 1743//3238
f 1673//3239 1743//3239 1674//3239
f 1674//3240 1743//3240 1744//3240
f 1674//3241 1744//3241 1675//3241
f 1675//3242 1744//3242 1745//3242
f 1675//3243 1745//3243 1676//3243
f 1676//3244 1745//3244 1746//3244
f 1676//3245 1746//3245 1677//3245
f 1677//3246 1746//3246 1747//3246
f 1677//3247 1747//3247 1678//3247
f 1678//3248 1747//3248 1748//3248
f 1678//3249 1748//3249 1679//3249
f 1679//3250 1748//3250 1749//3250
f 1679//3251 1749//3251 1680//3251
f 1680//3252 1749//3252 1750//3252
f 1681//3253 1751//3253 1682//3253
f 1682//3254 1751//3254 1752//3254
f 1682//3255 1752//3255 1683//3255
f 1683//3256 1752//3256 1753//3256
f 1683//3257 1753//3257 1684//3257
f 1684//3258 1753//3258 1754//3258
f 1684//3259 1754//3259 1685//3259
f 1685//3260 1754//3260 1755//3260
f 1685//3261 1755//3261 1686//3261
f 1686//3262 1755//3262 1756//3262
f 1686//3263 1756//3263 1687//3263
f 1687//3264 1756//3264 1757//3264
f 1687//3265 1757//3265 1688//3265
f 1688//3266 1757//3266 1758//3266
f 1688//3267 1758//3267 1689//3267
f 1689//3268 1758//3268 1759//3268
f 1689//3269 1759//3269 1690//3269
f 1690//3270 1759//3270 1760//3270
f 1690//3271 1760//3271 1691//3271
f 1691//3272 1760//3272 1761//3272
f 1691//3273 1761//3273 1692//3273
f 1692//3274 1761//3274 1762//3274
f 1692//3275 1762//3275 1693//3275
f 1693//3276 1762//3276 1763//3276
f 1693//3277 1763//3277 1694//3277
f 1694//3278 1763//3278 1764//3278
f 1694//3279 1764//3279 1695//3279
f 1695//3280 1764//3280 1765//3280
f 1695//3281 1765//3281 1696//3281
f 1696//3282 1765//3282 1766//3282
f 1696//3283 1766//3283 1697//3283
f 1697//3284 1766//3284 1767//3284
f 1697//3285 1767//3285 1698//3285
f 1698//3286 1767//3286 1768//3286
f 1698//3287 1768//3287 1699//3287
f 1699//3288 1768//3288 1769//3288
f 1699//3289 1769//3289 1700//3289
f 1700//3290 1769//3290 1770//3290
f 1700//3291 1770//3291 1701//3291
f 1701//3292 1770//3292 1771//3292
f 1701//3293 1771//3293 1702//3293
f 1702//3294 1771//3294 1772//3294
f 1702//3295 1772//3295 1703//3295
f 1703//3296 1772//3296 1773//3296
f 1703//3297 1773//3297 1704//3297
f 1704//3298 1773//3298 1774//3298
f 1704//3299 1774//3299 1705//3299
f 1705//3300 1774//3300 1775//3300
f 1705//3301 1775//3301 1706//3301
f 1706//3302 1775//3302 1776//3302
f 1706//3303 1776//3303 1707//3303
f 1707//3304 1776//3304 1777//3304
f 1707//3305 1777//3305 1708//3305
f 1708//3306 1777//3306 1778//3306
f 1708//3307 1778//3307 1709//3307
f 1709//3308 1778//3308 1779//3308
f 1709//3309 1779//3309 1710//3309
f 1710//3310 1779//3310 1780//3310
f 1710//3311 1780//3311 1711//3311
f 1711//3312 1780//3312 1781//3312
f 1711//3313 1781//3313 1712//3313
f 1712//3314 1781//3314 1782//3314
f 1712//3315 1782//3315 1713//3315
f 1713//3316 1782//3316 1783//3316
f 1717//3325 1787//3325 1718//3325
f 1718//3326 1787//3326 1788//3326
f 1718//3327 1788//3327 1719//3327
f 1719//3328 1788//3328 1789//3328
f 1719//3329 1789//3329 1720//3329
f 1720//3330 1789//3330 1790//3330
f 1720//3331 1790//3331 1721//3331
f 1721//3332 1790//3332 1791//3332
f 1721//3333 1791//3333 1722//3333
f 1722//3334 1791//3334 1792//3334
f 1722//3335 1792//3335 1723//3335
f 1723//3336 1792//3336 1793//3336
f 1723//3337 1793//3337 1724//3337
f 1724//3338 1793//3338 1794//3338
f 1724//3339 1794//3339 1725//3339
f 1725//3340 1794//3340 1795//3340
f 1725//3341 1795//3341 1726//3341
f 1726//3342 1795//3342 1796//3342
f 1726//3343 1796//3343 1727//3343
f 1727//3344 1796//3344 1797//3344
f 1727//3345 1797//3345 1728//3345
f 1728//3346 1797//3346 1798//3346
f 1728//3347 1798//3347 1729//3347
f 1729//3348 1798//3348 1799//3348
f 1729//3349 1799//3349 1730//3349
f 1730//3350 1799//3350 1800//3350
f 1730//3351 1800//3351 1731//3351
f 1731//3352 1800//3352 1801//3352
f 1731//3353 1801//3353 1732//3353
f 1732//3354 1801//3354 1802//3354
f 1732//3355 1802//3355 1733//3355
f 1733//3356 1802//3356 1803//3356
f 1733//3357 1803//3357 1734//3357
f 1734//3358 1803//3358 1804//3358
f 1734//3359 1804//3359 1735//3359
f 1735//3360 1804//3360 1805//3360
f 1735//3361 1805//3361 1736//3361
f 1736//2137 1805//2137 1806//2137
f 1736//3362 1806//3362 1737//3362
f 1737//3363 1806//3363 1807//3363
f 1737//3364 1807//3364 1738//3364
f 1738//3364 1807//3364 1808//3364
f 1738//3365 1808//3365 1739//3365
f 1739//3366 1808//3366 1809//3366
f 1739//3367 1809//3367 1740//3367
f 1740//3368 1809//3368 1810//3368
f 1740//3369 1810//3369 1741//3369
f 1741//3370 1810//3370 1811//3370
f 1741//3371 1811//3371 1742//3371
f 1742//3372 1811//3372 1812//3372
f 1742//3373 1812//3373 1743//3373
f 1743//3374 1812//3374 1813//3374
f 1743//3375 1813//3375 1744//3375
f 1744//3376 1813//3376 1814//3376
f 1744//3377 1814//3377 1745//3377
f 1745//3378 1814//3378 1815//3378
f 1745//3379 1815//3379 1746//3379
f 1746//3380 1815//3380 1816//3380
f 1746//3381 1816//3381 1747//3381
f 1747//3382 1816//3382 1817//3382
f 1747//3383 1817//3383 1748//3383
f 1748//3384 1817//3384 1818//3384
f 1748//3385 1818//3385 1749//3385
f 1749//3386 1818//3386 1819//3386
f 1749//3387 1819//3387 1750//3387
f 1750//3388 1819//3388 1820//3388
f 1751//3389 1821//3389 1752//3389
f 1752//3390 1821//3390 1822//3390
f 1752//3391 1822//3391 1753//3391
f 1753//3392 1822//3392 1823//3392
f 1753//3393 1823//3393 1754//3393
f 1754//3394 1823//3394 1824//3394
f 1754//3395 1824//3395 1755//3395
f 1755//3396 1824//3396 1825//3396
f 1755//3397 1825//3397 1756//3397
f 1756//3398 1825//3398 1826//3398
f 1756//3399 1826//3399 1757//3399
f 1757//3400 1826//3400 1827//3400
f 1757//3401 1827//3401 1758//3401
f 1758//3402 1827//3402 1828//3402
f 1758//3403 1828//3403 1759//3403
f 1759//3404 1828//3404 1829//3404
f 1759//3404 1829//3404 1760//3404
f 1760//3405 1829//3405 1830//3405
f 1760//3406 1830//3406 1761//3406
f 1761//3407 1830//3407 1831//3407
f 1761//3408 1831//3408 1762//3408
f 1762//1574 1831//1574 1832//1574
f 1762//3409 1832//3409 1763//3409
f 1763//3410 1832//3410 1833//3410
f 1763//3411 1833//3411 1764//3411
f 1764//3412 1833//3412 1834//3412
f 1764//3413 1834//3413 1765//3413
f 1765//3414 1834//3414 1835//3414
f 1765//3415 1835//3415 1766//3415
f 1766//3416 1835//3416 1836//3416
f 1766//3417 1836//3417 1767//3417
f 1767//3418 1836//3418 1837//3418
f 1767//3419 1837//3419 1768//3419
f 1768//3419 1837//3419 1838//3419
f 1768//3420 1838//3420 1769//3420
f 1769//3421 1838//3421 1839//3421
f 1769//3422 1839//3422 1770//3422
f 1770//3423 1839//3423 1840//3423
f 1770//3424 1840//3424 1771//3424
f 1771//3425 1840//3425 1841//3425
f 1771//3426 1841//3426 1772//3426
f 1772//3427 1841//3427 1842//3427
f 1772//3428 1842//3428 1773//3428
f 1773//3429 1842//3429 1843//3429
f 1773//3430 1843//3430 1774//3430
f 1774//3431 1843//3431 1844//3431
f 1774//3432 1844//3432 1775//3432
f 1775//3433 1844//3433 1845//3433
f 1775//3434 1845//3434 1776//3434
f 1776//3435 1845//3435 1846//3435
f 1776//3436 1846//3436 1777//3436
f 1777//3437 1846//3437 1847//3437
f 1777//3438 1847//3438 1778//3438
f 1778//3439 1847//3439 1848//3439
f 1778//3440 1848//3440 1779//3440
f 1779//3441 1848//3441 1849//3441
f 1779//3442 1849//3442 1780//3442
f 1780//3443 1849//3443 1850//3443
f 1780//3444 1850//3444 1781//3444
f 1781//3445 1850//3445 1851//3445
f 1781//3446 1851//3446 1782//3446
f 1782//3447 1851//3447 1852//3447
f 1782//3448 1852//3448 1783//3448
f 1783//3449 1852//3449 1853//3449
f 1783//3450 1853//3450 1784//3450
f 1784//3451 1853//3451 1854//3451
f 1784//3452 1854//3452 1785//3452
f 1785//3453 1854//3453 1855//3453
f 1785//3454 1855//3454 1786//3454
f 1786//3455 1855//3455 1856//3455
f 1786//3456 1856//3456 1787//3456
f 1787//3457 1856//3457 1857//3457
f 1787//3458 1857//3458 1788//3458
f 1788//3459 1857//3459 1858//3459
f 1788//3460 1858//3460 1789//3460
f 1789//3461 1858//3461 1859//3461
f 1789//3462 1859//3462 1790//3462
f 1790//3463 1859//3463 1860//3463
f 1790//3464 1860//3464 1791//3464
f 1791//3465 1860//3465 1861//3465
f 1791//3466 1861//3466 1792//3466
f 1792//3467 1861//3467 1862//3467
f 1792//3468 1862//3468 1793//3468
f 1793//3469 1862//3469 1863//3469
f 1793//3470 1863//3470 1794//3470
f 1794//3471 1863//3471 1864//3471
f 1794//3472 1864//3472 1795//3472
f 1795//3473 1864//3473 1865//3473
f 1795//3474 1865//3474 1796//3474
f 1796//3475 1865//3475 1866//3475
f 1796//3476 1866//3476 1797//3476
f 1797//3477 1866//3477 1867//3477
f 1797//3478 1867//3478 1798//3478
f 1798//3479 1867//3479 1868//3479
f 1798//3480 1868//3480 1799//3480
f 1799//3481 1868//3481 1869//3481
f 1799//3482 1869//3482 1800//3482
f 1800//3483 1869//3483 1870//3483
f 1800//3484 1870//3484 1801//3484
f 1801//3485 1870//3485 1871//3485
f 1801//3486 1871//3486 1802//3486
f 1802//3487 1871//3487 1872//3487
f 1802//3488 1872//3488 1803//3488
f 1803//3489 1872//3489 1873//3489
f 1803//3490 1873//3490 1804//3490
f 1804//3491 1873//3491 1874//3491
f 1804//3492 1874//3492 1805//3492
f 1805//3493 1874//3493 1875//3493
f 1805//3494 1875//3494 1806//3494
f 1806//3495 1875//3495 1876//3495
f 1806//3496 1876//3496 1807//3496
f 1807//3497 1876//3497 1877//3497
f 1807//3498 1877//3498 1808//3498
f 1808//3499 1877//3499 1878//3499
f 1808//3500 1878//3500 1809//3500
f 1809//3501 1878//3501 1879//3501
f 1809//3502 1879//3502 1810//3502
f 1810//3503 1879//3503 1880//3503
f 1810//3504 1880//3504 1811//3504
f 1811//3505 1880//3505 1881//3505
f 1811//3506 1881//3506 1812//3506
f 1812//3507 1881//3507 1882//3507
f 1812//3508 1882//3508 1813//3508
f 1813//3509 1882//3509 1883//3509
f 1813//3510 1883//3510 1814//3510
f 1814//3511 1883//3511 1884//3511
f 1814//3512 1884//3512 1815//3512
f 1815//3513 1884//3513 1885//3513
f 1815//3514 1885//3514 1816//3514
f 1816//3515 1885//3515 1886//3515
f 1816//3516 1886//3516 1817//3516
f 1817//3517 1886//3517 1887//3517
f 1817//3518 1887//3518 1818//3518
f 1818//3519 1887//3519 1888//3519
f 1818//3520 1888//3520 1819//3520
f 1819//3521 1888//3521 1889//3521
f 1819//3522 1889//3522 1820//3522
f 1820//3523 1889//3523 1890//3523
f 1821//3524 1891//3524 1822//3524
f 1822//3525 1891//3525 1892//3525
f 1822//3526 1892//3526 1823//3526
f 1823//3527 1892//3527 1893//3527
f 1823//3528 1893//3528 1824//3528
f 1824//3529 1893//3529 1894//3529
f 1824//3530 1894//3530 1825//3530
f 1825//3531 1894//3531 1895//3531
f 1825//3532 1895//3532 1826//3532
f 1826//3533 1895//3533 1896//3533
f 1826//3534 1896//3534 1827//3534
f 1827//3535 1896//3535 1897//3535
f 1827//3536 1897//3536 1828//3536
f 1828//3537 1897//3537 1898//3537
f 1828//3538 1898//3538 1829//3538
f 1829//3539 1898//3539 1899//3539
f 1829//3540 1899//3540 1830//3540
f 1830//3541 1899//3541 1900//3541
f 1830//3542 1900//3542 1831//3542
f 1831//3543 1900//3543 1901//3543
f 1831//3544 1901//3544 1832//3544
f 1832//3545 1901//3545 1902//3545
f 1832//3546 1902//3546 1833//3546
f 1833//3547 1902//3547 1903//3547
f 1833//3548 1903//3548 1834//3548
f 1834//3549 1903//3549 1904//3549
f 1834//3550 1904//3550 1835//3550
f 1835//3551 1904//3551 1905//3551
f 1835//3552 1905//3552 1836//3552
f 1836//3553 1905//3553 1906//3553
f 1836//3554 1906//3554 1837//3554
f 1837//3555 1906//3555 1907//3555
f 1837//3556 1907//3556 1838//3556
f 1838//3557 1907//3557 1908//3557
f 1838//3558 1908//3558 1839//3558
f 1839//3559 1908//3559 1909//3559
f 1839//3560 1909//3560 1840//3560
f 1840//3561 1909//3561 1910//3561
f 1840//1040 1910//1040 1841//1040
f 1841//3562 1910//3562 1911//3562
f 1841//3563 1911//3563 1842//3563
f 1842//3564 1911//3564 1912//3564
f 1842//3565 1912//3565 1843//3565
f 1843//3566 1912//3566 1913//3566
f 1843//3567 1913//3567 1844//3567
f 1844//3568 1913//3568 1914//3568
f 1844//3569 1914//3569 1845//3569
f 1845//3570 1914//3570 1915//3570
f 1845//3571 1915//3571 1846//3571
f 1846//3572 1915//3572 1916//3572
f 1846//3573 1916//3573 1847//3573
f 1847//3574 1916//3574 1917//3574
f 1847//3575 1917//3575 1848//3575
f 1848//3576 1917//3576 1918//3576
f 1848//3577 1918//3577 1849//3577
f 1849//3578 1918//3578 1919//3578
f 1849//3579 1919//3579 1850//3579
f 1850//3580 1919//3580 1920//3580
f 1850//3581 1920//3581 1851//3581
f 1851//3582 1920//3582 1921//3582
f 1851//3583 1921//3583 1852//3583
f 1852//3584 1921//3584 1922//3584
f 1852//3585 1922//3585 1853//3585
f 1853//3586 1922//3586 1923//3586
f 1853//3587 1923//3587 1854//3587
f 1854//3588 1923//3588 1924//3588
f 1854//3589 1924//3589 1855//3589
f 1855//3590 1924//3590 1925//3590
f 1855//3591 1925//3591 1856//3591
f 1856//3592 1925//3592 1926//3592
f 1856//3593 1926//3593 1857//3593
f 1857//3594 1926//3594 1927//3594
f 1857//3595 1927//3595 1858//3595
f 1858//3596 1927//3596 1928//3596
f 1858//3597 1928//3597 1859//3597
f 1859//3598 1928//3598 1929//3598
f 1859//3599 1929//3599 1860//3599
f 1860//3600 1929//3600 1930//3600
f 1860//3601 1930//3601 1861//3601
f 1861//3602 1930//3602 1931//3602
f 1861//3603 1931//3603 1862//3603
f 1862//3604 1931//3604 1932//3604
f 1862//3605 1932//3605 1863//3605
f 1863//3606 1932//3606 1933//3606
f 1863//3607 1933//3607 1864//3607
f 1864//3608 1933//3608 1934//3608
f 1864//3609 1934//3609 1865//3609
f 1865//3610 1934//3610 1935//3610
f 1865//3611 1935//3611 1866//3611
f 1866//3612 1935//3612 1936//3612
f 1866//3613 1936//3613 1867//3613
f 1867//3614 1936//3614 1937//3614
f 1867//3615 1937//3615 1868//3615
f 1868//3616 1937//3616 1938//3616
f 1868//3617 1938//3617 1869//3617
f 1869//3618 1938//3618 1939//3618
f 1869//3619 1939//3619 1870//3619
f 1870//3620 1939//3620 1940//3620
f 1870//3621 1940//3621 1871//3621
f 1871//3622 1940//3622 1941//3622
f 1871//3623 1941//3623 1872//3623
f 1872//3624 1941//3624 1942//3624
f 1872//3625 1942//3625 1873//3625
f 1873//3626 1942//3626 1943//3626
f 1873//3627 1943//3627 1874//3627
f 1874//3628 1943//3628 1944//3628
f 1874//3629 1944//3629 1875//3629
f 1875//3630 1944//3630 1945//3630
f 1875//3631 1945//3631 1876//3631
f 1876//3632 1945//3632 1946//3632
f 1876//3633 1946//3633 1877//3633
f 1877//3634 1946//3634 1947//3634
f 1877//3635 1947//3635 1878//3635
f 1878//3636 1947//3636 1948//3636
f 1878//3637 1948//3637 1879//3637
f 1879//3638 1948//3638 1949//3638
f 1879//3639 1949//3639 1880//3639
f 1880//2667 1949//2667 1950//2667
f 1880//3640 1950//3640 1881//3640
f 1881//3641 1950//3641 1951//3641
f 1881//3642 1951//3642 1882//3642
f 1882//3643 1951//3643 1952//3643
f 1882//3644 1952//3644 1883//3644
f 1883//3645 1952//3645 1953//3645
f 1883//3646 1953//3646 1884//3646
f 1884//3647 1953//3647 1954//3647
f 1884//3648 1954//3648 1885//3648
f 1885//920 1954//920 1955//920
f 1885//3649 1955//3649 1886//3649
f 1886//3650 1955//3650 1956//3650
f 1886//3651 1956//3651 1887//3651
f 1887//3629 1956//3629 1957//3629
f 1887//3652 1957//3652 1888//3652
f 1888//3653 1957//3653 1958//3653
f 1888//3654 1958//3654 1889//3654
f 1889//3655 1958//3655 1959//3655
f 1889//3656 1959//3656 1890//3656
f 1890//3657 1959//3657 1960//3657
f 1891//3658 1961//3658 1892//3658
f 1892//3659 1961//3659 1962//3659
f 1892//3660 1962//3660 1893//3660
f 1893//3661 1962//3661 1963//3661
f 1893//3662 1963//3662 1894//3662
f 1894//3663 1963//3663 1964//3663
f 1894//3664 1964//3664 1895//3664
f 1895//3665 1964//3665 1965//3665
f 1895//3666 1965//3666 1896//3666
f 1896//3667 1965//3667 1966//3667
f 1896//3668 1966//3668 1897//3668
f 1897//3669 1966//3669 1967//3669
f 1897//3670 1967//3670 1898//3670
f 1898//3671 1967//3671 1968//3671
f 1898//3672 1968//3672 1899//3672
f 1899//3673 1968//3673 1969//3673
f 1899//3674 1969//3674 1900//3674
f 1900//3675 1969//3675 1970//3675
f 1900//3676 1970//3676 1901//3676
f 1901//3677 1970//3677 1971//3677
f 1901//2804 1971//2804 1902//2804
f 1902//3678 1971//3678 1972//3678
f 1902//3679 1972//3679 1903//3679
f 1903//3680 1972//3680 1973//3680
f 1903//3681 1973//3681 1904//3681
f 1904//3682 1973//3682 1974//3682
f 1904//3683 1974//3683 1905//3683
f 1905//3684 1974//3684 1975//3684
f 1905//3685 1975//3685 1906//3685
f 1906//3686 1975//3686 1976//3686
f 1906//3687 1976//3687 1907//3687
f 1907//3688 1976//3688 1977//3688
f 1907//3689 1977//3689 1908//3689
f 1908//3690 1977//3690 1978//3690
f 1908//3691 1978//3691 1909//3691
f 1909//3692 1978//3692 1979//3692
f 1909//3693 1979//3693 1910//3693
f 1910//3694 1979//3694 1980//3694
f 1910//3695 1980//3695 1911//3695
f 1911//3696 1980//3696 1981//3696
f 1911//3697 1981//3697 1912//3697
f 1912//3698 1981//3698 1982//3698
f 1912//3699 1982//3699 1913//3699
f 1913//3700 1982//3700 1983//3700
f 1913//3701 1983//3701 1914//3701
f 1914//3702 1983//3702 1984//3702
f 1914//3703 1984//3703 1915//3703
f 1915//3704 1984//3704 1985//3704
f 1915//3705 1985//3705 1916//3705
f 1916//3706 1985//3706 1986//3706
f 1916//3707 1986//3707 1917//3707
f 1917//3708 1986//3708 1987//3708
f 1917//3709 1987//3709 1918//3709
f 1918//3710 1987//3710 1988//3710
f 1918//3711 1988//3711 1919//3711
f 1919//3712 1988//3712 1989//3712
f 1919//3713 1989//3713 1920//3713
f 1920//3714 1989//3714 1990//3714
f 1920//3715 1990//3715 1921//3715
f 1921//3716 1990//3716 1991//3716
f 1921//3717 1991//3717 1922//3717
f 1922//3718 1991//3718 1992//3718
f 1922//3719 1992//3719 1923//3719
f 1923//3720 1992//3720 1993//3720
f 1923//3721 1993//3721 1924//3721
f 1924//3722 1993//3722 1994//3722
f 1924//3723 1994//3723 1925//3723
f 1925//3724 1994//3724 1995//3724
f 1925//3725 1995//3725 1926//3725
f 1926//3726 1995//3726 1996//3726
f 1926//3727 1996//3727 1927//3727
f 1927//3728 1996//3728 1997//3728
f 1927//3729 1997//3729 1928//3729
f 1928//3730 1997//3730 1998//3730
f 1928//3731 1998//3731 1929//3731
f 1929//3732 1998//3732 1999//3732
f 1929//3733 1999//3733 1930//3733
f 1930//3734 1999//3734 2000//3734
f 1930//3735 2000//3735 1931//3735
f 1931//3736 2000//3736 2001//3736
f 1931//3737 2001//3737 1932//3737
f 1932//3738 2001//3738 2002//3738
f 1932//3739 2002//3739 1933//3739
f 1933//3740 2002//3740 2003//3740
f 1933//3741 2003//3741 1934//3741
f 1934//3742 2003//3742 2004//3742
f 1934//3743 2004//3743 1935//3743
f 1935//3744 2004//3744 2005//3744
f 1935//3745 2005//3745 1936//3745
f 1936//3746 2005//3746 2006//3746
f 1936//3747 2006//3747 1937//3747
f 1937//3748 2006//3748 2007//3748
f 1937//3749 2007//3749 1938//3749
f 1938//3750 2007//3750 2008//3750
f 1938//3751 2008//3751 1939//3751
f 1939//3752 2008//3752 2009//3752
f 1939//3753 2009//3753 1940//3753
f 1940//3754 2009//3754 2010//3754
f 1940//3755 2010//3755 1941//3755
f 1941//3756 2010//3756 2011//3756
f 1941//3757 2011//3757 1942//3757
f 1942//3758 2011//3758 2012//3758
f 1942//3759 2012//3759 1943//3759
f 1943//3760 2012//3760 2013//3760
f 1943//3761 2013//3761 1944//3761
f 1944//3762 2013//3762 2014//3762
f 1944//3763 2014//3763 1945//3763
f 1945//3764 2014//3764 2015//3764
f 1945//3765 2015//3765 1946//3765
f 1946//3766 2015//3766 2016//3766
f 1946//3767 2016//3767 1947//3767
f 1947//3768 2016//3768 2017//3768
f 1947//3769 2017//3769 1948//3769
f 1948//3770 2017//3770 2018//3770
f 1948//3771 2018//3771 1949//3771
f 1949//3772 2018//3772 2019//3772
f 1949//3773 2019//3773 1950//3773
f 1950//3774 2019//3774 2020//3774
f 1950//3775 2020//3775 1951//3775
f 1951//3776 2020//3776 2021//3776
f 1951//3777 2021//3777 1952//3777
f 1952//3778 2021//3778 2022//3778
f 1952//3778 2022//3778 1953//3778
f 1953//3779 2022//3779 2023//3779
f 1953//3780 2023//3780 1954//3780
f 1954//3781 2023//3781 2024//3781
f 1954//3782 2024//3782 1955//3782
f 1955//3783 2024//3783 2025//3783
f 1955//3784 2025//3784 1956//3784
f 1956//3785 2025//3785 2026//3785
f 1956//3786 2026//3786 1957//3786
f 1957//3787 2026//3787 2027//3787
f 1957//3788 2027//3788 1958//3788
f 1958//3789 2027//3789 2028//3789
f 1958//3790 2028//3790 1959//3790
f 1959//3791 2028//3791 2029//3791
f 1959//3792 2029//3792 1960//3792
f 1960//3793 2029//3793 2030//3793
f 1961//3794 2031//3794 1962//3794
f 1962//3795 2031//3795 2032//3795
f 1962//3796 2032//3796 1963//3796
f 1963//3797 2032//3797 2033//3797
f 1963//3798 2033//3798 1964//3798
f 1964//3799 2033//3799 2034//3799
f 1964//2334 2034//2334 1965//2334
f 1965//3800 2034//3800 2035//3800
f 1965//3801 2035//3801 1966//3801
f 1966//3802 2035//3802 2036//3802
f 1966//3803 2036//3803 1967//3803
f 1967//3804 2036//3804 2037//3804
f 1967//3805 2037//3805 1968//3805
f 1968//3806 2037//3806 2038//3806
f 1968//1091 2038//1091 1969//1091
f 1969//3807 2038//3807 2039//3807
f 1969//3808 2039//3808 1970//3808
f 1970//3809 2039//3809 2040//3809
f 1970//2820 2040//2820 1971//2820
f 1971//3810 2040//3810 2041//3810
f 1971//3811 2041//3811 1972//3811
f 1972//3812 2041//3812 2042//3812
f 1972//3813 2042//3813 1973//3813
f 1973//3814 2042//3814 2043//3814
f 1973//3815 2043//3815 1974//3815
f 1974//3816 2043//3816 2044//3816
f 1974//3817 2044//3817 1975//3817
f 1975//3818 2044//3818 2045//3818
f 1975//3819 2045//3819 1976//3819
f 1976//3820 2045//3820 2046//3820
f 1976//3821 2046//3821 1977//3821
f 1977//3822 2046//3822 2047//3822
f 1977//3823 2047//3823 1978//3823
f 1978//3824 2047//3824 2048//3824
f 1978//3825 2048//3825 1979//3825
f 1979//3826 2048//3826 2049//3826
f 1979//3827 2049//3827 1980//3827
f 1980//3828 2049//3828 2050//3828
f 1980//3829 2050//3829 1981//3829
f 1981//3830 2050//3830 2051//3830
f 1981//3831 2051//3831 1982//3831
f 1982//3832 2051//3832 2052//3832
f 1982//3833 2052//3833 1983//3833
f 1983//3834 2052//3834 2053//3834
f 1983//3835 2053//3835 1984//3835
f 1984//3836 2053//3836 2054//3836
f 1984//3837 2054//3837 1985//3837
f 1985//3838 2054//3838 2055//3838
f 1985//3839 2055//3839 1986//3839
f 1986//3840 2055//3840 2056//3840
f 1986//3841 2056//3841 1987//3841
f 1987//3842 2056//3842 2057//3842
f 1987//3843 2057//3843 1988//3843
f 1988//3844 2057//3844 2058//3844
f 1988//3845 2058//3845 1989//3845
f 1989//3846 2058//3846 2059//3846
f 1989//3847 2059//3847 1990//3847
f 1990//3848 2059//3848 2060//3848
f 1990//3849 2060//3849 1991//3849
f 1991//3850 2060//3850 2061//3850
f 1991//3851 2061//3851 1992//3851
f 1992//3852 2061//3852 2062//3852
f 2000//3868 2070//3868 2001//3868
f 2001//3869 2070//3869 2071//3869
f 2001//3870 2071//3870 2002//3870
f 2002//3871 2071//3871 2072//3871
f 2002//3872 2072//3872 2003//3872
f 2003//3873 2072//3873 2073//3873
f 2003//3874 2073//3874 2004//3874
f 2004//3875 2073//3875 2074//3875
f 2004//3876 2074//3876 2005//3876
f 2005//3877 2074//3877 2075//3877
f 2005//3878 2075//3878 2006//3878
f 2006//3879 2075//3879 2076//3879
f 2006//3880 2076//3880 2007//3880
f 2007//3881 2076//3881 2077//3881
f 2007//3882 2077//3882 2008//3882
f 2008//3883 2077//3883 2078//3883
f 2008//3884 2078//3884 2009//3884
f 2009//3885 2078//3885 2079//3885
f 2009//3886 2079//3886 2010//3886
f 2010//3887 2079//3887 2080//3887
f 2010//3888 2080//3888 2011//3888
f 2011//3889 2080//3889 2081//3889
f 2011//3890 2081//3890 2012//3890
f 2012//3891 2081//3891 2082//3891
f 2012//3892 2082//3892 2013//3892
f 2013//3893 2082//3893 2083//3893
f 2013//3894 2083//3894 2014//3894
f 2014//3895 2083//3895 2084//3895
f 2014//3896 2084//3896 2015//3896
f 2015//3897 2084//3897 2085//3897
f 2015//3898 2085//3898 2016//3898
f 2016//3899 2085//3899 2086//3899
f 2016//3900 2086//3900 2017//3900
f 2017//3901 2086//3901 2087//3901
f 2017//3902 2087//3902 2018//3902
f 2018//3903 2087//3903 2088//3903
f 2018//3904 2088//3904 2019//3904
f 2019//3905 2088//3905 2089//3905
f 2019//3906 2089//3906 2020//3906
f 2020//3907 2089//3907 2090//3907
f 2020//3908 2090//3908 2021//3908
f 2021//3909 2090//3909 2091//3909
f 2021//3910 2091//3910 2022//3910
f 2022//3911 2091//3911 2092//3911
f 2022//3912 2092//3912 2023//3912
f 2023//3913 2092//3913 2093//3913
f 2023//3914 2093//3914 2024//3914
f 2024//3915 2093//3915 2094//3915
f 2024//3916 2094//3916 2025//3916
f 2025//3917 2094//3917 2095//3917
f 2025//3918 2095//3918 2026//3918
f 2026//3919 2095//3919 2096//3919
f 2026//3920 2096//3920 2027//3920
f 2027//3921 2096//3921 2097//3921
f 2027//3922 2097//3922 2028//3922
f 2028//3923 2097//3923 2098//3923
f 2028//3924 2098//3924 2029//3924
f 2029//3925 2098//3925 2099//3925
f 2029//3926 2099//3926 2030//3926
f 2030//3927 2099//3927 2100//3927
f 2031//3928 2101//3928 2032//3928
f 2032//3929 2101//3929 2102//3929
f 2032//3930 2102//3930 2033//3930
f 2033//3931 2102//3931 2103//3931
f 2033//3932 2103//3932 2034//3932
f 2034//3933 2103//3933 2104//3933
f 2034//3934 2104//3934 2035//3934
f 2035//3935 2104//3935 2105//3935
f 2035//3936 2105//3936 2036//3936
f 2036//3937 2105//3937 2106//3937
f 2036//3938 2106//3938 2037//3938
f 2037//3939 2106//3939 2107//3939
f 2037//3940 2107//3940 2038//3940
f 2038//3941 2107//3941 2108//3941
f 2038//3942 2108//3942 2039//3942
f 2039//3943 2108//3943 2109//3943
f 2039//3944 2109//3944 2040//3944
f 2040//3945 2109//3945 2110//3945
f 2040//3946 2110//3946 2041//3946
f 2041//3947 2110//3947 2111//3947
f 2041//3948 2111//3948 2042//3948
f 2042//3949 2111//3949 2112//3949
f 2042//3950 2112//3950 2043//3950
f 2043//3951 2112//3951 2113//3951
f 2043//3952 2113//3952 2044//3952
f 2044//737 2113//737 2114//737
f 2044//3953 2114//3953 2045//3953
f 2045//3954 2114//3954 2115//3954
f 2045//3955 2115//3955 2046//3955
f 2046//3956 2115//3956 2116//3956
f 2046//3957 2116//3957 2047//3957
f 2047//3958 2116//3958 2117//3958
f 2047//3959 2117//3959 2048//3959
f 2048//3960 2117//3960 2118//3960
f 2048//3961 2118//3961 2049//3961
f 2049//3962 2118//3962 2119//3962
f 2049//3828 2119//3828 2050//3828
f 2050//3963 2119//3963 2120//3963
f 2050//3964 2120//3964 2051//3964
f 2051//3965 2120//3965 2121//3965
f 2051//3966 2121//3966 2052//3966
f 2052//3967 2121//3967 2122//3967
f 2052//3968 2122//3968 2053//3968
f 2053//3969 2122//3969 2123//3969
f 2053//3970 2123//3970 2054//3970
f 2054//3971 2123//3971 2124//3971
f 2054//3972 2124//3972 2055//3972
f 2055//3973 2124//3973 2125//3973
f 2055//3974 2125//3974 2056//3974
f 2056//3975 2125//3975 2126//3975
f 2056//3976 2126//3976 2057//3976
f 2057//3977 2126//3977 2127//3977
f 2057//3978 2127//3978 2058//3978
f 2058//3979 2127//3979 2128//3979
f 2058//3980 2128//3980 2059//3980
f 2059//3981 2128//3981 2129//3981
f 2059//3982 2129//3982 2060//3982
f 2060//3983 2129//3983 2130//3983
f 2072//4008 2142//4008 2073//4008
f 2073//4009 2142//4009 2143//4009
f 2073//4010 2143//4010 2074//4010
f 2074//4011 2143//4011 2144//4011
f 2074//4012 2144//4012 2075//4012
f 2075//4013 2144//4013 2145//4013
f 2075//4014 2145//4014 2076//4014
f 2076//4015 2145//4015 2146//4015
f 2076//4016 2146//4016 2077//4016
f 2077//4017 2146//4017 2147//4017
f 2077//4018 2147//4018 2078//4018
f 2078//4019 2147//4019 2148//4019
f 2078//4020 2148//4020 2079//4020
f 2079//4021 2148//4021 2149//4021
f 2079//4022 2149//4022 2080//4022
f 2080//4023 2149//4023 2150//4023
f 2080//4024 2150//4024 2081//4024
f 2081//4025 2150//4025 2151//4025
f 2081//4026 2151//4026 2082//4026
f 2082//4027 2151//4027 2152//4027
f 2082//4028 2152//4028 2083//4028
f 2083//4029 2152//4029 2153//4029
f 2083//4030 2153//4030 2084//4030
f 2084//4031 2153//4031 2154//4031
f 2084//4032 2154//4032 2085//4032
f 2085//4033 2154//4033 2155//4033
f 2085//4034 2155//4034 2086//4034
f 2086//4035 2155//4035 2156//4035
f 2086//4036 2156//4036 2087//4036
f 2087//4036 2156//4036 2157//4036
f 2087//4037 2157//4037 2088//4037
f 2088//4038 2157//4038 2158//4038
f 2088//4039 2158//4039 2089//4039
f 2089//4040 2158//4040 2159//4040
f 2089//444 2159//444 2090//444
f 2090//4041 2159//4041 2160//4041
f 2090//4042 2160//4042 2091//4042
f 2091//4043 2160//4043 2161//4043
f 2091//4044 2161//4044 2092//4044
f 2092//4045 2161//4045 2162//4045
f 2092//4046 2162//4046 2093//4046
f 2093//4047 2162//4047 2163//4047
f 2093//4048 2163//4048 2094//4048
f 2094//4049 2163//4049 2164//4049
f 2094//4050 2164//4050 2095//4050
f 2095//4051 2164//4051 2165//4051
f 2095//4052 2165//4052 2096//4052
f 2096//4053 2165//4053 2166//4053
f 2096//4054 2166//4054 2097//4054
f 2097//4055 2166//4055 2167//4055
f 2097//4056 2167//4056 2098//4056
f 2098//4057 2167//4057 2168//4057
f 2098//4058 2168//4058 2099//4058
f 2099//4059 2168//4059 2169//4059
f 2099//4060 2169//4060 2100//4060
f 2100//4061 2169//4061 2170//4061
f 2101//4062 2171//4062 2102//4062
f 2102//4063 2171//4063 2172//4063
f 2102//4064 2172//4064 2103//4064
f 2103//4065 2172//4065 2173//4065
f 2103//4066 2173//4066 2104//4066
f 2104//4067 2173//4067 2174//4067
f 2104//4068 2174//4068 2105//4068
f 2105//4069 2174//4069 2175//4069
f 2105//4070 2175//4070 2106//4070
f 2106//4071 2175//4071 2176//4071
f 2106//4072 2176//4072 2107//4072
f 2107//4073 2176//4073 2177//4073
f 2107//4074 2177//4074 2108//4074
f 2108//4075 2177//4075 2178//4075
f 2108//4076 2178//4076 2109//4076
f 2109//4077 2178//4077 2179//4077
f 2109//4078 2179//4078 2110//4078
f 2110//4079 2179//4079 2180//4079
f 2110//4080 2180//4080 2111//4080
f 2111//4081 2180//4081 2181//4081
f 2111//4082 2181//4082 2112//4082
f 2112//4083 2181//4083 2182//4083
f 2112//4084 2182//4084 2113//4084
f 2113//4085 2182//4085 2183//4085
f 2113//4086 2183//4086 2114//4086
f 2114//4087 2183//4087 2184//4087
f 2114//4088 2184//4088 2115//4088
f 2115//4089 2184//4089 2185//4089
f 2115//4090 2185//4090 2116//4090
f 2116//4091 2185//4091 2186//4091
f 2116//4092 2186//4092 2117//4092
f 2117//4093 2186//4093 2187//4093
f 2117//4094 2187//4094 2118//4094
f 2118//4095 2187//4095 2188//4095
f 2118//4096 2188//4096 2119//4096
f 2119//4097 2188//4097 2189//4097
f 2119//4098 2189//4098 2120//4098
f 2120//4099 2189//4099 2190//4099
f 2120//4100 2190//4100 2121//4100
f 2121//4101 2190//4101 2191//4101
f 2121//4102 2191//4102 2122//4102
f 2122//4103 2191//4103 2192//4103
f 2123//4106 2193//4106 2124//4106
f 2124//4107 2193//4107 2194//4107
f 2124//4108 2194//4108 2125//4108
f 2125//4109 2194//4109 2195//4109
f 2125//4110 2195//4110 2126//4110
f 2126//4111 2195//4111 2196//4111
f 2126//4112 2196//4112 2127//4112
f 2127//4113 2196//4113 2197//4113
f 2127//4114 2197//4114 2128//4114
f 2128//4115 2197//4115 2198//4115
f 2145//4150 2215//4150 2146//4150
f 2146//4151 2215//4151 2216//4151
f 2146//4152 2216//4152 2147//4152
f 2147//4153 2216//4153 2217//4153
f 2147//4154 2217//4154 2148//4154
f 2148//4155 2217//4155 2218//4155
f 2148//4156 2218//4156 2149//4156
f 2149//4157 2218//4157 2219//4157
f 2149//4158 2219//4158 2150//4158
f 2150//4159 2219//4159 2220//4159
f 2150//4160 2220//4160 2151//4160
f 2151//4161 2220//4161 2221//4161
f 2151//4162 2221//4162 2152//4162
f 2152//4163 2221//4163 2222//4163
f 2152//4164 2222//4164 2153//4164
f 2153//4165 2222//4165 2223//4165
f 2153//4166 2223//4166 2154//4166
f 2154//4167 2223//4167 2224//4167
f 2154//4168 2224//4168 2155//4168
f 2155//4169 2224//4169 2225//4169
f 2155//4170 2225//4170 2156//4170
f 2156//4171 2225//4171 2226//4171
f 2156//4172 2226//4172 2157//4172
f 2157//4173 2226//4173 2227//4173
f 2157//4174 2227//4174 2158//4174
f 2158//4175 2227//4175 2228//4175
f 2158//2592 2228//2592 2159//2592
f 2159//4176 2228//4176 2229//4176
f 2159//4177 2229//4177 2160//4177
f 2160//4178 2229//4178 2230//4178
f 2160//4179 2230//4179 2161//4179
f 2161//4180 2230//4180 2231//4180
f 2161//4181 2231//4181 2162//4181
f 2162//4182 2231//4182 2232//4182
f 2162//4183 2232//4183 2163//4183
f 2163//4184 2232//4184 2233//4184
f 2163//4185 2233//4185 2164//4185
f 2164//4186 2233//4186 2234//4186
f 2164//4187 2234//4187 2165//4187
f 2165//4188 2234//4188 2235//4188
f 2165//4189 2235//4189 2166//4189
f 2166//4190 2235//4190 2236//4190
f 2166//4191 2236//4191 2167//4191
f 2167//4192 2236//4192 2237//4192
f 2167//4193 2237//4193 2168//4193
f 2168//4194 2237//4194 2238//4194
f 2168//4195 2238//4195 2169//4195
f 2169//4196 2238//4196 2239//4196
f 2169//4197 2239//4197 2170//4197
f 2170//4198 2239//4198 2240//4198
f 2171//4199 2241//4199 2172//4199
f 2172//4200 2241//4200 2242//4200
f 2172//4201 2242//4201 2173//4201
f 2173//4202 2242//4202 2243//4202
f 2173//4203 2243//4203 2174//4203
f 2174//4204 2243//4204 2244//4204
f 2174//4205 2244//4205 2175//4205
f 2175//4206 2244//4206 2245//4206
f 2175//4207 2245//4207 2176//4207
f 2176//4208 2245//4208 2246//4208
f 2176//4209 2246//4209 2177//4209
f 2177//4210 2246//4210 2247//4210
f 2177//4211 2247//4211 2178//4211
f 2178//4212 2247//4212 2248//4212
f 2178//4213 2248//4213 2179//4213
f 2179//269 2248//269 2249//269
f 2179//4214 2249//4214 2180//4214
f 2180//4215 2249//4215 2250//4215
f 2180//2649 2250//2649 2181//2649
f 2181//2649 2250//2649 2251//2649
f 2181//4216 2251//4216 2182//4216
f 2182//4217 2251//4217 2252//4217
f 2182//4218 2252//4218 2183//4218
f 2183//4219 2252//4219 2253//4219
f 2183//4220 2253//4220 2184//4220
f 2184//4221 2253//4221 2254//4221
f 2184//4222 2254//4222 2185//4222
f 2185//4223 2254//4223 2255//4223
f 2185//4224 2255//4224 2186//4224
f 2186//4225 2255//4225 2256//4225
f 2186//4226 2256//4226 2187//4226
f 2187//4227 2256//4227 2257//4227
f 2187//4228 2257//4228 2188//4228
f 2188//4229 2257//4229 2258//4229
f 2188//4230 2258//4230 2189//4230
f 2189//4231 2258//4231 2259//4231
f 2189//4232 2259//4232 2190//4232
f 2190//4233 2259//4233 2260//4233
f 2192//4238 2262//4238 2193//4238
f 2193//4239 2262//4239 2263//4239
f 2193//4240 2263//4240 2194//4240
f 2194//4241 2263//4241 2264//4241
f 2194//4242 2264//4242 2195//4242
f 2195//4243 2264//4243 2265//4243
f 2195//4244 2265//4244 2196//4244
f 2196//4245 2265//4245 2266//4245
f 2215//4284 2285//4284 2216//4284
f 2216//4285 2285//4285 2286//4285
f 2216//4286 2286//4286 2217//4286
f 2217//4287 2286//4287 2287//4287
f 2217//4288 2287//4288 2218//4288
f 2218//4289 2287//4289 2288//4289
f 2218//4290 2288//4290 2219//4290
f 2219//4291 2288//4291 2289//4291
f 2219//4292 2289//4292 2220//4292
f 2220//4293 2289//4293 2290//4293
f 2220//4294 2290//4294 2221//4294
f 2221//4295 2290//4295 2291//4295
f 2221//4296 2291//4296 2222//4296
f 2222//4297 2291//4297 2292//4297
f 2222//4298 2292//4298 2223//4298
f 2223//4299 2292//4299 2293//4299
f 2223//4300 2293//4300 2224//4300
f 2224//4301 2293//4301 2294//4301
f 2224//4302 2294//4302 2225//4302
f 2225//4303 2294//4303 2295//4303
f 2225//4304 2295//4304 2226//4304
f 2226//4305 2295//4305 2296//4305
f 2226//4306 2296//4306 2227//4306
f 2227//4307 2296//4307 2297//4307
f 2227//4308 2297//4308 2228//4308
f 2228//4309 2297//4309 2298//4309
f 2228//4310 2298//4310 2229//4310
f 2229//4311 2298//4311 2299//4311
f 2229//4312 2299//4312 2230//4312
f 2230//4313 2299//4313 2300//4313
f 2230//4314 2300//4314 2231//4314
f 2231//4315 2300//4315 2301//4315
f 2231//4316 2301//4316 2232//4316
f 2232//4317 2301//4317 2302//4317
f 2232//4318 2302//4318 2233//4318
f 2233//4319 2302//4319 2303//4319
f 2233//4320 2303//4320 2234//4320
f 2234//4321 2303//4321 2304//4321
f 2234//4322 2304//4322 2235//4322
f 2235//4323 2304//4323 2305//4323
f 2235//4324 2305//4324 2236//4324
f 2236//4325 2305//4325 2306//4325
f 2236//3511 2306//3511 2237//3511
f 2237//4326 2306//4326 2307//4326
f 2237//4327 2307//4327 2238//4327
f 2238//4328 2307//4328 2308//4328
f 2238//4329 2308//4329 2239//4329
f 2239//4330 2308//4330 2309//4330
f 2239//4331 2309//4331 2240//4331
f 2240//4332 2309//4332 2310//4332
f 2241//4333 2311//4333 2242//4333
f 2242//4334 2311//4334 2312//4334
f 2242//4335 2312//4335 2243//4335
f 2243//787 2312//787 2313//787
f 2243//4336 2313//4336 2244//4336
f 2244//4337 2313//4337 2314//4337
f 2244//4338 2314//4338 2245//4338
f 2245//4339 2314//4339 2315//4339
f 2245//4340 2315//4340 2246//4340
f 2246//4341 2315//4341 2316//4341
f 2246//4342 2316//4342 2247//4342
f 2247//4343 2316//4343 2317//4343
f 2247//4344 2317//4344 2248//4344
f 2248//4345 2317//4345 2318//4345
f 2248//4346 2318//4346 2249//4346
f 2249//4347 2318//4347 2319//4347
f 2249//4348 2319//4348 2250//4348
f 2250//4349 2319//4349 2320//4349
f 2250//4350 2320//4350 2251//4350
f 2251//4351 2320//4351 2321//4351
f 2251//4352 2321//4352 2252//4352
f 2252//4353 2321//4353 2322//4353
f 2252//4354 2322//4354 2253//4354
f 2253//4355 2322//4355 2323//4355
f 2253//4356 2323//4356 2254//4356
f 2254//4357 2323//4357 2324//4357
f 2254//4358 2324//4358 2255//4358
f 2255//4359 2324//4359 2325//4359
f 2255//4360 2325//4360 2256//4360
f 2256//4361 2325//4361 2326//4361
f 2256//4362 2326//4362 2257//4362
f 2257//4363 2326//4363 2327//4363
f 2257//4364 2327//4364 2258//4364
f 2258//4365 2327//4365 2328//4365
f 2258//4366 2328//4366 2259//4366
f 2259//4367 2328//4367 2329//4367
f 2261//4372 2331//4372 2262//4372
f 2262//4373 2331//4373 2332//4373
f 2262//4374 2332//4374 2263//4374
f 2263//4375 2332//4375 2333//4375
f 2263//4376 2333//4376 2264//4376
f 2264//4377 2333//4377 2334//4377
f 2264//4378 2334//4378 2265//4378
f 2265//4379 2334//4379 2335//4379
f 2286//4421 2356//4421 2287//4421
f 2287//4422 2356//4422 2357//4422
f 2287//4423 2357//4423 2288//4423
f 2288//4424 2357//4424 2358//4424
f 2288//4425 2358//4425 2289//4425
f 2289//4426 2358//4426 2359//4426
f 2289//4427 2359//4427 2290//4427
f 2290//4428 2359//4428 2360//4428
f 2290//4429 2360//4429 2291//4429
f 2291//4430 2360//4430 2361//4430
f 2291//4431 2361//4431 2292//4431
f 2292//4432 2361//4432 2362//4432
f 2292//4433 2362//4433 2293//4433
f 2293//4434 2362//4434 2363//4434
f 2293//4435 2363//4435 2294//4435
f 2294//4436 2363//4436 2364//4436
f 2294//4437 2364//4437 2295//4437
f 2295//4438 2364//4438 2365//4438
f 2295//4439 2365//4439 2296//4439
f 2296//4440 2365//4440 2366//4440
f 2296//4441 2366//4441 2297//4441
f 2297//4442 2366//4442 2367//4442
f 2297//4443 2367//4443 2298//4443
f 2298//4444 2367//4444 2368//4444
f 2298//4445 2368//4445 2299//4445
f 2299//4446 2368//4446 2369//4446
f 2299//4447 2369//4447 2300//4447
f 2300//4448 2369//4448 2370//4448
f 2300//4449 2370//4449 2301//4449
f 2301//4450 2370//4450 2371//4450
f 2301//4451 2371//4451 2302//4451
f 2302//4452 2371//4452 2372//4452
f 2302//4453 2372//4453 2303//4453
f 2303//4454 2372//4454 2373//4454
f 2303//4455 2373//4455 2304//4455
f 2304//4456 2373//4456 2374//4456
f 2304//4457 2374//4457 2305//4457
f 2305//4458 2374//4458 2375//4458
f 2305//4459 2375//4459 2306//4459
f 2306//4460 2375//4460 2376//4460
f 2306//4461 2376//4461 2307//4461
f 2307//4462 2376//4462 2377//4462
f 2307//4463 2377//4463 2308//4463
f 2308//4464 2377//4464 2378//4464
f 2308//4465 2378//4465 2309//4465
f 2309//4466 2378//4466 2379//4466
f 2309//891 2379//891 2310//891
f 2310//4467 2379//4467 2380//4467
f 2311//4468 2381//4468 2312//4468
f 2312//4469 2381//4469 2382//4469
f 2312//4470 2382//4470 2313//4470
f 2313//4471 2382//4471 2383//4471
f 2313//4472 2383//4472 2314//4472
f 2314//4473 2383//4473 2384//4473
f 2314//4474 2384//4474 2315//4474
f 2315//4475 2384//4475 2385//4475
f 2315//4476 2385//4476 2316//4476
f 2316//2540 2385//2540 2386//2540
f 2316//4477 2386//4477 2317//4477
f 2317//4478 2386//4478 2387//4478
f 2317//4479 2387//4479 2318//4479
f 2318//1665 2387//1665 2388//1665
f 2318//4480 2388//4480 2319//4480
f 2319//4481 2388//4481 2389//4481
f 2319//4482 2389//4482 2320//4482
f 2320//4483 2389//4483 2390//4483
f 2320//4484 2390//4484 2321//4484
f 2321//4485 2390//4485 2391//4485
f 2321//4486 2391//4486 2322//4486
f 2322//4487 2391//4487 2392//4487
f 2322//4488 2392//4488 2323//4488
f 2323//4489 2392//4489 2393//4489
f 2323//2819 2393//2819 2324//2819
f 2324//4490 2393//4490 2394//4490
f 2324//4491 2394//4491 2325//4491
f 2325//4492 2394//4492 2395//4492
f 2325//4493 2395//4493 2326//4493
f 2326//4494 2395//4494 2396//4494
f 2326//4495 2396//4495 2327//4495
f 2327//4496 2396//4496 2397//4496
f 2327//4497 2397//4497 2328//4497
f 2328//4498 2397//4498 2398//4498
f 2328//4499 2398//4499 2329//4499
f 2329//4500 2398//4500 2399//4500
f 2331//4505 2401//4505 2332//4505
f 2332//4506 2401//4506 2402//4506
f 2332//4507 2402//4507 2333//4507
f 2333//4508 2402//4508 2403//4508
f 2333//4509 2403//4509 2334//4509
f 2334//4510 2403//4510 2404//4510
f 2334//4511 2404//4511 2335//4511
f 2335//4512 2404//4512 2405//4512
f 2356//4555 2426//4555 2357//4555
f 2357//4556 2426//4556 2427//4556
f 2357//4557 2427//4557 2358//4557
f 2358//4558 2427//4558 2428//4558
f 2358//4559 2428//4559 2359//4559
f 2359//4560 2428//4560 2429//4560
f 2359//4561 2429//4561 2360//4561
f 2360//4562 2429//4562 2430//4562
f 2360//4563 2430//4563 2361//4563
f 2361//4564 2430//4564 2431//4564
f 2361//4565 2431//4565 2362//4565
f 2362//4566 2431//4566 2432//4566
f 2362//4567 2432//4567 2363//4567
f 2363//4568 2432//4568 2433//4568
f 2363//4569 2433//4569 2364//4569
f 2364//4570 2433//4570 2434//4570
f 2364//4571 2434//4571 2365//4571
f 2365//4572 2434//4572 2435//4572
f 2365//4573 2435//4573 2366//4573
f 2366//4574 2435//4574 2436//4574
f 2366//4575 2436//4575 2367//4575
f 2367//4576 2436//4576 2437//4576
f 2367//4577 2437//4577 2368//4577
f 2368//4578 2437//4578 2438//4578
f 2368//4579 2438//4579 2369//4579
f 2369//4580 2438//4580 2439//4580
f 2369//4581 2439//4581 2370//4581
f 2370//4582 2439//4582 2440//4582
f 2370//4583 2440//4583 2371//4583
f 2371//4584 2440//4584 2441//4584
f 2371//4585 2441//4585 2372//4585
f 2372//4586 2441//4586 2442//4586
f 2372//4587 2442//4587 2373//4587
f 2373//4588 2442//4588 2443//4588
f 2373//4589 2443//4589 2374//4589
f 2374//4590 2443//4590 2444//4590
f 2374//4591 2444//4591 2375//4591
f 2375//4592 2444//4592 2445//4592
f 2375//4593 2445//4593 2376//4593
f 2376//4594 2445//4594 2446//4594
f 2376//4595 2446//4595 2377//4595
f 2377//4596 2446//4596 2447//4596
f 2377//4597 2447//4597 2378//4597
f 2378//4598 2447//4598 2448//4598
f 2378//4599 2448//4599 2379//4599
f 2379//4600 2448//4600 2449//4600
f 2379//4601 2449//4601 2380//4601
f 2380//4602 2449//4602 2450//4602
f 2381//4603 2451//4603 2382//4603
f 2382//4604 2451//4604 2452//4604
f 2382//4605 2452//4605 2383//4605
f 2383//1899 2452//1899 2453//1899
f 2383//4606 2453//4606 2384//4606
f 2384//4607 2453//4607 2454//4607
f 2384//4608 2454//4608 2385//4608
f 2385//4609 2454//4609 2455//4609
f 2385//4610 2455//4610 2386//4610
f 2386//4611 2455//4611 2456//4611
f 2386//4612 2456//4612 2387//4612
f 2387//4613 2456//4613 2457//4613
f 2387//4614 2457//4614 2388//4614
f 2388//4615 2457//4615 2458//4615
f 2388//4616 2458//4616 2389//4616
f 2389//4617 2458//4617 2459//4617
f 2389//4618 2459//4618 2390//4618
f 2390//4619 2459//4619 2460//4619
f 2390//4620 2460//4620 2391//4620
f 2391//4621 2460//4621 2461//4621
f 2391//4622 2461//4622 2392//4622
f 2392//4623 2461//4623 2462//4623
f 2392//4624 2462//4624 2393//4624
f 2393//4625 2462//4625 2463//4625
f 2393//1632 2463//1632 2394//1632
f 2394//4626 2463//4626 2464//4626
f 2394//4627 2464//4627 2395//4627
f 2395//4628 2464//4628 2465//4628
f 2395//4629 2465//4629 2396//4629
f 2396//4630 2465//4630 2466//4630
f 2396//4631 2466//4631 2397//4631
f 2397//4632 2466//4632 2467//4632
f 2397//4633 2467//4633 2398//4633
f 2398//4634 2467//4634 2468//4634
f 2398//4635 2468//4635 2399//4635
f 2399//4636 2468//4636 2469//4636
f 2399//4637 2469//4637 2400//4637
f 2400//4638 2469//4638 2470//4638
f 2402//4643 2472//4643 2403//4643
f 2403//4644 2472//4644 2473//4644
f 2403//4645 2473//4645 2404//4645
f 2404//4646 2473//4646 2474//4646
f 2404//4647 2474//4647 2405//4647
f 2405//4648 2474//4648 2475//4648
f 2425//4688 2495//4688 2426//4688
f 2426//4689 2495//4689 2496//4689
f 2426//4690 2496//4690 2427//4690
f 2427//4691 2496//4691 2497//4691
f 2427//4692 2497//4692 2428//4692
f 2428//4693 2497//4693 2498//4693
f 2428//4694 2498//4694 2429//4694
f 2429//4695 2498//4695 2499//4695
f 2429//4696 2499//4696 2430//4696
f 2430//4697 2499//4697 2500//4697
f 2430//4698 2500//4698 2431//4698
f 2431//4699 2500//4699 2501//4699
f 2431//4700 2501//4700 2432//4700
f 2432//4701 2501//4701 2502//4701
f 2432//4702 2502//4702 2433//4702
f 2433//4703 2502//4703 2503//4703
f 2433//4704 2503//4704 2434//4704
f 2434//4705 2503//4705 2504//4705
f 2434//4706 2504//4706 2435//4706
f 2435//4707 2504//4707 2505//4707
f 2435//4708 2505//4708 2436//4708
f 2436//4709 2505//4709 2506//4709
f 2436//4710 2506//4710 2437//4710
f 2437//4711 2506//4711 2507//4711
f 2437//4712 2507//4712 2438//4712
f 2438//4713 2507//4713 2508//4713
f 2438//4714 2508//4714 2439//4714
f 2439//4715 2508//4715 2509//4715
f 2439//4716 2509//4716 2440//4716
f 2440//4716 2509//4716 2510//4716
f 2440//4717 2510//4717 2441//4717
f 2441//4718 2510//4718 2511//4718
f 2441//4719 2511//4719 2442//4719
f 2442//4720 2511//4720 2512//4720
f 2442//4721 2512//4721 2443//4721
f 2443//4722 2512//4722 2513//4722
f 2443//4723 2513//4723 2444//4723
f 2444//4724 2513//4724 2514//4724
f 2444//4725 2514//4725 2445//4725
f 2445//4726 2514//4726 2515//4726
f 2445//4727 2515//4727 2446//4727
f 2446//4728 2515//4728 2516//4728
f 2446//4729 2516//4729 2447//4729
f 2447//4730 2516//4730 2517//4730
f 2447//4731 2517//4731 2448//4731
f 2448//4732 2517//4732 2518//4732
f 2448//4733 2518//4733 2449//4733
f 2449//4734 2518//4734 2519//4734
f 2449//4735 2519//4735 2450//4735
f 2450//4736 2519//4736 2520//4736
f 2451//4737 2521//4737 2452//4737
f 2452//4738 2521//4738 2522//4738
f 2452//4739 2522//4739 2453//4739
f 2453//4740 2522//4740 2523//4740
f 2453//2829 2523//2829 2454//2829
f 2454//4741 2523//4741 2524//4741
f 2454//4742 2524//4742 2455//4742
f 2455//4743 2524//4743 2525//4743
f 2455//4744 2525//4744 2456//4744
f 2456//4745 2525//4745 2526//4745
f 2456//4746 2526//4746 2457//4746
f 2457//4747 2526//4747 2527//4747
f 2457//4748 2527//4748 2458//4748
f 2458//4749 2527//4749 2528//4749
f 2458//4750 2528//4750 2459//4750
f 2459//4751 2528//4751 2529//4751
f 2459//4752 2529//4752 2460//4752
f 2460//4753 2529//4753 2530//4753
f 2460//420 2530//420 2461//420
f 2461//4754 2530//4754 2531//4754
f 2461//4755 2531//4755 2462//4755
f 2462//4756 2531//4756 2532//4756
f 2462//4757 2532//4757 2463//4757
f 2463//4758 2532//4758 2533//4758
f 2463//4759 2533//4759 2464//4759
f 2464//4760 2533//4760 2534//4760
f 2464//4761 2534//4761 2465//4761
f 2465//4762 2534//4762 2535//4762
f 2465//4763 2535//4763 2466//4763
f 2466//4764 2535//4764 2536//4764
f 2466//4765 2536//4765 2467//4765
f 2467//4766 2536//4766 2537//4766
f 2467//4767 2537//4767 2468//4767
f 2468//4768 2537//4768 2538//4768
f 2468//4769 2538//4769 2469//4769
f 2469//4770 2538//4770 2539//4770
f 2469//4771 2539//4771 2470//4771
f 2470//4772 2539//4772 2540//4772
f 2470//4773 2540//4773 2471//4773
f 2471//4774 2540//4774 2541//4774
f 2473//4779 2543//4779 2474//4779
f 2474//4780 2543//4780 2544//4780
f 2474//4781 2544//4781 2475//4781
f 2475//4782 2544//4782 2545//4782
f 2475//4783 2545//4783 2476//4783
f 2476//4784 2545//4784 2546//4784
f 2495//4823 2565//4823 2496//4823
f 2496//4824 2565//4824 2566//4824
f 2496//4825 2566//4825 2497//4825
f 2497//4826 2566//4826 2567//4826
f 2497//4827 2567//4827 2498//4827
f 2498//4828 2567//4828 2568//4828
f 2498//4829 2568//4829 2499//4829
f 2499//4830 2568//4830 2569//4830
f 2499//4831 2569//4831 2500//4831
f 2500//4832 2569//4832 2570//4832
f 2500//4833 2570//4833 2501//4833
f 2501//4834 2570//4834 2571//4834
f 2501//4835 2571//4835 2502//4835
f 2502//4836 2571//4836 2572//4836
f 2502//4837 2572//4837 2503//4837
f 2503//4838 2572//4838 2573//4838
f 2503//4839 2573//4839 2504//4839
f 2504//4840 2573//4840 2574//4840
f 2504//4841 2574//4841 2505//4841
f 2505//4842 2574//4842 2575//4842
f 2505//4843 2575//4843 2506//4843
f 2506//4844 2575//4844 2576//4844
f 2506//1445 2576//1445 2507//1445
f 2507//4845 2576//4845 2577//4845
f 2507//4846 2577//4846 2508//4846
f 2508//4847 2577//4847 2578//4847
f 2508//4848 2578//4848 2509//4848
f 2509//4849 2578//4849 2579//4849
f 2509//4850 2579//4850 2510//4850
f 2510//4851 2579//4851 2580//4851
f 2510//4852 2580//4852 2511//4852
f 2511//4853 2580//4853 2581//4853
f 2511//4854 2581//4854 2512//4854
f 2512//4855 2581//4855 2582//4855
f 2512//4856 2582//4856 2513//4856
f 2513//4857 2582//4857 2583//4857
f 2513//4858 2583//4858 2514//4858
f 2514//4859 2583//4859 2584//4859
f 2514//4860 2584//4860 2515//4860
f 2515//4861 2584//4861 2585//4861
f 2515//4862 2585//4862 2516//4862
f 2516//4863 2585//4863 2586//4863
f 2516//4864 2586//4864 2517//4864
f 2517//4865 2586//4865 2587//4865
f 2517//4866 2587//4866 2518//4866
f 2518//4867 2587//4867 2588//4867
f 2518//4868 2588//4868 2519//4868
f 2519//4869 2588//4869 2589//4869
f 2519//4870 2589//4870 2520//4870
f 2520//4871 2589//4871 2590//4871
f 2521//4872 2591//4872 2522//4872
f 2522//4873 2591//4873 2592//4873
f 2522//4874 2592//4874 2523//4874
f 2523//4875 2592//4875 2593//4875
f 2523//4876 2593//4876 2524//4876
f 2524//4877 2593//4877 2594//4877
f 2524//4878 2594//4878 2525//4878
f 2525//4879 2594//4879 2595//4879
f 2525//4880 2595//4880 2526//4880
f 2526//4881 2595//4881 2596//4881
f 2526//4882 2596//4882 2527//4882
f 2527//4883 2596//4883 2597//4883
f 2527//4884 2597//4884 2528//4884
f 2528//4885 2597//4885 2598//4885
f 2528//4886 2598//4886 2529//4886
f 2529//4887 2598//4887 2599//4887
f 2529//4888 2599//4888 2530//4888
f 2530//4889 2599//4889 2600//4889
f 2530//4890 2600//4890 2531//4890
f 2531//4891 2600//4891 2601//4891
f 2531//4892 2601//4892 2532//4892
f 2532//4893 2601//4893 2602//4893
f 2532//4894 2602//4894 2533//4894
f 2533//121 2602//121 2603//121
f 2533//4895 2603//4895 2534//4895
f 2534//4896 2603//4896 2604//4896
f 2534//4897 2604//4897 2535//4897
f 2535//4898 2604//4898 2605//4898
f 2535//4899 2605//4899 2536//4899
f 2536//4900 2605//4900 2606//4900
f 2536//4901 2606//4901 2537//4901
f 2537//4902 2606//4902 2607//4902
f 2537//4903 2607//4903 2538//4903
f 2538//4904 2607//4904 2608//4904
f 2538//4905 2608//4905 2539//4905
f 2539//4906 2608//4906 2609//4906
f 2539//4907 2609//4907 2540//4907
f 2540//4908 2609//4908 2610//4908
f 2540//4909 2610//4909 2541//4909
f 2541//4910 2610//4910 2611//4910
f 2544//4917 2614//4917 2545//4917
f 2545//4918 2614//4918 2615//4918
f 2545//4919 2615//4919 2546//4919
f 2546//4920 2615//4920 2616//4920
f 2565//4958 2635//4958 2566//4958
f 2566//4959 2635//4959 2636//4959
f 2566//4960 2636//4960 2567//4960
f 2567//4961 2636//4961 2637//4961
f 2567//4962 2637//4962 2568//4962
f 2568//4963 2637//4963 2638//4963
f 2568//4964 2638//4964 2569//4964
f 2569//4965 2638//4965 2639//4965
f 2569//4966 2639//4966 2570//4966
f 2570//4967 2639//4967 2640//4967
f 2570//4968 2640//4968 2571//4968
f 2571//4969 2640//4969 2641//4969
f 2571//2491 2641//2491 2572//2491
f 2572//3363 2641//3363 2642//3363
f 2572//4970 2642//4970 2573//4970
f 2573//4971 2642//4971 2643//4971
f 2573//4972 2643//4972 2574//4972
f 2574//4973 2643//4973 2644//4973
f 2574//4974 2644//4974 2575//4974
f 2575//4975 2644//4975 2645//4975
f 2575//4976 2645//4976 2576//4976
f 2576//4977 2645//4977 2646//4977
f 2576//4978 2646//4978 2577//4978
f 2577//4979 2646//4979 2647//4979
f 2577//4980 2647//4980 2578//4980
f 2578//4981 2647//4981 2648//4981
f 2578//4982 2648//4982 2579//4982
f 2579//4983 2648//4983 2649//4983
f 2579//4984 2649//4984 2580//4984
f 2580//4985 2649//4985 2650//4985
f 2580//4986 2650//4986 2581//4986
f 2581//4987 2650//4987 2651//4987
f 2581//2531 2651//2531 2582//2531
f 2582//4988 2651//4988 2652//4988
f 2582//4989 2652//4989 2583//4989
f 2583//4990 2652//4990 2653//4990
f 2583//4991 2653//4991 2584//4991
f 2584//4992 2653//4992 2654//4992
f 2584//4993 2654//4993 2585//4993
f 2585//4994 2654//4994 2655//4994
f 2585//4995 2655//4995 2586//4995
f 2586//4996 2655//4996 2656//4996
f 2586//4997 2656//4997 2587//4997
f 2587//4998 2656//4998 2657//4998
f 2587//4999 2657//4999 2588//4999
f 2588//5000 2657//5000 2658//5000
f 2588//5001 2658//5001 2589//5001
f 2589//5002 2658//5002 2659//5002
f 2589//5003 2659//5003 2590//5003
f 2590//5004 2659//5004 2660//5004
f 2591//5005 2661//5005 2592//5005
f 2592//5006 2661//5006 2662//5006
f 2592//5007 2662//5007 2593//5007
f 2593//5008 2662//5008 2663//5008
f 2593//5009 2663//5009 2594//5009
f 2594//5010 2663//5010 2664//5010
f 2594//5011 2664//5011 2595//5011
f 2595//5012 2664//5012 2665//5012
f 2595//5013 2665//5013 2596//5013
f 2596//5014 2665//5014 2666//5014
f 2596//4883 2666//4883 2597//4883
f 2597//5015 2666//5015 2667//5015
f 2597//5016 2667//5016 2598//5016
f 2598//5017 2667//5017 2668//5017
f 2598//5018 2668//5018 2599//5018
f 2599//5019 2668//5019 2669//5019
f 2599//5020 2669//5020 2600//5020
f 2600//5021 2669//5021 2670//5021
f 2600//5022 2670//5022 2601//5022
f 2601//5023 2670//5023 2671//5023
f 2601//5024 2671//5024 2602//5024
f 2602//5025 2671//5025 2672//5025
f 2602//5026 2672//5026 2603//5026
f 2603//5027 2672//5027 2673//5027
f 2603//5028 2673//5028 2604//5028
f 2604//5029 2673//5029 2674//5029
f 2604//5030 2674//5030 2605//5030
f 2605//5031 2674//5031 2675//5031
f 2605//5032 2675//5032 2606//5032
f 2606//5033 2675//5033 2676//5033
f 2606//5034 2676//5034 2607//5034
f 2607//5035 2676//5035 2677//5035
f 2607//5036 2677//5036 2608//5036
f 2608//5037 2677//5037 2678//5037
f 2608//5038 2678//5038 2609//5038
f 2609//5039 2678//5039 2679//5039
f 2609//5040 2679//5040 2610//5040
f 2610//5041 2679//5041 2680//5041
f 2610//5042 2680//5042 2611//5042
f 2611//5043 2680//5043 2681//5043
f 2611//5044 2681//5044 2612//5044
f 2612//5045 2681//5045 2682//5045
f 2614//5050 2684//5050 2615//5050
f 2615//5051 2684//5051 2685//5051
f 2615//5052 2685//5052 2616//5052
f 2616//5053 2685//5053 2686//5053
f 2616//5054 2686//5054 2617//5054
f 2617//5055 2686//5055 2687//5055
f 2634//5090 2704//5090 2635//5090
f 2635//5091 2704//5091 2705//5091
f 2635//5092 2705//5092 2636//5092
f 2636//5093 2705//5093 2706//5093
f 2636//5094 2706//5094 2637//5094
f 2637//5095 2706//5095 2707//5095
f 2637//5096 2707//5096 2638//5096
f 2638//5097 2707//5097 2708//5097
f 2638//5098 2708//5098 2639//5098
f 2639//5099 2708//5099 2709//5099
f 2639//5100 2709//5100 2640//5100
f 2640//5101 2709//5101 2710//5101
f 2640//5102 2710//5102 2641//5102
f 2641//5103 2710//5103 2711//5103
f 2641//5104 2711//5104 2642//5104
f 2642//5105 2711//5105 2712//5105
f 2642//5106 2712//5106 2643//5106
f 2643//5107 2712//5107 2713//5107
f 2643//5108 2713//5108 2644//5108
f 2644//5109 2713//5109 2714//5109
f 2644//5110 2714//5110 2645//5110
f 2645//5111 2714//5111 2715//5111
f 2645//5112 2715//5112 2646//5112
f 2646//5113 2715//5113 2716//5113
f 2646//5114 2716//5114 2647//5114
f 2647//5115 2716//5115 2717//5115
f 2647//5116 2717//5116 2648//5116
f 2648//5117 2717//5117 2718//5117
f 2648//5118 2718//5118 2649//5118
f 2649//5119 2718//5119 2719//5119
f 2649//5120 2719//5120 2650//5120
f 2650//5121 2719//5121 2720//5121
f 2650//5122 2720//5122 2651//5122
f 2651//5123 2720//5123 2721//5123
f 2651//5124 2721//5124 2652//5124
f 2652//5125 2721//5125 2722//5125
f 2652//5126 2722//5126 2653//5126
f 2653//5127 2722//5127 2723//5127
f 2653//5128 2723//5128 2654//5128
f 2654//5129 2723//5129 2724//5129
f 2654//5130 2724//5130 2655//5130
f 2655//5131 2724//5131 2725//5131
f 2655//5132 2725//5132 2656//5132
f 2656//5133 2725//5133 2726//5133
f 2656//5134 2726//5134 2657//5134
f 2657//5135 2726//5135 2727//5135
f 2657//5136 2727//5136 2658//5136
f 2658//5137 2727//5137 2728//5137
f 2658//5138 2728//5138 2659//5138
f 2659//5139 2728//5139 2729//5139
f 2659//5140 2729//5140 2660//5140
f 2660//5141 2729//5141 2730//5141
f 2661//5142 2731//5142 2662//5142
f 2662//5143 2731//5143 2732//5143
f 2662//5144 2732//5144 2663//5144
f 2663//5145 2732//5145 2733//5145
f 2663//5146 2733//5146 2664//5146
f 2664//5147 2733//5147 2734//5147
f 2664//5148 2734//5148 2665//5148
f 2665//5149 2734//5149 2735//5149
f 2665//5150 2735//5150 2666//5150
f 2666//5151 2735//5151 2736//5151
f 2666//5152 2736//5152 2667//5152
f 2667//5153 2736//5153 2737//5153
f 2667//5154 2737//5154 2668//5154
f 2668//5155 2737//5155 2738//5155
f 2668//5156 2738//5156 2669//5156
f 2669//5157 2738//5157 2739//5157
f 2669//5158 2739//5158 2670//5158
f 2670//5159 2739//5159 2740//5159
f 2670//5160 2740//5160 2671//5160
f 2671//5161 2740//5161 2741//5161
f 2671//5162 2741//5162 2672//5162
f 2672//5163 2741//5163 2742//5163
f 2672//5164 2742//5164 2673//5164
f 2673//5165 2742//5165 2743//5165
f 2673//5166 2743//5166 2674//5166
f 2674//5167 2743//5167 2744//5167
f 2674//5168 2744//5168 2675//5168
f 2675//5169 2744//5169 2745//5169
f 2675//5170 2745//5170 2676//5170
f 2676//5171 2745//5171 2746//5171
f 2676//5172 2746//5172 2677//5172
f 2677//5173 2746//5173 2747//5173
f 2677//5174 2747//5174 2678//5174
f 2678//5175 2747//5175 2748//5175
f 2678//5176 2748//5176 2679//5176
f 2679//5177 2748//5177 2749//5177
f 2679//5178 2749//5178 2680//5178
f 2680//5179 2749//5179 2750//5179
f 2680//5180 2750//5180 2681//5180
f 2681//5181 2750//5181 2751//5181
f 2681//5182 2751//5182 2682//5182
f 2682//5183 2751//5183 2752//5183
f 2685//5190 2755//5190 2686//5190
f 2686//5191 2755//5191 2756//5191
f 2686//5192 2756//5192 2687//5192
f 2687//5193 2756//5193 2757//5193
f 2687//5194 2757//5194 2688//5194
f 2688//5195 2757//5195 2758//5195
f 2703//5226 2773//5226 2704//5226
f 2704//5227 2773//5227 2774//5227
f 2704//5228 2774//5228 2705//5228
f 2705//5229 2774//5229 2775//5229
f 2705//5230 2775//5230 2706//5230
f 2706//5231 2775//5231 2776//5231
f 2706//5232 2776//5232 2707//5232
f 2707//5233 2776//5233 2777//5233
f 2707//5234 2777//5234 2708//5234
f 2708//5235 2777//5235 2778//5235
f 2708//5236 2778//5236 2709//5236
f 2709//5237 2778//5237 2779//5237
f 2709//5238 2779//5238 2710//5238
f 2710//5239 2779//5239 2780//5239
f 2710//5240 2780//5240 2711//5240
f 2711//5241 2780//5241 2781//5241
f 2711//5242 2781//5242 2712//5242
f 2712//5243 2781//5243 2782//5243
f 2712//5244 2782//5244 2713//5244
f 2713//5245 2782//5245 2783//5245
f 2713//5246 2783//5246 2714//5246
f 2714//5246 2783//5246 2784//5246
f 2714//5247 2784//5247 2715//5247
f 2715//5248 2784//5248 2785//5248
f 2715//5249 2785//5249 2716//5249
f 2716//5250 2785//5250 2786//5250
f 2716//5251 2786//5251 2717//5251
f 2717//5252 2786//5252 2787//5252
f 2717//5253 2787//5253 2718//5253
f 2718//5254 2787//5254 2788//5254
f 2718//5255 2788//5255 2719//5255
f 2719//5256 2788//5256 2789//5256
f 2719//5257 2789//5257 2720//5257
f 2720//5258 2789//5258 2790//5258
f 2720//5259 2790//5259 2721//5259
f 2721//5260 2790//5260 2791//5260
f 2721//5261 2791//5261 2722//5261
f 2722//5262 2791//5262 2792//5262
f 2722//5263 2792//5263 2723//5263
f 2723//5264 2792//5264 2793//5264
f 2723//5265 2793//5265 2724//5265
f 2724//5266 2793//5266 2794//5266
f 2724//5267 2794//5267 2725//5267
f 2725//5268 2794//5268 2795//5268
f 2725//5269 2795//5269 2726//5269
f 2726//5270 2795//5270 2796//5270
f 2726//5271 2796//5271 2727//5271
f 2727//5272 2796//5272 2797//5272
f 2727//5273 2797//5273 2728//5273
f 2728//5274 2797//5274 2798//5274
f 2728//5275 2798//5275 2729//5275
f 2729//5276 2798//5276 2799//5276
f 2729//5277 2799//5277 2730//5277
f 2730//5278 2799//5278 2800//5278
f 2731//5279 2801//5279 2732//5279
f 2732//5280 2801//5280 2802//5280
f 2732//5281 2802//5281 2733//5281
f 2733//5282 2802//5282 2803//5282
f 2733//5283 2803//5283 2734//5283
f 2734//5284 2803//5284 2804//5284
f 2734//5285 2804//5285 2735//5285
f 2735//5286 2804//5286 2805//5286
f 2735//5287 2805//5287 2736//5287
f 2736//5288 2805//5288 2806//5288
f 2736//5289 2806//5289 2737//5289
f 2737//5290 2806//5290 2807//5290
f 2737//5291 2807//5291 2738//5291
f 2738//5292 2807//5292 2808//5292
f 2738//5293 2808//5293 2739//5293
f 2739//5294 2808//5294 2809//5294
f 2739//5295 2809//5295 2740//5295
f 2740//5296 2809//5296 2810//5296
f 2740//5297 2810//5297 2741//5297
f 2741//5298 2810//5298 2811//5298
f 2741//5299 2811//5299 2742//5299
f 2742//5300 2811//5300 2812//5300
f 2742//5301 2812//5301 2743//5301
f 2743//5302 2812//5302 2813//5302
f 2743//5303 2813//5303 2744//5303
f 2744//5304 2813//5304 2814//5304
f 2744//5305 2814//5305 2745//5305
f 2745//5306 2814//5306 2815//5306
f 2745//5307 2815//5307 2746//5307
f 2746//5308 2815//5308 2816//5308
f 2746//5309 2816//5309 2747//5309
f 2747//5310 2816//5310 2817//5310
f 2747//5311 2817//5311 2748//5311
f 2748//5312 2817//5312 2818//5312
f 2748//5313 2818//5313 2749//5313
f 2749//5314 2818//5314 2819//5314
f 2749//5315 2819//5315 2750//5315
f 2750//5316 2819//5316 2820//5316
f 2750//5317 2820//5317 2751//5317
f 2751//5318 2820//5318 2821//5318
f 2751//5319 2821//5319 2752//5319
f 2752//5320 2821//5320 2822//5320
f 2752//5321 2822//5321 2753//5321
f 2753//5322 2822//5322 2823//5322
f 2756//5329 2826//5329 2757//5329
f 2757//5330 2826//5330 2827//5330
f 2757//5331 2827//5331 2758//5331
f 2758//5332 2827//5332 2828//5332
f 2772//5361 2842//5361 2773//5361
f 2773//5362 2842//5362 2843//5362
f 2773//5363 2843//5363 2774//5363
f 2774//5364 2843//5364 2844//5364
f 2774//5365 2844//5365 2775//5365
f 2775//5366 2844//5366 2845//5366
f 2775//5367 2845//5367 2776//5367
f 2776//5368 2845//5368 2846//5368
f 2778//5373 2848//5373 2779//5373
f 2779//5374 2848//5374 2849//5374
f 2779//5375 2849//5375 2780//5375
f 2780//5376 2849//5376 2850//5376
f 2780//5377 2850//5377 2781//5377
f 2781//5378 2850//5378 2851//5378
f 2781//5379 2851//5379 2782//5379
f 2782//5380 2851//5380 2852//5380
f 2782//5381 2852//5381 2783//5381
f 2783//5382 2852//5382 2853//5382
f 2783//5383 2853//5383 2784//5383
f 2784//5384 2853//5384 2854//5384
f 2784//5385 2854//5385 2785//5385
f 2785//5386 2854//5386 2855//5386
f 2785//5387 2855//5387 2786//5387
f 2786//5388 2855//5388 2856//5388
f 2786//5389 2856//5389 2787//5389
f 2787//5390 2856//5390 2857//5390
f 2787//5391 2857//5391 2788//5391
f 2788//5392 2857//5392 2858//5392
f 2788//5393 2858//5393 2789//5393
f 2789//5394 2858//5394 2859//5394
f 2789//5395 2859//5395 2790//5395
f 2790//5396 2859//5396 2860//5396
f 2790//5397 2860//5397 2791//5397
f 2791//5398 2860//5398 2861//5398
f 2791//5399 2861//5399 2792//5399
f 2792//5400 2861//5400 2862//5400
f 2792//5401 2862//5401 2793//5401
f 2793//5402 2862//5402 2863//5402
f 2793//5403 2863//5403 2794//5403
f 2794//5404 2863//5404 2864//5404
f 2794//5405 2864//5405 2795//5405
f 2795//5406 2864//5406 2865//5406
f 2795//5407 2865//5407 2796//5407
f 2796//5408 2865//5408 2866//5408
f 2796//5409 2866//5409 2797//5409
f 2797//5410 2866//5410 2867//5410
f 2797//5411 2867//5411 2798//5411
f 2798//5412 2867//5412 2868//5412
f 2798//5413 2868//5413 2799//5413
f 2799//5414 2868//5414 2869//5414
f 2799//5415 2869//5415 2800//5415
f 2800//5416 2869//5416 2870//5416
f 2801//5417 2871//5417 2802//5417
f 2802//5418 2871//5418 2872//5418
f 2802//5419 2872//5419 2803//5419
f 2803//5420 2872//5420 2873//5420
f 2803//5421 2873//5421 2804//5421
f 2804//5422 2873//5422 2874//5422
f 2804//5423 2874//5423 2805//5423
f 2805//5424 2874//5424 2875//5424
f 2805//5425 2875//5425 2806//5425
f 2806//5293 2875//5293 2876//5293
f 2806//5426 2876//5426 2807//5426
f 2807//5427 2876//5427 2877//5427
f 2807//5428 2877//5428 2808//5428
f 2808//5429 2877//5429 2878//5429
f 2808//5430 2878//5430 2809//5430
f 2809//5431 2878//5431 2879//5431
f 2809//5432 2879//5432 2810//5432
f 2810//5433 2879//5433 2880//5433
f 2810//5434 2880//5434 2811//5434
f 2811//5435 2880//5435 2881//5435
f 2811//5436 2881//5436 2812//5436
f 2812//5437 2881//5437 2882//5437
f 2812//5438 2882//5438 2813//5438
f 2813//5439 2882//5439 2883//5439
f 2813//5440 2883//5440 2814//5440
f 2814//5441 2883//5441 2884//5441
f 2814//5442 2884//5442 2815//5442
f 2815//5443 2884//5443 2885//5443
f 2815//5444 2885//5444 2816//5444
f 2816//5445 2885//5445 2886//5445
f 2816//5446 2886//5446 2817//5446
f 2817//5447 2886//5447 2887//5447
f 2817//5448 2887//5448 2818//5448
f 2818//5449 2887//5449 2888//5449
f 2818//5450 2888//5450 2819//5450
f 2819//5451 2888//5451 2889//5451
f 2819//5452 2889//5452 2820//5452
f 2820//5453 2889//5453 2890//5453
f 2820//5454 2890//5454 2821//5454
f 2821//5455 2890//5455 2891//5455
f 2821//5456 2891//5456 2822//5456
f 2822//5457 2891//5457 2892//5457
f 2822//5458 2892//5458 2823//5458
f 2823//5459 2892//5459 2893//5459
f 2823//5460 2893//5460 2824//5460
f 2824//5461 2893//5461 2894//5461
f 2826//5466 2896//5466 2827//5466
f 2827//5467 2896//5467 2897//5467
f 2827//5468 2897//5468 2828//5468
f 2828//5469 2897//5469 2898//5469
f 2828//5470 2898//5470 2829//5470
f 2829//5471 2898//5471 2899//5471
f 2829//5472 2899//5472 2830//5472
f 2830//5473 2899//5473 2900//5473
f 2840//5494 2910//5494 2841//5494
f 2841//5495 2910//5495 2911//5495
f 2841//5496 2911//5496 2842//5496
f 2842//5497 2911//5497 2912//5497
f 2842//5498 2912//5498 2843//5498
f 2843//5499 2912//5499 2913//5499
f 2843//5500 2913//5500 2844//5500
f 2844//5501 2913//5501 2914//5501
f 2844//5502 2914//5502 2845//5502
f 2845//5503 2914//5503 2915//5503
f 2845//5504 2915//5504 2846//5504
f 2846//5505 2915//5505 2916//5505
f 2848//5510 2918//5510 2849//5510
f 2849//5511 2918//5511 2919//5511
f 2849//5512 2919//5512 2850//5512
f 2850//5513 2919//5513 2920//5513
f 2850//5514 2920//5514 2851//5514
f 2851//5515 2920//5515 2921//5515
f 2851//5516 2921//5516 2852//5516
f 2852//5517 2921//5517 2922//5517
f 2852//5518 2922//5518 2853//5518
f 2853//5519 2922//5519 2923//5519
f 2853//5520 2923//5520 2854//5520
f 2854//5521 2923//5521 2924//5521
f 2854//5522 2924//5522 2855//5522
f 2855//5523 2924//5523 2925//5523
f 2855//5524 2925//5524 2856//5524
f 2856//5525 2925//5525 2926//5525
f 2856//5526 2926//5526 2857//5526
f 2857//5527 2926//5527 2927//5527
f 2857//5528 2927//5528 2858//5528
f 2858//5529 2927//5529 2928//5529
f 2858//5530 2928//5530 2859//5530
f 2859//5531 2928//5531 2929//5531
f 2859//5532 2929//5532 2860//5532
f 2860//5533 2929//5533 2930//5533
f 2860//3653 2930//3653 2861//3653
f 2861//5534 2930//5534 2931//5534
f 2861//5535 2931//5535 2862//5535
f 2862//5536 2931//5536 2932//5536
f 2862//5537 2932//5537 2863//5537
f 2863//5538 2932//5538 2933//5538
f 2863//5539 2933//5539 2864//5539
f 2864//5540 2933//5540 2934//5540
f 2864//5541 2934//5541 2865//5541
f 2865//5542 2934//5542 2935//5542
f 2865//5543 2935//5543 2866//5543
f 2866//5544 2935//5544 2936//5544
f 2866//5545 2936//5545 2867//5545
f 2867//5546 2936//5546 2937//5546
f 2867//5547 2937//5547 2868//5547
f 2868//5548 2937//5548 2938//5548
f 2868//5549 2938//5549 2869//5549
f 2869//5550 2938//5550 2939//5550
f 2869//5551 2939//5551 2870//5551
f 2870//5552 2939//5552 2940//5552
f 2871//5553 2941//5553 2872//5553
f 2872//5554 2941//5554 2942//5554
f 2872//4760 2942//4760 2873//4760
f 2873//5555 2942//5555 2943//5555
f 2873//5556 2943//5556 2874//5556
f 2874//5557 2943//5557 2944//5557
f 2874//5558 2944//5558 2875//5558
f 2875//5559 2944//5559 2945//5559
f 2875//5560 2945//5560 2876//5560
f 2876//5561 2945//5561 2946//5561
f 2876//5562 2946//5562 2877//5562
f 2877//5563 2946//5563 2947//5563
f 2877//5564 2947//5564 2878//5564
f 2878//5565 2947//5565 2948//5565
f 2878//5566 2948//5566 2879//5566
f 2879//5567 2948//5567 2949//5567
f 2879//2534 2949//2534 2880//2534
f 2880//5568 2949//5568 2950//5568
f 2880//5569 2950//5569 2881//5569
f 2881//5570 2950//5570 2951//5570
f 2881//5571 2951//5571 2882//5571
f 2882//5572 2951//5572 2952//5572
f 2882//5573 2952//5573 2883//5573
f 2883//5574 2952//5574 2953//5574
f 2883//5575 2953//5575 2884//5575
f 2884//5576 2953//5576 2954//5576
f 2884//5577 2954//5577 2885//5577
f 2885//5578 2954//5578 2955//5578
f 2885//5579 2955//5579 2886//5579
f 2886//5580 2955//5580 2956//5580
f 2886//5581 2956//5581 2887//5581
f 2887//5582 2956//5582 2957//5582
f 2887//5583 2957//5583 2888//5583
f 2888//5584 2957//5584 2958//5584
f 2888//5585 2958//5585 2889//5585
f 2889//5586 2958//5586 2959//5586
f 2889//5587 2959//5587 2890//5587
f 2890//5588 2959//5588 2960//5588
f 2890//5589 2960//5589 2891//5589
f 2891//5590 2960//5590 2961//5590
f 2891//5591 2961//5591 2892//5591
f 2892//5592 2961//5592 2962//5592
f 2892//5593 2962//5593 2893//5593
f 2893//5594 2962//5594 2963//5594
f 2893//5595 2963//5595 2894//5595
f 2894//5596 2963//5596 2964//5596
f 2897//5603 2967//5603 2898//5603
f 2898//5604 2967//5604 2968//5604
f 2898//5605 2968//5605 2899//5605
f 2899//5606 2968//5606 2969//5606
f 2899//5607 2969//5607 2900//5607
f 2900//5608 2969//5608 2970//5608
f 2900//5609 2970//5609 2901//5609
f 2901//5610 2970//5610 2971//5610
f 2901//5611 2971//5611 2902//5611
f 2902//5612 2971//5612 2972//5612
f 2904//5617 2974//5617 2905//5617
f 2905//5618 2974//5618 2975//5618
f 2905//5619 2975//5619 2906//5619
f 2906//5620 2975//5620 2976//5620
f 2906//5621 2976//5621 2907//5621
f 2907//5622 2976//5622 2977//5622
f 2907//5623 2977//5623 2908//5623
f 2908//5624 2977//5624 2978//5624
f 2908//5625 2978//5625 2909//5625
f 2909//5626 2978//5626 2979//5626
f 2909//5627 2979//5627 2910//5627
f 2910//5628 2979//5628 2980//5628
f 2910//5629 2980//5629 2911//5629
f 2911//5630 2980//5630 2981//5630
f 2911//5631 2981//5631 2912//5631
f 2912//5632 2981//5632 2982//5632
f 2912//5633 2982//5633 2913//5633
f 2913//5634 2982//5634 2983//5634
f 2913//5635 2983//5635 2914//5635
f 2914//5636 2983//5636 2984//5636
f 2914//5637 2984//5637 2915//5637
f 2915//5638 2984//5638 2985//5638
f 2918//5645 2988//5645 2919//5645
f 2919//5646 2988//5646 2989//5646
f 2919//5647 2989//5647 2920//5647
f 2920//5648 2989//5648 2990//5648
f 2920//5649 2990//5649 2921//5649
f 2921//5650 2990//5650 2991//5650
f 2921//5651 2991//5651 2922//5651
f 2922//5652 2991//5652 2992//5652
f 2922//5653 2992//5653 2923//5653
f 2923//5654 2992//5654 2993//5654
f 2923//5655 2993//5655 2924//5655
f 2924//5656 2993//5656 2994//5656
f 2924//5657 2994//5657 2925//5657
f 2925//5658 2994//5658 2995//5658
f 2925//5659 2995//5659 2926//5659
f 2926//2067 2995//2067 2996//2067
f 2926//5660 2996//5660 2927//5660
f 2927//5661 2996//5661 2997//5661
f 2927//5662 2997//5662 2928//5662
f 2928//5663 2997//5663 2998//5663
f 2928//5664 2998//5664 2929//5664
f 2929//5665 2998//5665 2999//5665
f 2929//5666 2999//5666 2930//5666
f 2930//3285 2999//3285 3000//3285
f 2930//5667 3000//5667 2931//5667
f 2931//5668 3000//5668 3001//5668
f 2931//5669 3001//5669 2932//5669
f 2932//5670 3001//5670 3002//5670
f 2932//5671 3002//5671 2933//5671
f 2933//5672 3002//5672 3003//5672
f 2933//3932 3003//3932 2934//3932
f 2934//5673 3003//5673 3004//5673
f 2934//5674 3004//5674 2935//5674
f 2935//5675 3004//5675 3005//5675
f 2935//5676 3005//5676 2936//5676
f 2936//5677 3005//5677 3006//5677
f 2936//5678 3006//5678 2937//5678
f 2937//5679 3006//5679 3007//5679
f 2937//5680 3007//5680 2938//5680
f 2938//5681 3007//5681 3008//5681
f 2938//5682 3008//5682 2939//5682
f 2939//5683 3008//5683 3009//5683
f 2939//5684 3009//5684 2940//5684
f 2940//5685 3009//5685 3010//5685
f 2941//5686 3011//5686 2942//5686
f 2942//5687 3011//5687 3012//5687
f 2942//5688 3012//5688 2943//5688
f 2943//5689 3012//5689 3013//5689
f 2943//5690 3013//5690 2944//5690
f 2944//5691 3013//5691 3014//5691
f 2944//5692 3014//5692 2945//5692
f 2945//5693 3014//5693 3015//5693
f 2945//5694 3015//5694 2946//5694
f 2946//5695 3015//5695 3016//5695
f 2946//5696 3016//5696 2947//5696
f 2947//5697 3016//5697 3017//5697
f 2947//5698 3017//5698 2948//5698
f 2948//5699 3017//5699 3018//5699
f 2948//5700 3018//5700 2949//5700
f 2949//5701 3018//5701 3019//5701
f 2949//5702 3019//5702 2950//5702
f 2950//5703 3019//5703 3020//5703
f 2950//5704 3020//5704 2951//5704
f 2951//5705 3020//5705 3021//5705
f 2951//5706 3021//5706 2952//5706
f 2952//5707 3021//5707 3022//5707
f 2952//5708 3022//5708 2953//5708
f 2953//5709 3022//5709 3023//5709
f 2953//5710 3023//5710 2954//5710
f 2954//5711 3023//5711 3024//5711
f 2954//5712 3024//5712 2955//5712
f 2955//5713 3024//5713 3025//5713
f 2955//5714 3025//5714 2956//5714
f 2956//5715 3025//5715 3026//5715
f 2956//3256 3026//3256 2957//3256
f 2957//5716 3026//5716 3027//5716
f 2957//5717 3027//5717 2958//5717
f 2958//5718 3027//5718 3028//5718
f 2958//5719 3028//5719 2959//5719
f 2959//5720 3028//5720 3029//5720
f 2959//5424 3029//5424 2960//5424
f 2960//5721 3029//5721 3030//5721
f 2960//5722 3030//5722 2961//5722
f 2961//5723 3030//5723 3031//5723
f 2961//5724 3031//5724 2962//5724
f 2962//5725 3031//5725 3032//5725
f 2962//5726 3032//5726 2963//5726
f 2963//5727 3032//5727 3033//5727
f 2963//5728 3033//5728 2964//5728
f 2964//5729 3033//5729 3034//5729
f 2968//5738 3038//5738 2969//5738
f 2969//5739 3038//5739 3039//5739
f 2969//5740 3039//5740 2970//5740
f 2970//5741 3039//5741 3040//5741
f 2970//5742 3040//5742 2971//5742
f 2971//5743 3040//5743 3041//5743
f 2971//5744 3041//5744 2972//5744
f 2972//5745 3041//5745 3042//5745
f 2972//5746 3042//5746 2973//5746
f 2973//5747 3042//5747 3043//5747
f 2973//5748 3043//5748 2974//5748
f 2974//5749 3043//5749 3044//5749
f 2974//5750 3044//5750 2975//5750
f 2975//5751 3044//5751 3045//5751
f 2975//5752 3045//5752 2976//5752
f 2976//5753 3045//5753 3046//5753
f 2976//5754 3046//5754 2977//5754
f 2977//5755 3046//5755 3047//5755
f 2977//5756 3047//5756 2978//5756
f 2978//5757 3047//5757 3048//5757
f 2978//5758 3048//5758 2979//5758
f 2979//5759 3048//5759 3049//5759
f 2979//5760 3049//5760 2980//5760
f 2980//5761 3049//5761 3050//5761
f 2988//5778 3058//5778 2989//5778
f 2989//5779 3058//5779 3059//5779
f 2989//5780 3059//5780 2990//5780
f 2990//5781 3059//5781 3060//5781
f 2990//5782 3060//5782 2991//5782
f 2991//5783 3060//5783 3061//5783
f 2991//5784 3061//5784 2992//5784
f 2992//5785 3061//5785 3062//5785
f 2992//5786 3062//5786 2993//5786
f 2993//5787 3062//5787 3063//5787
f 2993//5788 3063//5788 2994//5788
f 2994//738 3063//738 3064//738
f 2994//5789 3064//5789 2995//5789
f 2995//5790 3064//5790 3065//5790
f 2995//5791 3065//5791 2996//5791
f 2996//5792 3065//5792 3066//5792
f 2996//5793 3066//5793 2997//5793
f 2997//5794 3066//5794 3067//5794
f 2997//5795 3067//5795 2998//5795
f 2998//5796 3067//5796 3068//5796
f 2998//5797 3068//5797 2999//5797
f 2999//5798 3068//5798 3069//5798
f 2999//5799 3069//5799 3000//5799
f 3000//5800 3069//5800 3070//5800
f 3000//5801 3070//5801 3001//5801
f 3001//5802 3070//5802 3071//5802
f 3001//5803 3071//5803 3002//5803
f 3002//5804 3071//5804 3072//5804
f 3002//5805 3072//5805 3003//5805
f 3003//5806 3072//5806 3073//5806
f 3003//5807 3073//5807 3004//5807
f 3004//5808 3073//5808 3074//5808
f 3004//5809 3074//5809 3005//5809
f 3005//5810 3074//5810 3075//5810
f 3005//5811 3075//5811 3006//5811
f 3006//5812 3075//5812 3076//5812
f 3006//5813 3076//5813 3007//5813
f 3007//5814 3076//5814 3077//5814
f 3007//4611 3077//4611 3008//4611
f 3008//5815 3077//5815 3078//5815
f 3008//5816 3078//5816 3009//5816
f 3009//5817 3078//5817 3079//5817
f 3009//5818 3079//5818 3010//5818
f 3010//5819 3079//5819 3080//5819
f 3011//5820 3081//5820 3012//5820
f 3012//5821 3081//5821 3082//5821
f 3012//5822 3082//5822 3013//5822
f 3013//5823 3082//5823 3083//5823
f 3013//5824 3083//5824 3014//5824
f 3014//5825 3083//5825 3084//5825
f 3014//5826 3084//5826 3015//5826
f 3015//5827 3084//5827 3085//5827
f 3015//5828 3085//5828 3016//5828
f 3016//5829 3085//5829 3086//5829
f 3016//5830 3086//5830 3017//5830
f 3017//5831 3086//5831 3087//5831
f 3017//5520 3087//5520 3018//5520
f 3018//5832 3087//5832 3088//5832
f 3018//5833 3088//5833 3019//5833
f 3019//5834 3088//5834 3089//5834
f 3019//5835 3089//5835 3020//5835
f 3020//5836 3089//5836 3090//5836
f 3020//5837 3090//5837 3021//5837
f 3021//5838 3090//5838 3091//5838
f 3021//5839 3091//5839 3022//5839
f 3022//5840 3091//5840 3092//5840
f 3022//2393 3092//2393 3023//2393
f 3023//5841 3092//5841 3093//5841
f 3023//5842 3093//5842 3024//5842
f 3024//5843 3093//5843 3094//5843
f 3024//5844 3094//5844 3025//5844
f 3025//5845 3094//5845 3095//5845
f 3025//1082 3095//1082 3026//1082
f 3026//5846 3095//5846 3096//5846
f 3026//5847 3096//5847 3027//5847
f 3027//5848 3096//5848 3097//5848
f 3027//5849 3097//5849 3028//5849
f 3028//5850 3097//5850 3098//5850
f 3028//5851 3098//5851 3029//5851
f 3029//5852 3098//5852 3099//5852
f 3029//5853 3099//5853 3030//5853
f 3030//5854 3099//5854 3100//5854
f 3030//5855 3100//5855 3031//5855
f 3031//5856 3100//5856 3101//5856
f 3031//2343 3101//2343 3032//2343
f 3032//5857 3101//5857 3102//5857
f 3032//5858 3102//5858 3033//5858
f 3033//5859 3102//5859 3103//5859
f 3033//5860 3103//5860 3034//5860
f 3034//5861 3103//5861 3104//5861
f 3034//5862 3104//5862 3035//5862
f 3035//5863 3104//5863 3105//5863
f 3040//5874 3110//5874 3041//5874
f 3041//5875 3110//5875 3111//5875
f 3041//5876 3111//5876 3042//5876
f 3042//5877 3111//5877 3112//5877
f 3042//5878 3112//5878 3043//5878
f 3043//5879 3112//5879 3113//5879
f 3043//5880 3113//5880 3044//5880
f 3044//5881 3113//5881 3114//5881
f 3044//5882 3114//5882 3045//5882
f 3045//5883 3114//5883 3115//5883
f 3045//5884 3115//5884 3046//5884
f 3046//5885 3115//5885 3116//5885
f 3046//5886 3116//5886 3047//5886
f 3047//5887 3116//5887 3117//5887
f 3047//5888 3117//5888 3048//5888
f 3048//5889 3117//5889 3118//5889
f 3057//5908 3127//5908 3058//5908
f 3058//5909 3127//5909 3128//5909
f 3058//5910 3128//5910 3059//5910
f 3059//5911 3128//5911 3129//5911
f 3059//5912 3129//5912 3060//5912
f 3060//5913 3129//5913 3130//5913
f 3060//5914 3130//5914 3061//5914
f 3061//5915 3130//5915 3131//5915
f 3061//5916 3131//5916 3062//5916
f 3062//5917 3131//5917 3132//5917
f 3062//5918 3132//5918 3063//5918
f 3063//5919 3132//5919 3133//5919
f 3063//5920 3133//5920 3064//5920
f 3064//5921 3133//5921 3134//5921
f 3064//5922 3134//5922 3065//5922
f 3065//5923 3134//5923 3135//5923
f 3065//5924 3135//5924 3066//5924
f 3066//5925 3135//5925 3136//5925
f 3066//5926 3136//5926 3067//5926
f 3067//5927 3136//5927 3137//5927
f 3067//5928 3137//5928 3068//5928
f 3068//5929 3137//5929 3138//5929
f 3068//5930 3138//5930 3069//5930
f 3069//2059 3138//2059 3139//2059
f 3069//5931 3139//5931 3070//5931
f 3070//5932 3139//5932 3140//5932
f 3070//5933 3140//5933 3071//5933
f 3071//5934 3140//5934 3141//5934
f 3071//5935 3141//5935 3072//5935
f 3072//5936 3141//5936 3142//5936
f 3072//5937 3142//5937 3073//5937
f 3073//5938 3142//5938 3143//5938
f 3073//5939 3143//5939 3074//5939
f 3074//5940 3143//5940 3144//5940
f 3074//5941 3144//5941 3075//5941
f 3075//5942 3144//5942 3145//5942
f 3075//5943 3145//5943 3076//5943
f 3076//5944 3145//5944 3146//5944
f 3076//5945 3146//5945 3077//5945
f 3077//5946 3146//5946 3147//5946
f 3077//5947 3147//5947 3078//5947
f 3078//5948 3147//5948 3148//5948
f 3078//5949 3148//5949 3079//5949
f 3079//5950 3148//5950 3149//5950
f 3079//5951 3149//5951 3080//5951
f 3080//5952 3149//5952 3150//5952
f 3081//5953 3151//5953 3082//5953
f 3082//5954 3151//5954 3152//5954
f 3082//5955 3152//5955 3083//5955
f 3083//5956 3152//5956 3153//5956
f 3083//5957 3153//5957 3084//5957
f 3084//5958 3153//5958 3154//5958
f 3084//5959 3154//5959 3085//5959
f 3085//5960 3154//5960 3155//5960
f 3085//5961 3155//5961 3086//5961
f 3086//665 3155//665 3156//665
f 3086//5962 3156//5962 3087//5962
f 3087//5963 3156//5963 3157//5963
f 3087//5964 3157//5964 3088//5964
f 3088//5965 3157//5965 3158//5965
f 3088//5966 3158//5966 3089//5966
f 3089//5967 3158//5967 3159//5967
f 3089//5968 3159//5968 3090//5968
f 3090//5969 3159//5969 3160//5969
f 3090//5970 3160//5970 3091//5970
f 3091//5971 3160//5971 3161//5971
f 3091//5972 3161//5972 3092//5972
f 3092//5973 3161//5973 3162//5973
f 3092//5974 3162//5974 3093//5974
f 3093//4862 3162//4862 3163//4862
f 3093//5975 3163//5975 3094//5975
f 3094//5976 3163//5976 3164//5976
f 3094//5977 3164//5977 3095//5977
f 3095//5978 3164//5978 3165//5978
f 3095//5979 3165//5979 3096//5979
f 3096//5980 3165//5980 3166//5980
f 3096//5981 3166//5981 3097//5981
f 3097//5982 3166//5982 3167//5982
f 3097//5983 3167//5983 3098//5983
f 3098//5984 3167//5984 3168//5984
f 3098//5985 3168//5985 3099//5985
f 3099//5986 3168//5986 3169//5986
f 3099//5987 3169//5987 3100//5987
f 3100//5988 3169//5988 3170//5988
f 3100//5989 3170//5989 3101//5989
f 3101//5990 3170//5990 3171//5990
f 3101//3353 3171//3353 3102//3353
f 3102//5991 3171//5991 3172//5991
f 3102//5992 3172//5992 3103//5992
f 3103//5993 3172//5993 3173//5993
f 3103//5994 3173//5994 3104//5994
f 3104//5995 3173//5995 3174//5995
f 3104//5996 3174//5996 3105//5996
f 3105//5997 3174//5997 3175//5997
f 3105//5998 3175//5998 3106//5998
f 3106//5999 3175//5999 3176//5999
f 3106//6000 3176//6000 3107//6000
f 3107//6001 3176//6001 3177//6001
f 3107//6002 3177//6002 3108//6002
f 3108//6003 3177//6003 3178//6003
f 3112//6012 3182//6012 3113//6012
f 3113//6013 3182//6013 3183//6013
f 3113//6014 3183//6014 3114//6014
f 3114//6015 3183//6015 3184//6015
f 3114//6016 3184//6016 3115//6016
f 3115//6017 3184//6017 3185//6017
f 3115//6018 3185//6018 3116//6018
f 3116//6019 3185//6019 3186//6019
f 3116//6020 3186//6020 3117//6020
f 3117//6021 3186//6021 3187//6021
f 3117//6022 3187//6022 3118//6022
f 3118//6023 3187//6023 3188//6023
f 3118//6024 3188//6024 3119//6024
f 3119//6025 3188//6025 3189//6025
f 3119//6026 3189//6026 3120//6026
f 3120//6027 3189//6027 3190//6027
f 3120//6028 3190//6028 3121//6028
f 3121//6029 3190//6029 3191//6029
f 3121//6030 3191//6030 3122//6030
f 3122//6031 3191//6031 3192//6031
f 3122//6032 3192//6032 3123//6032
f 3123//6033 3192//6033 3193//6033
f 3123//6034 3193//6034 3124//6034
f 3124//6035 3193//6035 3194//6035
f 3124//6036 3194//6036 3125//6036
f 3125//6037 3194//6037 3195//6037
f 3125//6038 3195//6038 3126//6038
f 3126//6039 3195//6039 3196//6039
f 3126//6040 3196//6040 3127//6040
f 3127//6041 3196//6041 3197//6041
f 3127//6042 3197//6042 3128//6042
f 3128//6043 3197//6043 3198//6043
f 3128//6044 3198//6044 3129//6044
f 3129//6045 3198//6045 3199//6045
f 3129//6046 3199//6046 3130//6046
f 3130//6047 3199//6047 3200//6047
f 3130//6048 3200//6048 3131//6048
f 3131//6049 3200//6049 3201//6049
f 3131//6050 3201//6050 3132//6050
f 3132//6051 3201//6051 3202//6051
f 3132//6052 3202//6052 3133//6052
f 3133//6053 3202//6053 3203//6053
f 3133//6054 3203//6054 3134//6054
f 3134//6055 3203//6055 3204//6055
f 3134//6056 3204//6056 3135//6056
f 3135//6057 3204//6057 3205//6057
f 3135//6058 3205//6058 3136//6058
f 3136//6059 3205//6059 3206//6059
f 3136//6060 3206//6060 3137//6060
f 3137//1275 3206//1275 3207//1275
f 3137//6061 3207//6061 3138//6061
f 3138//6062 3207//6062 3208//6062
f 3138//6063 3208//6063 3139//6063
f 3139//6064 3208//6064 3209//6064
f 3139//6065 3209//6065 3140//6065
f 3140//6066 3209//6066 3210//6066
f 3140//6067 3210//6067 3141//6067
f 3141//6068 3210//6068 3211//6068
f 3141//6069 3211//6069 3142//6069
f 3142//6070 3211//6070 3212//6070
f 3142//6071 3212//6071 3143//6071
f 3143//3819 3212//3819 3213//3819
f 3143//6072 3213//6072 3144//6072
f 3144//6073 3213//6073 3214//6073
f 3144//6074 3214//6074 3145//6074
f 3145//6075 3214//6075 3215//6075
f 3145//6076 3215//6076 3146//6076
f 3146//6077 3215//6077 3216//6077
f 3146//6078 3216//6078 3147//6078
f 3147//6079 3216//6079 3217//6079
f 3147//6079 3217//6079 3148//6079
f 3148//6080 3217//6080 3218//6080
f 3148//6081 3218//6081 3149//6081
f 3149//6082 3218//6082 3219//6082
f 3149//6083 3219//6083 3150//6083
f 3150//6084 3219//6084 3220//6084
f 3151//6085 3221//6085 3152//6085
f 3152//6086 3221//6086 3222//6086
f 3152//6087 3222//6087 3153//6087
f 3153//6088 3222//6088 3223//6088
f 3153//6089 3223//6089 3154//6089
f 3154//6090 3223//6090 3224//6090
f 3154//6091 3224//6091 3155//6091
f 3155//6092 3224//6092 3225//6092
f 3155//6093 3225//6093 3156//6093
f 3156//6094 3225//6094 3226//6094
f 3156//6095 3226//6095 3157//6095
f 3157//6096 3226//6096 3227//6096
f 3157//6097 3227//6097 3158//6097
f 3158//6098 3227//6098 3228//6098
f 3158//6099 3228//6099 3159//6099
f 3159//6100 3228//6100 3229//6100
f 3159//6101 3229//6101 3160//6101
f 3160//6102 3229//6102 3230//6102
f 3160//6103 3230//6103 3161//6103
f 3161//6104 3230//6104 3231//6104
f 3161//6105 3231//6105 3162//6105
f 3162//6106 3231//6106 3232//6106
f 3162//6107 3232//6107 3163//6107
f 3163//6108 3232//6108 3233//6108
f 3163//6109 3233//6109 3164//6109
f 3164//6110 3233//6110 3234//6110
f 3164//6111 3234//6111 3165//6111
f 3165//6112 3234//6112 3235//6112
f 3165//6113 3235//6113 3166//6113
f 3166//6114 3235//6114 3236//6114
f 3166//6115 3236//6115 3167//6115
f 3167//6116 3236//6116 3237//6116
f 3167//6117 3237//6117 3168//6117
f 3168//6118 3237//6118 3238//6118
f 3168//6119 3238//6119 3169//6119
f 3169//6120 3238//6120 3239//6120
f 3169//6121 3239//6121 3170//6121
f 3170//6122 3239//6122 3240//6122
f 3170//6123 3240//6123 3171//6123
f 3171//6124 3240//6124 3241//6124
f 3171//6125 3241//6125 3172//6125
f 3172//6126 3241//6126 3242//6126
f 3172//6127 3242//6127 3173//6127
f 3173//6128 3242//6128 3243//6128
f 3173//6129 3243//6129 3174//6129
f 3174//6130 3243//6130 3244//6130
f 3174//6131 3244//6131 3175//6131
f 3175//6132 3244//6132 3245//6132
f 3175//6133 3245//6133 3176//6133
f 3176//6134 3245//6134 3246//6134
f 3176//6135 3246//6135 3177//6135
f 3177//6136 3246//6136 3247//6136
f 3177//6137 3247//6137 3178//6137
f 3178//6138 3247//6138 3248//6138
f 3178//6139 3248//6139 3179//6139
f 3179//6140 3248//6140 3249//6140
f 3179//6141 3249//6141 3180//6141
f 3180//6142 3249//6142 3250//6142
f 3180//6143 3250//6143 3181//6143
f 3181//6144 3250//6144 3251//6144
f 3181//6145 3251//6145 3182//6145
f 3182//6146 3251//6146 3252//6146
f 3182//6147 3252//6147 3183//6147
f 3183//6148 3252//6148 3253//6148
f 3183//6149 3253//6149 3184//6149
f 3184//6150 3253//6150 3254//6150
f 3184//6151 3254//6151 3185//6151
f 3185//6152 3254//6152 3255//6152
f 3185//6153 3255//6153 3186//6153
f 3186//6154 3255//6154 3256//6154
f 3186//6155 3256//6155 3187//6155
f 3187//6156 3256//6156 3257//6156
f 3187//6157 3257//6157 3188//6157
f 3188//6158 3257//6158 3258//6158
f 3188//6159 3258//6159 3189//6159
f 3189//6160 3258//6160 3259//6160
f 3189//6161 3259//6161 3190//6161
f 3190//6162 3259//6162 3260//6162
f 3190//6163 3260//6163 3191//6163
f 3191//6164 3260//6164 3261//6164
f 3191//6165 3261//6165 3192//6165
f 3192//6166 3261//6166 3262//6166
f 3192//6167 3262//6167 3193//6167
f 3193//6168 3262//6168 3263//6168
f 3193//6169 3263//6169 3194//6169
f 3194//6170 3263//6170 3264//6170
f 3194//6171 3264//6171 3195//6171
f 3195//6172 3264//6172 3265//6172
f 3195//6173 3265//6173 3196//6173
f 3196//6174 3265//6174 3266//6174
f 3196//6175 3266//6175 3197//6175
f 3197//3164 3266//3164 3267//3164
f 3197//6176 3267//6176 3198//6176
f 3198//6177 3267//6177 3268//6177
f 3198//6178 3268//6178 3199//6178
f 3199//6179 3268//6179 3269//6179
f 3199//6180 3269//6180 3200//6180
f 3200//6181 3269//6181 3270//6181
f 3200//6182 3270//6182 3201//6182
f 3201//1866 3270//1866 3271//1866
f 3201//6183 3271//6183 3202//6183
f 3202//6184 3271//6184 3272//6184
f 3202//6185 3272//6185 3203//6185
f 3203//6186 3272//6186 3273//6186
f 3203//6187 3273//6187 3204//6187
f 3204//1902 3273//1902 3274//1902
f 3204//6188 3274//6188 3205//6188
f 3205//6189 3274//6189 3275//6189
f 3205//6190 3275//6190 3206//6190
f 3206//6191 3275//6191 3276//6191
f 3206//6192 3276//6192 3207//6192
f 3207//6193 3276//6193 3277//6193
f 3207//6194 3277//6194 3208//6194
f 3208//3392 3277//3392 3278//3392
f 3208//6195 3278//6195 3209//6195
f 3209//6196 3278//6196 3279//6196
f 3209//6197 3279//6197 3210//6197
f 3210//6198 3279//6198 3280//6198
f 3210//6199 3280//6199 3211//6199
f 3211//6200 3280//6200 3281//6200
f 3211//6201 3281//6201 3212//6201
f 3212//6202 3281//6202 3282//6202
f 3212//6203 3282//6203 3213//6203
f 3213//6204 3282//6204 3283//6204
f 3213//6205 3283//6205 3214//6205
f 3214//6206 3283//6206 3284//6206
f 3214//6207 3284//6207 3215//6207
f 3215//6208 3284//6208 3285//6208
f 3215//6209 3285//6209 3216//6209
f 3216//6210 3285//6210 3286//6210
f 3216//6211 3286//6211 3217//6211
f 3217//6212 3286//6212 3287//6212
f 3217//6213 3287//6213 3218//6213
f 3218//6214 3287//6214 3288//6214
f 3218//6215 3288//6215 3219//6215
f 3219//6216 3288//6216 3289//6216
f 3219//6217 3289//6217 3220//6217
f 3220//6218 3289//6218 3290//6218
f 3221//6219 3291//6219 3222//6219
f 3222//6220 3291//6220 3292//6220
f 3222//6221 3292//6221 3223//6221
f 3223//6222 3292//6222 3293//6222
f 3223//6223 3293//6223 3224//6223
f 3224//6224 3293//6224 3294//6224
f 3224//6225 3294//6225 3225//6225
f 3225//1229 3294//1229 3295//1229
f 3225//6226 3295//6226 3226//6226
f 3226//6227 3295//6227 3296//6227
f 3226//6228 3296//6228 3227//6228
f 3227//6229 3296//6229 3297//6229
f 3227//6230 3297//6230 3228//6230
f 3228//6231 3297//6231 3298//6231
f 3228//6232 3298//6232 3229//6232
f 3229//6233 3298//6233 3299//6233
f 3229//6234 3299//6234 3230//6234
f 3230//6235 3299//6235 3300//6235
f 3230//6236 3300//6236 3231//6236
f 3231//612 3300//612 3301//612
f 3231//6237 3301//6237 3232//6237
f 3232//950 3301//950 3302//950
f 3232//6238 3302//6238 3233//6238
f 3233//6239 3302//6239 3303//6239
f 3233//6240 3303//6240 3234//6240
f 3234//6241 3303//6241 3304//6241
f 3234//6242 3304//6242 3235//6242
f 3235//6243 3304//6243 3305//6243
f 3235//6244 3305//6244 3236//6244
f 3236//6245 3305//6245 3306//6245
f 3236//6246 3306//6246 3237//6246
f 3237//6247 3306//6247 3307//6247
f 3237//6248 3307//6248 3238//6248
f 3238//6249 3307//6249 3308//6249
f 3238//1069 3308//1069 3239//1069
f 3239//6250 3308//6250 3309//6250
f 3239//6251 3309//6251 3240//6251
f 3240//6252 3309//6252 3310//6252
f 3240//6253 3310//6253 3241//6253
f 3241//6254 3310//6254 3311//6254
f 3241//6255 3311//6255 3242//6255
f 3242//6256 3311//6256 3312//6256
f 3242//6257 3312//6257 3243//6257
f 3243//6258 3312//6258 3313//6258
f 3243//6259 3313//6259 3244//6259
f 3244//6260 3313//6260 3314//6260
f 3244//6261 3314//6261 3245//6261
f 3245//3543 3314//3543 3315//3543
f 3245//6262 3315//6262 3246//6262
f 3246//6263 3315//6263 3316//6263
f 3246//6264 3316//6264 3247//6264
f 3247//6265 3316//6265 3317//6265
f 3247//6266 3317//6266 3248//6266
f 3248//6267 3317//6267 3318//6267
f 3248//6268 3318//6268 3249//6268
f 3249//6269 3318//6269 3319//6269
f 3249//6270 3319//6270 3250//6270
f 3250//6271 3319//6271 3320//6271
f 3250//6272 3320//6272 3251//6272
f 3251//6273 3320//6273 3321//6273
f 3251//6274 3321//6274 3252//6274
f 3252//6275 3321//6275 3322//6275
f 3252//6276 3322//6276 3253//6276
f 3253//3222 3322//3222 3323//3222
f 3253//6277 3323//6277 3254//6277
f 3254//310 3323//310 3324//310
f 3254//6278 3324//6278 3255//6278
f 3255//6279 3324//6279 3325//6279
f 3255//6280 3325//6280 3256//6280
f 3256//6281 3325//6281 3326//6281
f 3256//6282 3326//6282 3257//6282
f 3257//6283 3326//6283 3327//6283
f 3257//6284 3327//6284 3258//6284
f 3258//6285 3327//6285 3328//6285
f 3258//6286 3328//6286 3259//6286
f 3259//6287 3328//6287 3329//6287
f 3259//6288 3329//6288 3260//6288
f 3260//6289 3329//6289 3330//6289
f 3260//6290 3330//6290 3261//6290
f 3261//6291 3330//6291 3331//6291
f 3261//6292 3331//6292 3262//6292
f 3262//6293 3331//6293 3332//6293
f 3262//6294 3332//6294 3263//6294
f 3263//6295 3332//6295 3333//6295
f 3263//6296 3333//6296 3264//6296
f 3264//6297 3333//6297 3334//6297
f 3264//6298 3334//6298 3265//6298
f 3265//6299 3334//6299 3335//6299
f 3265//6300 3335//6300 3266//6300
f 3266//6301 3335//6301 3336//6301
f 3266//6302 3336//6302 3267//6302
f 3267//6303 3336//6303 3337//6303
f 3267//6304 3337//6304 3268//6304
f 3268//6305 3337//6305 3338//6305
f 3268//6306 3338//6306 3269//6306
f 3269//6307 3338//6307 3339//6307
f 3269//6308 3339//6308 3270//6308
f 3270//6309 3339//6309 3340//6309
f 3270//1907 3340//1907 3271//1907
f 3271//6310 3340//6310 3341//6310
f 3271//6311 3341//6311 3272//6311
f 3272//6312 3341//6312 3342//6312
f 3272//6313 3342//6313 3273//6313
f 3273//6314 3342//6314 3343//6314
f 3273//6315 3343//6315 3274//6315
f 3274//6316 3343//6316 3344//6316
f 3274//6317 3344//6317 3275//6317
f 3275//6318 3344//6318 3345//6318
f 3275//6319 3345//6319 3276//6319
f 3276//6320 3345//6320 3346//6320
f 3276//6320 3346//6320 3277//6320
f 3277//6321 3346//6321 3347//6321
f 3277//6322 3347//6322 3278//6322
f 3278//6323 3347//6323 3348//6323
f 3278//6324 3348//6324 3279//6324
f 3279//6325 3348//6325 3349//6325
f 3279//6326 3349//6326 3280//6326
f 3280//6327 3349//6327 3350//6327
f 3280//6328 3350//6328 3281//6328
f 3281//6329 3350//6329 3351//6329
f 3281//6330 3351//6330 3282//6330
f 3282//6331 3351//6331 3352//6331
f 3282//6332 3352//6332 3283//6332
f 3283//6333 3352//6333 3353//6333
f 3283//6334 3353//6334 3284//6334
f 3284//6335 3353//6335 3354//6335
f 3284//6336 3354//6336 3285//6336
f 3285//6337 3354//6337 3355//6337
f 3285//6338 3355//6338 3286//6338
f 3286//6339 3355//6339 3356//6339
f 3286//6340 3356//6340 3287//6340
f 3287//6341 3356//6341 3357//6341
f 3287//6342 3357//6342 3288//6342
f 3288//6343 3357//6343 3358//6343
f 3288//6344 3358//6344 3289//6344
f 3289//6345 3358//6345 3359//6345
f 3289//6346 3359//6346 3290//6346
f 3290//6347 3359//6347 3360//6347
f 3291//6348 3361//6348 3292//6348
f 3292//6349 3361//6349 3362//6349
f 3292//6350 3362//6350 3293//6350
f 3293//6351 3362//6351 3363//6351
f 3293//6352 3363//6352 3294//6352
f 3294//6353 3363//6353 3364//6353
f 3294//6354 3364//6354 3295//6354
f 3295//6355 3364//6355 3365//6355
f 3295//6356 3365//6356 3296//6356
f 3296//6357 3365//6357 3366//6357
f 3296//6358 3366//6358 3297//6358
f 3297//6359 3366//6359 3367//6359
f 3297//6360 3367//6360 3298//6360
f 3298//6361 3367//6361 3368//6361
f 3298//6362 3368//6362 3299//6362
f 3299//6363 3368//6363 3369//6363
f 3299//6364 3369//6364 3300//6364
f 3300//6365 3369//6365 3370//6365
f 3300//6366 3370//6366 3301//6366
f 3301//6367 3370//6367 3371//6367
f 3301//6368 3371//6368 3302//6368
f 3302//6369 3371//6369 3372//6369
f 3302//6370 3372//6370 3303//6370
f 3303//6371 3372//6371 3373//6371
f 3303//6372 3373//6372 3304//6372
f 3304//6373 3373//6373 3374//6373
f 3304//6374 3374//6374 3305//6374
f 3305//6374 3374//6374 3375//6374
f 3305//6375 3375//6375 3306//6375
f 3306//6376 3375//6376 3376//6376
f 3306//6377 3376//6377 3307//6377
f 3307//6378 3376//6378 3377//6378
f 3307//6379 3377//6379 3308//6379
f 3308//6380 3377//6380 3378//6380
f 3308//6381 3378//6381 3309//6381
f 3309//6382 3378//6382 3379//6382
f 3309//2856 3379//2856 3310//2856
f 3310//6383 3379//6383 3380//6383
f 3310//4177 3380//4177 3311//4177
f 3311//6384 3380//6384 3381//6384
f 3311//6385 3381//6385 3312//6385
f 3312//6386 3381//6386 3382//6386
f 3312//6258 3382//6258 3313//6258
f 3313//6387 3382//6387 3383//6387
f 3313//6388 3383//6388 3314//6388
f 3314//6389 3383//6389 3384//6389
f 3314//6390 3384//6390 3315//6390
f 3315//6391 3384//6391 3385//6391
f 3315//6392 3385//6392 3316//6392
f 3316//6393 3385//6393 3386//6393
f 3316//6394 3386//6394 3317//6394
f 3317//6395 3386//6395 3387//6395
f 3317//6396 3387//6396 3318//6396
f 3318//6397 3387//6397 3388//6397
f 3318//6398 3388//6398 3319//6398
f 3319//2902 3388//2902 3389//2902
f 3319//6399 3389//6399 3320//6399
f 3320//6400 3389//6400 3390//6400
f 3320//6401 3390//6401 3321//6401
f 3321//6402 3390//6402 3391//6402
f 3321//6403 3391//6403 3322//6403
f 3322//6404 3391//6404 3392//6404
f 3322//6405 3392//6405 3323//6405
f 3323//6406 3392//6406 3393//6406
f 3323//6407 3393//6407 3324//6407
f 3324//6408 3393//6408 3394//6408
f 3324//6409 3394//6409 3325//6409
f 3325//6410 3394//6410 3395//6410
f 3325//524 3395//524 3326//524
f 3326//6411 3395//6411 3396//6411
f 3326//6412 3396//6412 3327//6412
f 3327//6413 3396//6413 3397//6413
f 3327//6414 3397//6414 3328//6414
f 3328//6415 3397//6415 3398//6415
f 3328//6416 3398//6416 3329//6416
f 3329//6417 3398//6417 3399//6417
f 3329//6418 3399//6418 3330//6418
f 3330//599 3399//599 3400//599
f 3330//6419 3400//6419 3331//6419
f 3331//6420 3400//6420 3401//6420
f 3331//6421 3401//6421 3332//6421
f 3332//2631 3401//2631 3402//2631
f 3332//6422 3402//6422 3333//6422
f 3333//6423 3402//6423 3403//6423
f 3333//6424 3403//6424 3334//6424
f 3334//6425 3403//6425 3404//6425
f 3334//6426 3404//6426 3335//6426
f 3335//6427 3404//6427 3405//6427
f 3335//6428 3405//6428 3336//6428
f 3336//6429 3405//6429 3406//6429
f 3336//6430 3406//6430 3337//6430
f 3337//6431 3406//6431 3407//6431
f 3337//6432 3407//6432 3338//6432
f 3338//6433 3407//6433 3408//6433
f 3338//6434 3408//6434 3339//6434
f 3339//6435 3408//6435 3409//6435
f 3339//6436 3409//6436 3340//6436
f 3340//6437 3409//6437 3410//6437
f 3340//6438 3410//6438 3341//6438
f 3341//6439 3410//6439 3411//6439
f 3341//6440 3411//6440 3342//6440
f 3342//6441 3411//6441 3412//6441
f 3342//6442 3412//6442 3343//6442
f 3343//6443 3412//6443 3413//6443
f 3343//6444 3413//6444 3344//6444
f 3344//6445 3413//6445 3414//6445
f 3344//6446 3414//6446 3345//6446
f 3345//6447 3414//6447 3415//6447
f 3345//6448 3415//6448 3346//6448
f 3346//6449 3415//6449 3416//6449
f 3346//6450 3416//6450 3347//6450
f 3347//6451 3416//6451 3417//6451
f 3347//6452 3417//6452 3348//6452
f 3348//6453 3417//6453 3418//6453
f 3348//6454 3418//6454 3349//6454
f 3349//6455 3418//6455 3419//6455
f 3349//6456 3419//6456 3350//6456
f 3350//6457 3419//6457 3420//6457
f 3350//6458 3420//6458 3351//6458
f 3351//6459 3420//6459 3421//6459
f 3351//219 3421//219 3352//219
f 3352//6460 3421//6460 3422//6460
f 3352//6461 3422//6461 3353//6461
f 3353//5028 3422//5028 3423//5028
f 3353//6462 3423//6462 3354//6462
f 3354//6463 3423//6463 3424//6463
f 3354//6464 3424//6464 3355//6464
f 3355//6465 3424//6465 3425//6465
f 3355//6466 3425//6466 3356//6466
f 3356//6467 3425//6467 3426//6467
f 3356//6468 3426//6468 3357//6468
f 3357//6469 3426//6469 3427//6469
f 3357//6470 3427//6470 3358//6470
f 3358//6471 3427//6471 3428//6471
f 3358//6472 3428//6472 3359//6472
f 3359//6473 3428//6473 3429//6473
f 3359//6474 3429//6474 3360//6474
f 3360//6475 3429//6475 3430//6475
f 3361//6476 3431//6476 3362//6476
f 3362//6477 3431//6477 3432//6477
f 3362//6478 3432//6478 3363//6478
f 3363//6479 3432//6479 3433//6479
f 3363//6480 3433//6480 3364//6480
f 3364//6481 3433//6481 3434//6481
f 3364//6482 3434//6482 3365//6482
f 3365//6483 3434//6483 3435//6483
f 3365//3123 3435//3123 3366//3123
f 3366//6484 3435//6484 3436//6484
f 3366//6485 3436//6485 3367//6485
f 3367//6486 3436//6486 3437//6486
f 3367//6487 3437//6487 3368//6487
f 3368//6488 3437//6488 3438//6488
f 3368//6489 3438//6489 3369//6489
f 3369//6490 3438//6490 3439//6490
f 3369//6491 3439//6491 3370//6491
f 3370//6492 3439//6492 3440//6492
f 3370//2342 3440//2342 3371//2342
f 3371//6493 3440//6493 3441//6493
f 3371//6494 3441//6494 3372//6494
f 3372//6495 3441//6495 3442//6495
f 3372//6496 3442//6496 3373//6496
f 3373//6497 3442//6497 3443//6497
f 3373//6498 3443//6498 3374//6498
f 3374//6499 3443//6499 3444//6499
f 3374//6500 3444//6500 3375//6500
f 3375//292 3444//292 3445//292
f 3375//6501 3445//6501 3376//6501
f 3376//6502 3445//6502 3446//6502
f 3376//6503 3446//6503 3377//6503
f 3377//6504 3446//6504 3447//6504
f 3377//6505 3447//6505 3378//6505
f 3378//6506 3447//6506 3448//6506
f 3378//6507 3448//6507 3379//6507
f 3379//6508 3448//6508 3449//6508
f 3379//6509 3449//6509 3380//6509
f 3380//6510 3449//6510 3450//6510
f 3380//6511 3450//6511 3381//6511
f 3381//6512 3450//6512 3451//6512
f 3381//6513 3451//6513 3382//6513
f 3382//6514 3451//6514 3452//6514
f 3382//6515 3452//6515 3383//6515
f 3383//6516 3452//6516 3453//6516
f 3383//6517 3453//6517 3384//6517
f 3384//6518 3453//6518 3454//6518
f 3384//6519 3454//6519 3385//6519
f 3385//6520 3454//6520 3455//6520
f 3385//6521 3455//6521 3386//6521
f 3386//6522 3455//6522 3456//6522
f 3386//6523 3456//6523 3387//6523
f 3387//6524 3456//6524 3457//6524
f 3387//6525 3457//6525 3388//6525
f 3388//6526 3457//6526 3458//6526
f 3388//6527 3458//6527 3389//6527
f 3389//6528 3458//6528 3459//6528
f 3389//6529 3459//6529 3390//6529
f 3390//6530 3459//6530 3460//6530
f 3390//6531 3460//6531 3391//6531
f 3391//6532 3460//6532 3461//6532
f 3391//6533 3461//6533 3392//6533
f 3392//2173 3461//2173 3462//2173
f 3392//6534 3462//6534 3393//6534
f 3393//6535 3462//6535 3463//6535
f 3393//6536 3463//6536 3394//6536
f 3394//2649 3463//2649 3464//2649
f 3394//6537 3464//6537 3395//6537
f 3395//6538 3464//6538 3465//6538
f 3395//6539 3465//6539 3396//6539
f 3396//6540 3465//6540 3466//6540
f 3396//6541 3466//6541 3397//6541
f 3397//6542 3466//6542 3467//6542
f 3397//6543 3467//6543 3398//6543
f 3398//573 3467//573 3468//573
f 3398//6544 3468//6544 3399//6544
f 3399//6545 3468//6545 3469//6545
f 3399//6546 3469//6546 3400//6546
f 3400//6547 3469//6547 3470//6547
f 3400//6548 3470//6548 3401//6548
f 3401//6549 3470//6549 3471//6549
f 3401//6550 3471//6550 3402//6550
f 3402//2111 3471//2111 3472//2111
f 3402//6551 3472//6551 3403//6551
f 3403//6552 3472//6552 3473//6552
f 3403//6553 3473//6553 3404//6553
f 3404//6554 3473//6554 3474//6554
f 3404//6555 3474//6555 3405//6555
f 3405//6556 3474//6556 3475//6556
f 3405//6557 3475//6557 3406//6557
f 3406//6558 3475//6558 3476//6558
f 3406//6559 3476//6559 3407//6559
f 3407//6560 3476//6560 3477//6560
f 3407//6561 3477//6561 3408//6561
f 3408//6562 3477//6562 3478//6562
f 3408//6563 3478//6563 3409//6563
f 3409//6564 3478//6564 3479//6564
f 3409//6565 3479//6565 3410//6565
f 3410//2514 3479//2514 3480//2514
f 3410//6566 3480//6566 3411//6566
f 3411//6567 3480//6567 3481//6567
f 3411//6568 3481//6568 3412//6568
f 3412//6569 3481//6569 3482//6569
f 3412//6570 3482//6570 3413//6570
f 3413//6571 3482//6571 3483//6571
f 3413//6572 3483//6572 3414//6572
f 3414//6573 3483//6573 3484//6573
f 3414//6574 3484//6574 3415//6574
f 3415//6575 3484//6575 3485//6575
f 3415//6576 3485//6576 3416//6576
f 3416//6577 3485//6577 3486//6577
f 3416//6578 3486//6578 3417//6578
f 3417//6579 3486//6579 3487//6579
f 3417//6580 3487//6580 3418//6580
f 3418//6581 3487//6581 3488//6581
f 3418//6582 3488//6582 3419//6582
f 3419//6583 3488//6583 3489//6583
f 3419//6584 3489//6584 3420//6584
f 3420//6585 3489//6585 3490//6585
f 3420//6586 3490//6586 3421//6586
f 3421//6587 3490//6587 3491//6587
f 3421//6588 3491//6588 3422//6588
f 3422//6589 3491//6589 3492//6589
f 3422//2812 3492//2812 3423//2812
f 3423//6590 3492//6590 3493//6590
f 3423//6591 3493//6591 3424//6591
f 3424//6592 3493//6592 3494//6592
f 3424//6593 3494//6593 3425//6593
f 3425//6594 3494//6594 3495//6594
f 3425//6595 3495//6595 3426//6595
f 3426//1005 3495//1005 3496//1005
f 3426//6596 3496//6596 3427//6596
f 3427//6597 3496//6597 3497//6597
f 3427//6598 3497//6598 3428//6598
f 3428//6599 3497//6599 3498//6599
f 3428//6600 3498//6600 3429//6600
f 3429//3363 3498//3363 3499//3363
f 3429//6601 3499//6601 3430//6601
f 3430//6602 3499//6602 3500//6602
f 3431//6603 3501//6603 3432//6603
f 3432//6604 3501//6604 3502//6604
f 3432//6058 3502//6058 3433//6058
f 3433//6605 3502//6605 3503//6605
f 3433//6606 3503//6606 3434//6606
f 3434//6607 3503//6607 3504//6607
f 3434//6608 3504//6608 3435//6608
f 3435//6609 3504//6609 3505//6609
f 3435//6610 3505//6610 3436//6610
f 3436//6611 3505//6611 3506//6611
f 3436//6612 3506//6612 3437//6612
f 3437//6613 3506//6613 3507//6613
f 3437//6614 3507//6614 3438//6614
f 3438//6615 3507//6615 3508//6615
f 3438//6616 3508//6616 3439//6616
f 3439//6617 3508//6617 3509//6617
f 3439//6618 3509//6618 3440//6618
f 3440//6619 3509//6619 3510//6619
f 3440//6620 3510//6620 3441//6620
f 3441//6621 3510//6621 3511//6621
f 3441//6622 3511//6622 3442//6622
f 3442//6623 3511//6623 3512//6623
f 3442//6624 3512//6624 3443//6624
f 3443//6625 3512//6625 3513//6625
f 3443//6626 3513//6626 3444//6626
f 3444//6627 3513//6627 3514//6627
f 3444//6628 3514//6628 3445//6628
f 3445//6629 3514//6629 3515//6629
f 3445//6630 3515//6630 3446//6630
f 3446//6631 3515//6631 3516//6631
f 3446//6632 3516//6632 3447//6632
f 3447//6633 3516//6633 3517//6633
f 3447//6634 3517//6634 3448//6634
f 3448//6635 3517//6635 3518//6635
f 3448//6636 3518//6636 3449//6636
f 3449//6637 3518//6637 3519//6637
f 3449//6638 3519//6638 3450//6638
f 3450//6639 3519//6639 3520//6639
f 3450//6640 3520//6640 3451//6640
f 3451//6641 3520//6641 3521//6641
f 3451//6642 3521//6642 3452//6642
f 3452//6643 3521//6643 3522//6643
f 3452//6644 3522//6644 3453//6644
f 3453//29 3522//29 3523//29
f 3453//6645 3523//6645 3454//6645
f 3454//6646 3523//6646 3524//6646
f 3454//6647 3524//6647 3455//6647
f 3455//6648 3524//6648 3525//6648
f 3455//6649 3525//6649 3456//6649
f 3456//6650 3525//6650 3526//6650
f 3456//6651 3526//6651 3457//6651
f 3457//6652 3526//6652 3527//6652
f 3457//6653 3527//6653 3458//6653
f 3458//6654 3527//6654 3528//6654
f 3458//6655 3528//6655 3459//6655
f 3459//1696 3528//1696 3529//1696
f 3459//6656 3529//6656 3460//6656
f 3460//6657 3529//6657 3530//6657
f 3460//6658 3530//6658 3461//6658
f 3461//6659 3530//6659 3531//6659
f 3461//6660 3531//6660 3462//6660
f 3462//6661 3531//6661 3532//6661
f 3462//6662 3532//6662 3463//6662
f 3463//6663 3532//6663 3533//6663
f 3463//6664 3533//6664 3464//6664
f 3464//6665 3533//6665 3534//6665
f 3464//6666 3534//6666 3465//6666
f 3465//6667 3534//6667 3535//6667
f 3465//6668 3535//6668 3466//6668
f 3466//6669 3535//6669 3536//6669
f 3466//6670 3536//6670 3467//6670
f 3467//6671 3536//6671 3537//6671
f 3467//6672 3537//6672 3468//6672
f 3468//6673 3537//6673 3538//6673
f 3468//6674 3538//6674 3469//6674
f 3469//6675 3538//6675 3539//6675
f 3469//6676 3539//6676 3470//6676
f 3470//6677 3539//6677 3540//6677
f 3470//6678 3540//6678 3471//6678
f 3471//6679 3540//6679 3541//6679
f 3471//6076 3541//6076 3472//6076
f 3472//6680 3541//6680 3542//6680
f 3472//6681 3542//6681 3473//6681
f 3473//6682 3542//6682 3543//6682
f 3473//6683 3543//6683 3474//6683
f 3474//6684 3543//6684 3544//6684
f 3474//6685 3544//6685 3475//6685
f 3475//6686 3544//6686 3545//6686
f 3475//6687 3545//6687 3476//6687
f 3476//6688 3545//6688 3546//6688
f 3476//6689 3546//6689 3477//6689
f 3477//6690 3546//6690 3547//6690
f 3477//6691 3547//6691 3478//6691
f 3478//6692 3547//6692 3548//6692
f 3478//6693 3548//6693 3479//6693
f 3479//6694 3548//6694 3549//6694
f 3479//6695 3549//6695 3480//6695
f 3480//6696 3549//6696 3550//6696
f 3480//6697 3550//6697 3481//6697
f 3481//6698 3550//6698 3551//6698
f 3481//6699 3551//6699 3482//6699
f 3482//6700 3551//6700 3552//6700
f 3482//6701 3552//6701 3483//6701
f 3483//6702 3552//6702 3553//6702
f 3483//6703 3553//6703 3484//6703
f 3484//6704 3553//6704 3554//6704
f 3484//6705 3554//6705 3485//6705
f 3485//6691 3554//6691 3555//6691
f 3485//6706 3555//6706 3486//6706
f 3486//6707 3555//6707 3556//6707
f 3486//6708 3556//6708 3487//6708
f 3487//6709 3556//6709 3557//6709
f 3487//6710 3557//6710 3488//6710
f 3488//6711 3557//6711 3558//6711
f 3488//6712 3558//6712 3489//6712
f 3489//6713 3558//6713 3559//6713
f 3489//6714 3559//6714 3490//6714
f 3490//6715 3559//6715 3560//6715
f 3490//6716 3560//6716 3491//6716
f 3491//199 3560//199 3561//199
f 3491//6717 3561//6717 3492//6717
f 3492//6718 3561//6718 3562//6718
f 3492//6719 3562//6719 3493//6719
f 3493//6720 3562//6720 3563//6720
f 3493//6721 3563//6721 3494//6721
f 3494//6722 3563//6722 3564//6722
f 3494//6723 3564//6723 3495//6723
f 3495//6724 3564//6724 3565//6724
f 3495//6725 3565//6725 3496//6725
f 3496//6726 3565//6726 3566//6726
f 3496//4076 3566//4076 3497//4076
f 3497//6727 3566//6727 3567//6727
f 3497//6728 3567//6728 3498//6728
f 3498//6729 3567//6729 3568//6729
f 3498//6730 3568//6730 3499//6730
f 3499//6731 3568//6731 3569//6731
f 3499//6732 3569//6732 3500//6732
f 3500//6733 3569//6733 3570//6733
f 3501//6734 3571//6734 3502//6734
f 3502//6735 3571//6735 3572//6735
f 3502//6735 3572//6735 3503//6735
f 3503//6736 3572//6736 3573//6736
f 3503//6737 3573//6737 3504//6737
f 3504//6738 3573//6738 3574//6738
f 3504//6739 3574//6739 3505//6739
f 3505//6740 3574//6740 3575//6740
f 3505//6741 3575//6741 3506//6741
f 3506//6742 3575//6742 3576//6742
f 3506//6743 3576//6743 3507//6743
f 3507//6744 3576//6744 3577//6744
f 3507//6745 3577//6745 3508//6745
f 3508//6746 3577//6746 3578//6746
f 3508//6747 3578//6747 3509//6747
f 3509//6748 3578//6748 3579//6748
f 3509//6749 3579//6749 3510//6749
f 3510//6750 3579//6750 3580//6750
f 3510//6751 3580//6751 3511//6751
f 3511//6752 3580//6752 3581//6752
f 3511//6753 3581//6753 3512//6753
f 3512//6754 3581//6754 3582//6754
f 3512//6755 3582//6755 3513//6755
f 3513//6756 3582//6756 3583//6756
f 3513//6757 3583//6757 3514//6757
f 3514//6758 3583//6758 3584//6758
f 3514//6759 3584//6759 3515//6759
f 3515//6760 3584//6760 3585//6760
f 3515//6761 3585//6761 3516//6761
f 3516//6762 3585//6762 3586//6762
f 3516//6763 3586//6763 3517//6763
f 3517//6764 3586//6764 3587//6764
f 3517//6765 3587//6765 3518//6765
f 3518//6766 3587//6766 3588//6766
f 3518//6767 3588//6767 3519//6767
f 3519//6768 3588//6768 3589//6768
f 3519//6769 3589//6769 3520//6769
f 3520//6770 3589//6770 3590//6770
f 3520//6771 3590//6771 3521//6771
f 3521//6772 3590//6772 3591//6772
f 3521//6773 3591//6773 3522//6773
f 3522//2993 3591//2993 3592//2993
f 3522//6774 3592//6774 3523//6774
f 3523//6775 3592//6775 3593//6775
f 3523//6776 3593//6776 3524//6776
f 3524//6777 3593//6777 3594//6777
f 3524//6778 3594//6778 3525//6778
f 3525//6779 3594//6779 3595//6779
f 3525//6780 3595//6780 3526//6780
f 3526//6781 3595//6781 3596//6781
f 3526//6782 3596//6782 3527//6782
f 3527//6783 3596//6783 3597//6783
f 3527//6784 3597//6784 3528//6784
f 3528//6785 3597//6785 3598//6785
f 3528//6786 3598//6786 3529//6786
f 3529//6787 3598//6787 3599//6787
f 3529//6788 3599//6788 3530//6788
f 3530//6789 3599//6789 3600//6789
f 3530//6790 3600//6790 3531//6790
f 3531//6791 3600//6791 3601//6791
f 3531//4591 3601//4591 3532//4591
f 3532//888 3601//888 3602//888
f 3532//6792 3602//6792 3533//6792
f 3533//1604 3602//1604 3603//1604
f 3533//6793 3603//6793 3534//6793
f 3534//6794 3603//6794 3604//6794
f 3534//6795 3604//6795 3535//6795
f 3535//6796 3604//6796 3605//6796
f 3535//6797 3605//6797 3536//6797
f 3536//6798 3605//6798 3606//6798
f 3536//6799 3606//6799 3537//6799
f 3537//6800 3606//6800 3607//6800
f 3537//6801 3607//6801 3538//6801
f 3538//6802 3607//6802 3608//6802
f 3538//6803 3608//6803 3539//6803
f 3539//6804 3608//6804 3609//6804
f 3539//3037 3609//3037 3540//3037
f 3540//6805 3609//6805 3610//6805
f 3540//6806 3610//6806 3541//6806
f 3541//6807 3610//6807 3611//6807
f 3541//6808 3611//6808 3542//6808
f 3542//6809 3611//6809 3612//6809
f 3542//6810 3612//6810 3543//6810
f 3543//6811 3612//6811 3613//6811
f 3543//6812 3613//6812 3544//6812
f 3544//6813 3613//6813 3614//6813
f 3544//6814 3614//6814 3545//6814
f 3545//6815 3614//6815 3615//6815
f 3545//6816 3615//6816 3546//6816
f 3546//6817 3615//6817 3616//6817
f 3546//6818 3616//6818 3547//6818
f 3547//6819 3616//6819 3617//6819
f 3547//6820 3617//6820 3548//6820
f 3548//6821 3617//6821 3618//6821
f 3548//6822 3618//6822 3549//6822
f 3549//6823 3618//6823 3619//6823
f 3549//6824 3619//6824 3550//6824
f 3550//6825 3619//6825 3620//6825
f 3550//6826 3620//6826 3551//6826
f 3551//6827 3620//6827 3621//6827
f 3551//6828 3621//6828 3552//6828
f 3552//6829 3621//6829 3622//6829
f 3552//6830 3622//6830 3553//6830
f 3553//6831 3622//6831 3623//6831
f 3553//6832 3623//6832 3554//6832
f 3554//6833 3623//6833 3624//6833
f 3554//4629 3624//4629 3555//4629
f 3555//6834 3624//6834 3625//6834
f 3555//6835 3625//6835 3556//6835
f 3556//6836 3625//6836 3626//6836
f 3556//6837 3626//6837 3557//6837
f 3557//6838 3626//6838 3627//6838
f 3557//6839 3627//6839 3558//6839
f 3558//6840 3627//6840 3628//6840
f 3558//6063 3628//6063 3559//6063
f 3559//6841 3628//6841 3629//6841
f 3559//6842 3629//6842 3560//6842
f 3560//6843 3629//6843 3630//6843
f 3560//6844 3630//6844 3561//6844
f 3561//6845 3630//6845 3631//6845
f 3561//6846 3631//6846 3562//6846
f 3562//6847 3631//6847 3632//6847
f 3562//6848 3632//6848 3563//6848
f 3563//6849 3632//6849 3633//6849
f 3563//6850 3633//6850 3564//6850
f 3564//6851 3633//6851 3634//6851
f 3564//6852 3634//6852 3565//6852
f 3565//6853 3634//6853 3635//6853
f 3565//6854 3635//6854 3566//6854
f 3566//6855 3635//6855 3636//6855
f 3566//6856 3636//6856 3567//6856
f 3567//6857 3636//6857 3637//6857
f 3567//6858 3637//6858 3568//6858
f 3568//6859 3637//6859 3638//6859
f 3568//6860 3638//6860 3569//6860
f 3569//6861 3638//6861 3639//6861
f 3569//6862 3639//6862 3570//6862
f 3570//6863 3639//6863 3640//6863
f 3571//6864 3641//6864 3572//6864
f 3572//6865 3641//6865 3642//6865
f 3572//6866 3642//6866 3573//6866
f 3573//6867 3642//6867 3643//6867
f 3573//6868 3643//6868 3574//6868
f 3574//6869 3643//6869 3644//6869
f 3574//6870 3644//6870 3575//6870
f 3575//6871 3644//6871 3645//6871
f 3575//6872 3645//6872 3576//6872
f 3576//6873 3645//6873 3646//6873
f 3576//6874 3646//6874 3577//6874
f 3577//6875 3646//6875 3647//6875
f 3577//6876 3647//6876 3578//6876
f 3578//6877 3647//6877 3648//6877
f 3578//6878 3648//6878 3579//6878
f 3579//6879 3648//6879 3649//6879
f 3579//6880 3649//6880 3580//6880
f 3580//6881 3649//6881 3650//6881
f 3580//6882 3650//6882 3581//6882
f 3581//3292 3650//3292 3651//3292
f 3581//6883 3651//6883 3582//6883
f 3582//6884 3651//6884 3652//6884
f 3582//6885 3652//6885 3583//6885
f 3583//2566 3652//2566 3653//2566
f 3583//6886 3653//6886 3584//6886
f 3584//6887 3653//6887 3654//6887
f 3584//1765 3654//1765 3585//1765
f 3585//6888 3654//6888 3655//6888
f 3585//6889 3655//6889 3586//6889
f 3586//6890 3655//6890 3656//6890
f 3586//6891 3656//6891 3587//6891
f 3587//6892 3656//6892 3657//6892
f 3587//6893 3657//6893 3588//6893
f 3588//6894 3657//6894 3658//6894
f 3588//6895 3658//6895 3589//6895
f 3589//6896 3658//6896 3659//6896
f 3589//6897 3659//6897 3590//6897
f 3590//6898 3659//6898 3660//6898
f 3590//6899 3660//6899 3591//6899
f 3591//6900 3660//6900 3661//6900
f 3591//6901 3661//6901 3592//6901
f 3592//6902 3661//6902 3662//6902
f 3592//6903 3662//6903 3593//6903
f 3593//6904 3662//6904 3663//6904
f 3593//1987 3663//1987 3594//1987
f 3594//6905 3663//6905 3664//6905
f 3594//6906 3664//6906 3595//6906
f 3595//6906 3664//6906 3665//6906
f 3595//6907 3665//6907 3596//6907
f 3596//6908 3665//6908 3666//6908
f 3596//6909 3666//6909 3597//6909
f 3597//6910 3666//6910 3667//6910
f 3597//2962 3667//2962 3598//2962
f 3598//6911 3667//6911 3668//6911
f 3598//6912 3668//6912 3599//6912
f 3599//6913 3668//6913 3669//6913
f 3599//6914 3669//6914 3600//6914
f 3600//6915 3669//6915 3670//6915
f 3600//6916 3670//6916 3601//6916
f 3601//6917 3670//6917 3671//6917
f 3601//6918 3671//6918 3602//6918
f 3602//6919 3671//6919 3672//6919
f 3602//6920 3672//6920 3603//6920
f 3603//6921 3672//6921 3673//6921
f 3603//6922 3673//6922 3604//6922
f 3604//6923 3673//6923 3674//6923
f 3604//6924 3674//6924 3605//6924
f 3605//6517 3674//6517 3675//6517
f 3605//6925 3675//6925 3606//6925
f 3606//6926 3675//6926 3676//6926
f 3606//6927 3676//6927 3607//6927
f 3607//799 3676//799 3677//799
f 3607//1071 3677//1071 3608//1071
f 3608//6928 3677//6928 3678//6928
f 3608//6929 3678//6929 3609//6929
f 3609//6930 3678//6930 3679//6930
f 3609//6931 3679//6931 3610//6931
f 3610//6932 3679//6932 3680//6932
f 3610//6933 3680//6933 3611//6933
f 3611//6934 3680//6934 3681//6934
f 3611//6935 3681//6935 3612//6935
f 3612//6936 3681//6936 3682//6936
f 3612//6937 3682//6937 3613//6937
f 3613//6938 3682//6938 3683//6938
f 3613//6939 3683//6939 3614//6939
f 3614//6940 3683//6940 3684//6940
f 3614//2575 3684//2575 3615//2575
f 3615//6941 3684//6941 3685//6941
f 3615//6942 3685//6942 3616//6942
f 3616//6943 3685//6943 3686//6943
f 3616//6944 3686//6944 3617//6944
f 3617//6945 3686//6945 3687//6945
f 3617//6946 3687//6946 3618//6946
f 3618//6947 3687//6947 3688//6947
f 3618//6948 3688//6948 3619//6948
f 3619//6949 3688//6949 3689//6949
f 3619//6950 3689//6950 3620//6950
f 3620//6951 3689//6951 3690//6951
f 3620//6952 3690//6952 3621//6952
f 3621//6953 3690//6953 3691//6953
f 3621//6954 3691//6954 3622//6954
f 3622//6955 3691//6955 3692//6955
f 3622//1614 3692//1614 3623//1614
f 3623//6956 3692//6956 3693//6956
f 3623//6957 3693//6957 3624//6957
f 3624//6958 3693//6958 3694//6958
f 3624//6959 3694//6959 3625//6959
f 3625//6960 3694//6960 3695//6960
f 3625//6961 3695//6961 3626//6961
f 3626//6962 3695//6962 3696//6962
f 3626//6963 3696//6963 3627//6963
f 3627//6964 3696//6964 3697//6964
f 3627//6965 3697//6965 3628//6965
f 3628//6966 3697//6966 3698//6966
f 3628//6967 3698//6967 3629//6967
f 3629//6968 3698//6968 3699//6968
f 3629//6969 3699//6969 3630//6969
f 3630//6970 3699//6970 3700//6970
f 3630//6971 3700//6971 3631//6971
f 3631//6972 3700//6972 3701//6972
f 3631//6973 3701//6973 3632//6973
f 3632//6974 3701//6974 3702//6974
f 3632//6975 3702//6975 3633//6975
f 3633//6976 3702//6976 3703//6976
f 3633//6977 3703//6977 3634//6977
f 3634//6978 3703//6978 3704//6978
f 3634//57 3704//57 3635//57
f 3635//6979 3704//6979 3705//6979
f 3635//6980 3705//6980 3636//6980
f 3636//6981 3705//6981 3706//6981
f 3636//6982 3706//6982 3637//6982
f 3637//6983 3706//6983 3707//6983
f 3637//6984 3707//6984 3638//6984
f 3638//6985 3707//6985 3708//6985
f 3638//6986 3708//6986 3639//6986
f 3639//6987 3708//6987 3709//6987
f 3639//6988 3709//6988 3640//6988
f 3640//6989 3709//6989 3710//6989
f 3641//6990 3711//6990 3642//6990
f 3642//6991 3711//6991 3712//6991
f 3642//6992 3712//6992 3643//6992
f 3643//6993 3712//6993 3713//6993
f 3643//6994 3713//6994 3644//6994
f 3644//6995 3713//6995 3714//6995
f 3644//6996 3714//6996 3645//6996
f 3645//6997 3714//6997 3715//6997
f 3645//6998 3715//6998 3646//6998
f 3646//6999 3715//6999 3716//6999
f 3646//7000 3716//7000 3647//7000
f 3647//7001 3716//7001 3717//7001
f 3647//7002 3717//7002 3648//7002
f 3648//7003 3717//7003 3718//7003
f 3648//7004 3718//7004 3649//7004
f 3649//7005 3718//7005 3719//7005
f 3649//7006 3719//7006 3650//7006
f 3650//7007 3719//7007 3720//7007
f 3650//7008 3720//7008 3651//7008
f 3651//7009 3720//7009 3721//7009
f 3651//7010 3721//7010 3652//7010
f 3652//7011 3721//7011 3722//7011
f 3652//7012 3722//7012 3653//7012
f 3653//7013 3722//7013 3723//7013
f 3653//7014 3723//7014 3654//7014
f 3654//7015 3723//7015 3724//7015
f 3654//7016 3724//7016 3655//7016
f 3655//7017 3724//7017 3725//7017
f 3655//7018 3725//7018 3656//7018
f 3656//7019 3725//7019 3726//7019
f 3656//7020 3726//7020 3657//7020
f 3657//7021 3726//7021 3727//7021
f 3657//7022 3727//7022 3658//7022
f 3658//7023 3727//7023 3728//7023
f 3658//7024 3728//7024 3659//7024
f 3659//7025 3728//7025 3729//7025
f 3659//7026 3729//7026 3660//7026
f 3660//7027 3729//7027 3730//7027
f 3660//7028 3730//7028 3661//7028
f 3661//7029 3730//7029 3731//7029
f 3661//7030 3731//7030 3662//7030
f 3662//7031 3731//7031 3732//7031
f 3662//7032 3732//7032 3663//7032
f 3663//7033 3732//7033 3733//7033
f 3663//7034 3733//7034 3664//7034
f 3664//7035 3733//7035 3734//7035
f 3664//7036 3734//7036 3665//7036
f 3665//7037 3734//7037 3735//7037
f 3665//7038 3735//7038 3666//7038
f 3666//7039 3735//7039 3736//7039
f 3666//5110 3736//5110 3667//5110
f 3667//7040 3736//7040 3737//7040
f 3667//7041 3737//7041 3668//7041
f 3668//7042 3737//7042 3738//7042
f 3668//7043 3738//7043 3669//7043
f 3669//7044 3738//7044 3739//7044
f 3669//7045 3739//7045 3670//7045
f 3670//7046 3739//7046 3740//7046
f 3670//7047 3740//7047 3671//7047
f 3671//7048 3740//7048 3741//7048
f 3671//7049 3741//7049 3672//7049
f 3672//7050 3741//7050 3742//7050
f 3672//7051 3742//7051 3673//7051
f 3673//7052 3742//7052 3743//7052
f 3673//7053 3743//7053 3674//7053
f 3674//7054 3743//7054 3744//7054
f 3674//7055 3744//7055 3675//7055
f 3675//7056 3744//7056 3745//7056
f 3675//7057 3745//7057 3676//7057
f 3676//7058 3745//7058 3746//7058
f 3676//7059 3746//7059 3677//7059
f 3677//7060 3746//7060 3747//7060
f 3677//7061 3747//7061 3678//7061
f 3678//7062 3747//7062 3748//7062
f 3678//7063 3748//7063 3679//7063
f 3679//519 3748//519 3749//519
f 3679//7064 3749//7064 3680//7064
f 3680//92 3749//92 3750//92
f 3680//7065 3750//7065 3681//7065
f 3681//7066 3750//7066 3751//7066
f 3681//809 3751//809 3682//809
f 3682//7067 3751//7067 3752//7067
f 3682//7068 3752//7068 3683//7068
f 3683//7069 3752//7069 3753//7069
f 3683//7070 3753//7070 3684//7070
f 3684//3665 3753//3665 3754//3665
f 3684//7071 3754//7071 3685//7071
f 3685//7072 3754//7072 3755//7072
f 3685//7073 3755//7073 3686//7073
f 3686//7074 3755//7074 3756//7074
f 3686//7075 3756//7075 3687//7075
f 3687//7076 3756//7076 3757//7076
f 3687//7077 3757//7077 3688//7077
f 3688//7078 3757//7078 3758//7078
f 3688//7079 3758//7079 3689//7079
f 3689//7080 3758//7080 3759//7080
f 3689//7081 3759//7081 3690//7081
f 3690//7082 3759//7082 3760//7082
f 3690//7083 3760//7083 3691//7083
f 3691//7084 3760//7084 3761//7084
f 3691//7085 3761//7085 3692//7085
f 3692//7086 3761//7086 3762//7086
f 3692//7087 3762//7087 3693//7087
f 3693//7088 3762//7088 3763//7088
f 3693//7089 3763//7089 3694//7089
f 3694//140 3763//140 3764//140
f 3694//7090 3764//7090 3695//7090
f 3695//7091 3764//7091 3765//7091
f 3695//7092 3765//7092 3696//7092
f 3696//7093 3765//7093 3766//7093
f 3696//7094 3766//7094 3697//7094
f 3697//3377 3766//3377 3767//3377
f 3697//7095 3767//7095 3698//7095
f 3698//7096 3767//7096 3768//7096
f 3698//7097 3768//7097 3699//7097
f 3699//7098 3768//7098 3769//7098
f 3699//7099 3769//7099 3700//7099
f 3700//7100 3769//7100 3770//7100
f 3700//7101 3770//7101 3701//7101
f 3701//7102 3770//7102 3771//7102
f 3701//7103 3771//7103 3702//7103
f 3702//7104 3771//7104 3772//7104
f 3702//7105 3772//7105 3703//7105
f 3703//3509 3772//3509 3773//3509
f 3703//7106 3773//7106 3704//7106
f 3704//7107 3773//7107 3774//7107
f 3704//7108 3774//7108 3705//7108
f 3705//7109 3774//7109 3775//7109
f 3705//7110 3775//7110 3706//7110
f 3706//7111 3775//7111 3776//7111
f 3706//7112 3776//7112 3707//7112
f 3707//7113 3776//7113 3777//7113
f 3707//7114 3777//7114 3708//7114
f 3708//7115 3777//7115 3778//7115
f 3708//7116 3778//7116 3709//7116
f 3709//7117 3778//7117 3779//7117
f 3709//7118 3779//7118 3710//7118
f 3710//7119 3779//7119 3780//7119
f 3711//7120 3781//7120 3712//7120
f 3712//7121 3781//7121 3782//7121
f 3712//7122 3782//7122 3713//7122
f 3713//7123 3782//7123 3783//7123
f 3713//7124 3783//7124 3714//7124
f 3714//7125 3783//7125 3784//7125
f 3714//7126 3784//7126 3715//7126
f 3715//7127 3784//7127 3785//7127
f 3715//7128 3785//7128 3716//7128
f 3716//7129 3785//7129 3786//7129
f 3716//7130 3786//7130 3717//7130
f 3717//7131 3786//7131 3787//7131
f 3717//7132 3787//7132 3718//7132
f 3718//7133 3787//7133 3788//7133
f 3718//7134 3788//7134 3719//7134
f 3719//7135 3788//7135 3789//7135
f 3719//7136 3789//7136 3720//7136
f 3720//7137 3789//7137 3790//7137
f 3720//7138 3790//7138 3721//7138
f 3721//7139 3790//7139 3791//7139
f 3721//3695 3791//3695 3722//3695
f 3722//7140 3791//7140 3792//7140
f 3722//7141 3792//7141 3723//7141
f 3723//7142 3792//7142 3793//7142
f 3723//7143 3793//7143 3724//7143
f 3724//7144 3793//7144 3794//7144
f 3724//7145 3794//7145 3725//7145
f 3725//7146 3794//7146 3795//7146
f 3725//4212 3795//4212 3726//4212
f 3726//7147 3795//7147 3796//7147
f 3726//7148 3796//7148 3727//7148
f 3727//7149 3796//7149 3797//7149
f 3727//7150 3797//7150 3728//7150
f 3728//7151 3797//7151 3798//7151
f 3728//7152 3798//7152 3729//7152
f 3729//7153 3798//7153 3799//7153
f 3729//7154 3799//7154 3730//7154
f 3730//7155 3799//7155 3800//7155
f 3730//7069 3800//7069 3731//7069
f 3731//7156 3800//7156 3801//7156
f 3731//7157 3801//7157 3732//7157
f 3732//7158 3801//7158 3802//7158
f 3732//7159 3802//7159 3733//7159
f 3733//7160 3802//7160 3803//7160
f 3733//7161 3803//7161 3734//7161
f 3734//7162 3803//7162 3804//7162
f 3734//7163 3804//7163 3735//7163
f 3735//7164 3804//7164 3805//7164
f 3735//7165 3805//7165 3736//7165
f 3736//7166 3805//7166 3806//7166
f 3736//7167 3806//7167 3737//7167
f 3737//7168 3806//7168 3807//7168
f 3737//7169 3807//7169 3738//7169
f 3738//7170 3807//7170 3808//7170
f 3738//7171 3808//7171 3739//7171
f 3739//7172 3808//7172 3809//7172
f 3739//7173 3809//7173 3740//7173
f 3740//7174 3809//7174 3810//7174
f 3740//7175 3810//7175 3741//7175
f 3741//7176 3810//7176 3811//7176
f 3741//278 3811//278 3742//278
f 3742//7177 3811//7177 3812//7177
f 3742//7178 3812//7178 3743//7178
f 3743//7179 3812//7179 3813//7179
f 3743//7180 3813//7180 3744//7180
f 3744//7181 3813//7181 3814//7181
f 3744//7182 3814//7182 3745//7182
f 3745//7183 3814//7183 3815//7183
f 3745//7184 3815//7184 3746//7184
f 3746//7185 3815//7185 3816//7185
f 3746//7186 3816//7186 3747//7186
f 3747//7187 3816//7187 3817//7187
f 3747//2040 3817//2040 3748//2040
f 3748//7188 3817//7188 3818//7188
f 3748//7188 3818//7188 3749//7188
f 3749//7189 3818//7189 3819//7189
f 3749//7190 3819//7190 3750//7190
f 3750//7191 3819//7191 3820//7191
f 3750//1866 3820//1866 3751//1866
f 3751//7192 3820//7192 3821//7192
f 3751//7193 3821//7193 3752//7193
f 3752//7194 3821//7194 3822//7194
f 3752//7195 3822//7195 3753//7195
f 3753//7196 3822//7196 3823//7196
f 3753//7197 3823//7197 3754//7197
f 3754//7198 3823//7198 3824//7198
f 3754//7199 3824//7199 3755//7199
f 3755//1290 3824//1290 3825//1290
f 3755//7200 3825//7200 3756//7200
f 3756//2616 3825//2616 3826//2616
f 3756//7201 3826//7201 3757//7201
f 3757//7202 3826//7202 3827//7202
f 3757//7203 3827//7203 3758//7203
f 3758//7204 3827//7204 3828//7204
f 3758//7205 3828//7205 3759//7205
f 3759//7206 3828//7206 3829//7206
f 3759//7207 3829//7207 3760//7207
f 3760//3101 3829//3101 3830//3101
f 3760//7208 3830//7208 3761//7208
f 3761//7209 3830//7209 3831//7209
f 3761//7210 3831//7210 3762//7210
f 3762//7211 3831//7211 3832//7211
f 3762//7212 3832//7212 3763//7212
f 3763//7213 3832//7213 3833//7213
f 3763//7214 3833//7214 3764//7214
f 3764//7215 3833//7215 3834//7215
f 3764//7091 3834//7091 3765//7091
f 3765//7216 3834//7216 3835//7216
f 3765//7217 3835//7217 3766//7217
f 3766//7218 3835//7218 3836//7218
f 3766//7219 3836//7219 3767//7219
f 3767//7220 3836//7220 3837//7220
f 3767//7221 3837//7221 3768//7221
f 3768//1281 3837//1281 3838//1281
f 3768//7222 3838//7222 3769//7222
f 3769//7223 3838//7223 3839//7223
f 3769//7224 3839//7224 3770//7224
f 3770//7225 3839//7225 3840//7225
f 3770//2040 3840//2040 3771//2040
f 3771//7226 3840//7226 3841//7226
f 3771//7227 3841//7227 3772//7227
f 3772//7228 3841//7228 3842//7228
f 3772//7229 3842//7229 3773//7229
f 3773//7230 3842//7230 3843//7230
f 3773//7231 3843//7231 3774//7231
f 3774//7232 3843//7232 3844//7232
f 3774//7233 3844//7233 3775//7233
f 3775//7234 3844//7234 3845//7234
f 3775//7235 3845//7235 3776//7235
f 3776//7236 3845//7236 3846//7236
f 3776//4669 3846//4669 3777//4669
f 3777//7237 3846//7237 3847//7237
f 3777//7238 3847//7238 3778//7238
f 3778//7239 3847//7239 3848//7239
f 3778//7240 3848//7240 3779//7240
f 3779//7241 3848//7241 3849//7241
f 3779//7242 3849//7242 3780//7242
f 3780//7243 3849//7243 3850//7243
f 3781//7167 3851//7167 3782//7167
f 3782//7244 3851//7244 3852//7244
f 3782//7245 3852//7245 3783//7245
f 3783//7246 3852//7246 3853//7246
f 3783//7247 3853//7247 3784//7247
f 3784//7248 3853//7248 3854//7248
f 3784//7249 3854//7249 3785//7249
f 3785//7250 3854//7250 3855//7250
f 3785//7251 3855//7251 3786//7251
f 3786//7252 3855//7252 3856//7252
f 3786//7253 3856//7253 3787//7253
f 3787//7254 3856//7254 3857//7254
f 3787//7255 3857//7255 3788//7255
f 3788//7256 3857//7256 3858//7256
f 3788//7257 3858//7257 3789//7257
f 3789//7258 3858//7258 3859//7258
f 3789//7259 3859//7259 3790//7259
f 3790//7260 3859//7260 3860//7260
f 3790//7261 3860//7261 3791//7261
f 3791//7262 3860//7262 3861//7262
f 3791//7263 3861//7263 3792//7263
f 3792//7264 3861//7264 3862//7264
f 3792//7265 3862//7265 3793//7265
f 3793//7266 3862//7266 3863//7266
f 3793//7267 3863//7267 3794//7267
f 3794//7268 3863//7268 3864//7268
f 3794//7269 3864//7269 3795//7269
f 3795//7270 3864//7270 3865//7270
f 3795//7271 3865//7271 3796//7271
f 3796//7272 3865//7272 3866//7272
f 3796//7273 3866//7273 3797//7273
f 3797//7274 3866//7274 3867//7274
f 3797//7275 3867//7275 3798//7275
f 3798//7276 3867//7276 3868//7276
f 3798//7277 3868//7277 3799//7277
f 3799//7278 3868//7278 3869//7278
f 3799//7279 3869//7279 3800//7279
f 3800//7280 3869//7280 3870//7280
f 3800//7281 3870//7281 3801//7281
f 3801//7282 3870//7282 3871//7282
f 3801//7283 3871//7283 3802//7283
f 3802//7284 3871//7284 3872//7284
f 3802//7285 3872//7285 3803//7285
f 3803//7286 3872//7286 3873//7286
f 3803//7287 3873//7287 3804//7287
f 3804//7288 3873//7288 3874//7288
f 3804//7289 3874//7289 3805//7289
f 3805//7290 3874//7290 3875//7290
f 3805//7291 3875//7291 3806//7291
f 3806//7292 3875//7292 3876//7292
f 3806//7293 3876//7293 3807//7293
f 3807//7294 3876//7294 3877//7294
f 3807//7295 3877//7295 3808//7295
f 3808//7296 3877//7296 3878//7296
f 3808//7297 3878//7297 3809//7297
f 3809//100 3878//100 3879//100
f 3809//7298 3879//7298 3810//7298
f 3810//7299 3879//7299 3880//7299
f 3810//7300 3880//7300 3811//7300
f 3811//7301 3880//7301 3881//7301
f 3811//2932 3881//2932 3812//2932
f 3812//7302 3881//7302 3882//7302
f 3812//7303 3882//7303 3813//7303
f 3813//7304 3882//7304 3883//7304
f 3813//7305 3883//7305 3814//7305
f 3814//4070 3883//4070 3884//4070
f 3814//7306 3884//7306 3815//7306
f 3815//1962 3884//1962 3885//1962
f 3815//7307 3885//7307 3816//7307
f 3816//7308 3885//7308 3886//7308
f 3816//7309 3886//7309 3817//7309
f 3817//7310 3886//7310 3887//7310
f 3817//7311 3887//7311 3818//7311
f 3818//7312 3887//7312 3888//7312
f 3818//7313 3888//7313 3819//7313
f 3819//8 3888//8 3889//8
f 3819//7314 3889//7314 3820//7314
f 3820//1275 3889//1275 3890//1275
f 3820//7315 3890//7315 3821//7315
f 3821//7316 3890//7316 3891//7316
f 3821//7317 3891//7317 3822//7317
f 3822//7318 3891//7318 3892//7318
f 3822//7319 3892//7319 3823//7319
f 3823//7320 3892//7320 3893//7320
f 3823//7321 3893//7321 3824//7321
f 3824//7322 3893//7322 3894//7322
f 3824//7323 3894//7323 3825//7323
f 3825//7324 3894//7324 3895//7324
f 3825//7325 3895//7325 3826//7325
f 3826//7326 3895//7326 3896//7326
f 3826//7327 3896//7327 3827//7327
f 3827//7328 3896//7328 3897//7328
f 3827//7329 3897//7329 3828//7329
f 3828//5667 3897//5667 3898//5667
f 3828//7330 3898//7330 3829//7330
f 3829//7331 3898//7331 3899//7331
f 3829//2252 3899//2252 3830//2252
f 3830//7332 3899//7332 3900//7332
f 3830//7333 3900//7333 3831//7333
f 3831//7334 3900//7334 3901//7334
f 3831//7335 3901//7335 3832//7335
f 3832//7336 3901//7336 3902//7336
f 3832//7337 3902//7337 3833//7337
f 3833//7338 3902//7338 3903//7338
f 3833//7339 3903//7339 3834//7339
f 3834//7340 3903//7340 3904//7340
f 3834//6980 3904//6980 3835//6980
f 3835//7341 3904//7341 3905//7341
f 3835//7342 3905//7342 3836//7342
f 3836//7343 3905//7343 3906//7343
f 3836//7344 3906//7344 3837//7344
f 3837//7345 3906//7345 3907//7345
f 3837//7346 3907//7346 3838//7346
f 3838//7347 3907//7347 3908//7347
f 3838//7348 3908//7348 3839//7348
f 3839//7348 3908//7348 3909//7348
f 3839//7349 3909//7349 3840//7349
f 3840//7350 3909//7350 3910//7350
f 3840//7009 3910//7009 3841//7009
f 3841//7351 3910//7351 3911//7351
f 3841//7352 3911//7352 3842//7352
f 3842//7353 3911//7353 3912//7353
f 3842//7354 3912//7354 3843//7354
f 3843//7355 3912//7355 3913//7355
f 3843//7356 3913//7356 3844//7356
f 3844//7357 3913//7357 3914//7357
f 3844//6191 3914//6191 3845//6191
f 3845//7358 3914//7358 3915//7358
f 3845//7359 3915//7359 3846//7359
f 3846//7359 3915//7359 3916//7359
f 3846//7360 3916//7360 3847//7360
f 3847//7361 3916//7361 3917//7361
f 3847//2112 3917//2112 3848//2112
f 3848//7362 3917//7362 3918//7362
f 3848//7363 3918//7363 3849//7363
f 3849//7364 3918//7364 3919//7364
f 3849//7096 3919//7096 3850//7096
f 3850//7365 3919//7365 3920//7365
f 3851//7366 3921//7366 3852//7366
f 3852//7367 3921//7367 3922//7367
f 3852//7368 3922//7368 3853//7368
f 3853//7369 3922//7369 3923//7369
f 3853//7370 3923//7370 3854//7370
f 3854//1808 3923//1808 3924//1808
f 3854//7371 3924//7371 3855//7371
f 3855//7372 3924//7372 3925//7372
f 3855//7373 3925//7373 3856//7373
f 3856//7374 3925//7374 3926//7374
f 3856//7375 3926//7375 3857//7375
f 3857//7376 3926//7376 3927//7376
f 3857//7377 3927//7377 3858//7377
f 3858//7378 3927//7378 3928//7378
f 3858//7379 3928//7379 3859//7379
f 3859//7380 3928//7380 3929//7380
f 3859//7381 3929//7381 3860//7381
f 3860//7382 3929//7382 3930//7382
f 3860//7383 3930//7383 3861//7383
f 3861//7384 3930//7384 3931//7384
f 3861//7385 3931//7385 3862//7385
f 3862//7386 3931//7386 3932//7386
f 3862//7387 3932//7387 3863//7387
f 3863//7388 3932//7388 3933//7388
f 3863//7389 3933//7389 3864//7389
f 3864//7390 3933//7390 3934//7390
f 3864//7391 3934//7391 3865//7391
f 3865//7392 3934//7392 3935//7392
f 3865//7393 3935//7393 3866//7393
f 3866//7394 3935//7394 3936//7394
f 3866//7395 3936//7395 3867//7395
f 3867//7396 3936//7396 3937//7396
f 3867//7397 3937//7397 3868//7397
f 3868//7398 3937//7398 3938//7398
f 3868//7399 3938//7399 3869//7399
f 3869//7400 3938//7400 3939//7400
f 3869//7401 3939//7401 3870//7401
f 3870//7402 3939//7402 3940//7402
f 3870//7252 3940//7252 3871//7252
f 3871//7403 3940//7403 3941//7403
f 3871//7404 3941//7404 3872//7404
f 3872//7405 3941//7405 3942//7405
f 3872//3115 3942//3115 3873//3115
f 3873//7406 3942//7406 3943//7406
f 3873//7407 3943//7407 3874//7407
f 3874//7408 3943//7408 3944//7408
f 3874//7409 3944//7409 3875//7409
f 3875//7410 3944//7410 3945//7410
f 3875//7411 3945//7411 3876//7411
f 3876//7412 3945//7412 3946//7412
f 3876//7413 3946//7413 3877//7413
f 3877//3690 3946//3690 3947//3690
f 3877//6513 3947//6513 3878//6513
f 3878//7414 3947//7414 3948//7414
f 3878//7415 3948//7415 3879//7415
f 3879//7416 3948//7416 3949//7416
f 3879//7417 3949//7417 3880//7417
f 3880//7418 3949//7418 3950//7418
f 3880//7419 3950//7419 3881//7419
f 3881//7420 3950//7420 3951//7420
f 3881//7421 3951//7421 3882//7421
f 3882//7422 3951//7422 3952//7422
f 3882//7423 3952//7423 3883//7423
f 3883//2629 3952//2629 3953//2629
f 3883//7424 3953//7424 3884//7424
f 3884//7425 3953//7425 3954//7425
f 3884//7426 3954//7426 3885//7426
f 3885//7427 3954//7427 3955//7427
f 3885//7428 3955//7428 3886//7428
f 3886//7429 3955//7429 3956//7429
f 3886//7430 3956//7430 3887//7430
f 3887//7431 3956//7431 3957//7431
f 3887//7432 3957//7432 3888//7432
f 3888//7433 3957//7433 3958//7433
f 3888//7434 3958//7434 3889//7434
f 3889//7435 3958//7435 3959//7435
f 3889//7436 3959//7436 3890//7436
f 3890//7437 3959//7437 3960//7437
f 3890//7438 3960//7438 3891//7438
f 3891//7439 3960//7439 3961//7439
f 3891//7440 3961//7440 3892//7440
f 3892//7441 3961//7441 3962//7441
f 3892//7442 3962//7442 3893//7442
f 3893//7443 3962//7443 3963//7443
f 3893//7444 3963//7444 3894//7444
f 3894//7445 3963//7445 3964//7445
f 3894//7446 3964//7446 3895//7446
f 3895//7447 3964//7447 3965//7447
f 3895//7448 3965//7448 3896//7448
f 3896//7449 3965//7449 3966//7449
f 3896//7450 3966//7450 3897//7450
f 3897//7451 3966//7451 3967//7451
f 3897//7452 3967//7452 3898//7452
f 3898//7453 3967//7453 3968//7453
f 3898//7454 3968//7454 3899//7454
f 3899//7455 3968//7455 3969//7455
f 3899//7456 3969//7456 3900//7456
f 3900//7457 3969//7457 3970//7457
f 3900//7458 3970//7458 3901//7458
f 3901//7459 3970//7459 3971//7459
f 3901//7460 3971//7460 3902//7460
f 3902//7461 3971//7461 3972//7461
f 3902//7462 3972//7462 3903//7462
f 3903//7463 3972//7463 3973//7463
f 3903//7464 3973//7464 3904//7464
f 3904//9 3973//9 3974//9
f 3904//7465 3974//7465 3905//7465
f 3905//7466 3974//7466 3975//7466
f 3905//7467 3975//7467 3906//7467
f 3906//7468 3975//7468 3976//7468
f 3906//7469 3976//7469 3907//7469
f 3907//7470 3976//7470 3977//7470
f 3907//7471 3977//7471 3908//7471
f 3908//7472 3977//7472 3978//7472
f 3908//7473 3978//7473 3909//7473
f 3909//7474 3978//7474 3979//7474
f 3909//7475 3979//7475 3910//7475
f 3910//7476 3979//7476 3980//7476
f 3910//7477 3980//7477 3911//7477
f 3911//7478 3980//7478 3981//7478
f 3911//7479 3981//7479 3912//7479
f 3912//7480 3981//7480 3982//7480
f 3912//7481 3982//7481 3913//7481
f 3913//7482 3982//7482 3983//7482
f 3913//7483 3983//7483 3914//7483
f 3914//7484 3983//7484 3984//7484
f 3914//7485 3984//7485 3915//7485
f 3915//7486 3984//7486 3985//7486
f 3915//7487 3985//7487 3916//7487
f 3916//7488 3985//7488 3986//7488
f 3916//7489 3986//7489 3917//7489
f 3917//7490 3986//7490 3987//7490
f 3917//7491 3987//7491 3918//7491
f 3918//1865 3987//1865 3988//1865
f 3918//7492 3988//7492 3919//7492
f 3919//7493 3988//7493 3989//7493
f 3919//7494 3989//7494 3920//7494
f 3920//7495 3989//7495 3990//7495
f 3921//7496 3991//7496 3922//7496
f 3922//7497 3991//7497 3992//7497
f 3922//7498 3992//7498 3923//7498
f 3923//7499 3992//7499 3993//7499
f 3923//7500 3993//7500 3924//7500
f 3924//7501 3993//7501 3994//7501
f 3924//7502 3994//7502 3925//7502
f 3925//7503 3994//7503 3995//7503
f 3925//7504 3995//7504 3926//7504
f 3926//7505 3995//7505 3996//7505
f 3926//7506 3996//7506 3927//7506
f 3927//7507 3996//7507 3997//7507
f 3927//7508 3997//7508 3928//7508
f 3928//7509 3997//7509 3998//7509
f 3928//7510 3998//7510 3929//7510
f 3929//7511 3998//7511 3999//7511
f 3929//7512 3999//7512 3930//7512
f 3930//7513 3999//7513 4000//7513
f 3930//7514 4000//7514 3931//7514
f 3931//7515 4000//7515 4001//7515
f 3931//7516 4001//7516 3932//7516
f 3932//7517 4001//7517 4002//7517
f 3932//7518 4002//7518 3933//7518
f 3933//7519 4002//7519 4003//7519
f 3933//7520 4003//7520 3934//7520
f 3934//7521 4003//7521 4004//7521
f 3934//7522 4004//7522 3935//7522
f 3935//7523 4004//7523 4005//7523
f 3935//7524 4005//7524 3936//7524
f 3936//7525 4005//7525 4006//7525
f 3936//7526 4006//7526 3937//7526
f 3937//7527 4006//7527 4007//7527
f 3937//7528 4007//7528 3938//7528
f 3938//7529 4007//7529 4008//7529
f 3938//7530 4008//7530 3939//7530
f 3939//7531 4008//7531 4009//7531
f 3939//7532 4009//7532 3940//7532
f 3940//7533 4009//7533 4010//7533
f 3940//7534 4010//7534 3941//7534
f 3941//7535 4010//7535 4011//7535
f 3941//7536 4011//7536 3942//7536
f 3942//7537 4011//7537 4012//7537
f 3942//7538 4012//7538 3943//7538
f 3943//7539 4012//7539 4013//7539
f 3943//7540 4013//7540 3944//7540
f 3944//7541 4013//7541 4014//7541
f 3944//7542 4014//7542 3945//7542
f 3945//7543 4014//7543 4015//7543
f 3945//7544 4015//7544 3946//7544
f 3946//7545 4015//7545 4016//7545
f 3946//7546 4016//7546 3947//7546
f 3947//7547 4016//7547 4017//7547
f 3947//7547 4017//7547 3948//7547
f 3948//7548 4017//7548 4018//7548
f 3948//7549 4018//7549 3949//7549
f 3949//7550 4018//7550 4019//7550
f 3949//7551 4019//7551 3950//7551
f 3950//7552 4019//7552 4020//7552
f 3950//7553 4020//7553 3951//7553
f 3951//7554 4020//7554 4021//7554
f 3951//7555 4021//7555 3952//7555
f 3952//7556 4021//7556 4022//7556
f 3952//7557 4022//7557 3953//7557
f 3953//7558 4022//7558 4023//7558
f 3953//7559 4023//7559 3954//7559
f 3954//7560 4023//7560 4024//7560
f 3954//7561 4024//7561 3955//7561
f 3955//7562 4024//7562 4025//7562
f 3955//7563 4025//7563 3956//7563
f 3956//7564 4025//7564 4026//7564
f 3956//7565 4026//7565 3957//7565
f 3957//7566 4026//7566 4027//7566
f 3957//7567 4027//7567 3958//7567
f 3958//7568 4027//7568 4028//7568
f 3958//7569 4028//7569 3959//7569
f 3959//7570 4028//7570 4029//7570
f 3959//22 4029//22 3960//22
f 3960//7571 4029//7571 4030//7571
f 3960//7572 4030//7572 3961//7572
f 3961//7573 4030//7573 4031//7573
f 3961//7574 4031//7574 3962//7574
f 3962//7575 4031//7575 4032//7575
f 3962//7576 4032//7576 3963//7576
f 3963//2859 4032//2859 4033//2859
f 3963//7577 4033//7577 3964//7577
f 3964//7578 4033//7578 4034//7578
f 3964//7579 4034//7579 3965//7579
f 3965//7580 4034//7580 4035//7580
f 3965//7581 4035//7581 3966//7581
f 3966//7582 4035//7582 4036//7582
f 3966//7583 4036//7583 3967//7583
f 3967//7584 4036//7584 4037//7584
f 3967//7585 4037//7585 3968//7585
f 3968//7586 4037//7586 4038//7586
f 3968//7587 4038//7587 3969//7587
f 3969//7588 4038//7588 4039//7588
f 3969//7589 4039//7589 3970//7589
f 3970//7590 4039//7590 4040//7590
f 3970//7591 4040//7591 3971//7591
f 3971//7592 4040//7592 4041//7592
f 3971//7593 4041//7593 3972//7593
f 3972//7594 4041//7594 4042//7594
f 3972//7595 4042//7595 3973//7595
f 3973//6932 4042//6932 4043//6932
f 3973//7596 4043//7596 3974//7596
f 3974//7597 4043//7597 4044//7597
f 3974//7598 4044//7598 3975//7598
f 3975//7599 4044//7599 4045//7599
f 3975//7600 4045//7600 3976//7600
f 3976//7601 4045//7601 4046//7601
f 3976//7602 4046//7602 3977//7602
f 3977//7603 4046//7603 4047//7603
f 3977//7604 4047//7604 3978//7604
f 3978//7605 4047//7605 4048//7605
f 3978//7606 4048//7606 3979//7606
f 3979//7607 4048//7607 4049//7607
f 3979//7608 4049//7608 3980//7608
f 3980//7609 4049//7609 4050//7609
f 3980//7610 4050//7610 3981//7610
f 3981//7611 4050//7611 4051//7611
f 3981//7612 4051//7612 3982//7612
f 3982//7613 4051//7613 4052//7613
f 3982//7614 4052//7614 3983//7614
f 3983//7615 4052//7615 4053//7615
f 3983//7616 4053//7616 3984//7616
f 3984//7617 4053//7617 4054//7617
f 3984//7618 4054//7618 3985//7618
f 3985//7619 4054//7619 4055//7619
f 3985//7620 4055//7620 3986//7620
f 3986//7621 4055//7621 4056//7621
f 3986//7622 4056//7622 3987//7622
f 3987//7623 4056//7623 4057//7623
f 3987//7624 4057//7624 3988//7624
f 3988//7625 4057//7625 4058//7625
f 3988//7626 4058//7626 3989//7626
f 3989//7627 4058//7627 4059//7627
f 3989//7628 4059//7628 3990//7628
f 3990//7629 4059//7629 4060//7629
f 3991//715 4061//715 3992//715
f 3992//7630 4061//7630 4062//7630
f 3992//7631 4062//7631 3993//7631
f 3993//7632 4062//7632 4063//7632
f 3993//7633 4063//7633 3994//7633
f 3994//7634 4063//7634 4064//7634
f 3994//7635 4064//7635 3995//7635
f 3995//7636 4064//7636 4065//7636
f 3995//7637 4065//7637 3996//7637
f 3996//7638 4065//7638 4066//7638
f 3996//7639 4066//7639 3997//7639
f 3997//7640 4066//7640 4067//7640
f 3997//7641 4067//7641 3998//7641
f 3998//7642 4067//7642 4068//7642
f 3998//7643 4068//7643 3999//7643
f 3999//7644 4068//7644 4069//7644
f 3999//7645 4069//7645 4000//7645
f 4000//7646 4069//7646 4070//7646
f 4000//7647 4070//7647 4001//7647
f 4001//7648 4070//7648 4071//7648
f 4001//7649 4071//7649 4002//7649
f 4002//7650 4071//7650 4072//7650
f 4002//7651 4072//7651 4003//7651
f 4003//7652 4072//7652 4073//7652
f 4003//7653 4073//7653 4004//7653
f 4004//7654 4073//7654 4074//7654
f 4004//7655 4074//7655 4005//7655
f 4005//7656 4074//7656 4075//7656
f 4005//7657 4075//7657 4006//7657
f 4006//7658 4075//7658 4076//7658
f 4006//7659 4076//7659 4007//7659
f 4007//7660 4076//7660 4077//7660
f 4007//7661 4077//7661 4008//7661
f 4008//7662 4077//7662 4078//7662
f 4008//7663 4078//7663 4009//7663
f 4009//7664 4078//7664 4079//7664
f 4009//7239 4079//7239 4010//7239
f 4010//7665 4079//7665 4080//7665
f 4010//7666 4080//7666 4011//7666
f 4011//7667 4080//7667 4081//7667
f 4011//7668 4081//7668 4012//7668
f 4012//7669 4081//7669 4082//7669
f 4012//6326 4082//6326 4013//6326
f 4013//7670 4082//7670 4083//7670
f 4013//7671 4083//7671 4014//7671
f 4014//7672 4083//7672 4084//7672
f 4014//7673 4084//7673 4015//7673
f 4015//7674 4084//7674 4085//7674
f 4015//7675 4085//7675 4016//7675
f 4016//7676 4085//7676 4086//7676
f 4016//7677 4086//7677 4017//7677
f 4017//7678 4086//7678 4087//7678
f 4017//7679 4087//7679 4018//7679
f 4018//7680 4087//7680 4088//7680
f 4018//7681 4088//7681 4019//7681
f 4019//3010 4088//3010 4089//3010
f 4019//7682 4089//7682 4020//7682
f 4020//7683 4089//7683 4090//7683
f 4020//7684 4090//7684 4021//7684
f 4021//7685 4090//7685 4091//7685
f 4021//7686 4091//7686 4022//7686
f 4022//7687 4091//7687 4092//7687
f 4022//7688 4092//7688 4023//7688
f 4023//7689 4092//7689 4093//7689
f 4023//7690 4093//7690 4024//7690
f 4024//7691 4093//7691 4094//7691
f 4024//7692 4094//7692 4025//7692
f 4025//7693 4094//7693 4095//7693
f 4025//7694 4095//7694 4026//7694
f 4026//7695 4095//7695 4096//7695
f 4026//7696 4096//7696 4027//7696
f 4027//7697 4096//7697 4097//7697
f 4027//7698 4097//7698 4028//7698
f 4028//7699 4097//7699 4098//7699
f 4028//7700 4098//7700 4029//7700
f 4029//7701 4098//7701 4099//7701
f 4029//7702 4099//7702 4030//7702
f 4030//7703 4099//7703 4100//7703
f 4030//7704 4100//7704 4031//7704
f 4031//7705 4100//7705 4101//7705
f 4031//7706 4101//7706 4032//7706
f 4032//7707 4101//7707 4102//7707
f 4032//7708 4102//7708 4033//7708
f 4033//7709 4102//7709 4103//7709
f 4033//7710 4103//7710 4034//7710
f 4034//7711 4103//7711 4104//7711
f 4034//7712 4104//7712 4035//7712
f 4035//7713 4104//7713 4105//7713
f 4035//7714 4105//7714 4036//7714
f 4036//7715 4105//7715 4106//7715
f 4036//7716 4106//7716 4037//7716
f 4037//7717 4106//7717 4107//7717
f 4037//7718 4107//7718 4038//7718
f 4038//7719 4107//7719 4108//7719
f 4038//7720 4108//7720 4039//7720
f 4039//7721 4108//7721 4109//7721
f 4039//7722 4109//7722 4040//7722
f 4040//7723 4109//7723 4110//7723
f 4040//7724 4110//7724 4041//7724
f 4041//7725 4110//7725 4111//7725
f 4041//7726 4111//7726 4042//7726
f 4042//6068 4111//6068 4112//6068
f 4042//7727 4112//7727 4043//7727
f 4043//7728 4112//7728 4113//7728
f 4043//7729 4113//7729 4044//7729
f 4044//7730 4113//7730 4114//7730
f 4044//7731 4114//7731 4045//7731
f 4045//7732 4114//7732 4115//7732
f 4045//7733 4115//7733 4046//7733
f 4046//7734 4115//7734 4116//7734
f 4046//7735 4116//7735 4047//7735
f 4047//7736 4116//7736 4117//7736
f 4047//7737 4117//7737 4048//7737
f 4048//1008 4117//1008 4118//1008
f 4048//7738 4118//7738 4049//7738
f 4049//7739 4118//7739 4119//7739
f 4049//7740 4119//7740 4050//7740
f 4050//7741 4119//7741 4120//7741
f 4050//7742 4120//7742 4051//7742
f 4051//7743 4120//7743 4121//7743
f 4051//7744 4121//7744 4052//7744
f 4052//7745 4121//7745 4122//7745
f 4052//7746 4122//7746 4053//7746
f 4053//7747 4122//7747 4123//7747
f 4053//7748 4123//7748 4054//7748
f 4054//7749 4123//7749 4124//7749
f 4054//7750 4124//7750 4055//7750
f 4055//7751 4124//7751 4125//7751
f 4055//7752 4125//7752 4056//7752
f 4056//7753 4125//7753 4126//7753
f 4056//7754 4126//7754 4057//7754
f 4057//6698 4126//6698 4127//6698
f 4057//7755 4127//7755 4058//7755
f 4058//7756 4127//7756 4128//7756
f 4058//7757 4128//7757 4059//7757
f 4059//7758 4128//7758 4129//7758
f 4059//7759 4129//7759 4060//7759
f 4060//7760 4129//7760 4130//7760
f 4061//7761 4131//7761 4062//7761
f 4062//7762 4131//7762 4132//7762
f 4062//7763 4132//7763 4063//7763
f 4063//7764 4132//7764 4133//7764
f 4063//7765 4133//7765 4064//7765
f 4064//7766 4133//7766 4134//7766
f 4064//7767 4134//7767 4065//7767
f 4065//7768 4134//7768 4135//7768
f 4065//7769 4135//7769 4066//7769
f 4066//7770 4135//7770 4136//7770
f 4066//7771 4136//7771 4067//7771
f 4067//7772 4136//7772 4137//7772
f 4067//7773 4137//7773 4068//7773
f 4068//7774 4137//7774 4138//7774
f 4068//7775 4138//7775 4069//7775
f 4069//7776 4138//7776 4139//7776
f 4069//7777 4139//7777 4070//7777
f 4070//7778 4139//7778 4140//7778
f 4070//7144 4140//7144 4071//7144
f 4071//7779 4140//7779 4141//7779
f 4071//7780 4141//7780 4072//7780
f 4072//2421 4141//2421 4142//2421
f 4072//7781 4142//7781 4073//7781
f 4073//2962 4142//2962 4143//2962
f 4073//7782 4143//7782 4074//7782
f 4074//7783 4143//7783 4144//7783
f 4074//1936 4144//1936 4075//1936
f 4075//7784 4144//7784 4145//7784
f 4075//7785 4145//7785 4076//7785
f 4076//7786 4145//7786 4146//7786
f 4076//7787 4146//7787 4077//7787
f 4077//7788 4146//7788 4147//7788
f 4077//7789 4147//7789 4078//7789
f 4078//7790 4147//7790 4148//7790
f 4078//7791 4148//7791 4079//7791
f 4079//7792 4148//7792 4149//7792
f 4079//7793 4149//7793 4080//7793
f 4080//7794 4149//7794 4150//7794
f 4080//7795 4150//7795 4081//7795
f 4081//7796 4150//7796 4151//7796
f 4081//7797 4151//7797 4082//7797
f 4082//7798 4151//7798 4152//7798
f 4082//7799 4152//7799 4083//7799
f 4083//7800 4152//7800 4153//7800
f 4083//7801 4153//7801 4084//7801
f 4084//7802 4153//7802 4154//7802
f 4084//7803 4154//7803 4085//7803
f 4085//7804 4154//7804 4155//7804
f 4085//7805 4155//7805 4086//7805
f 4086//7806 4155//7806 4156//7806
f 4086//7807 4156//7807 4087//7807
f 4087//7808 4156//7808 4157//7808
f 4087//7809 4157//7809 4088//7809
f 4088//7810 4157//7810 4158//7810
f 4088//7811 4158//7811 4089//7811
f 4089//7812 4158//7812 4159//7812
f 4089//7813 4159//7813 4090//7813
f 4090//7814 4159//7814 4160//7814
f 4090//7815 4160//7815 4091//7815
f 4091//7816 4160//7816 4161//7816
f 4091//7817 4161//7817 4092//7817
f 4092//7818 4161//7818 4162//7818
f 4092//7819 4162//7819 4093//7819
f 4093//7820 4162//7820 4163//7820
f 4093//7821 4163//7821 4094//7821
f 4094//7822 4163//7822 4164//7822
f 4094//7823 4164//7823 4095//7823
f 4095//7824 4164//7824 4165//7824
f 4095//7825 4165//7825 4096//7825
f 4096//7826 4165//7826 4166//7826
f 4096//7827 4166//7827 4097//7827
f 4097//7828 4166//7828 4167//7828
f 4097//7829 4167//7829 4098//7829
f 4098//7830 4167//7830 4168//7830
f 4098//7831 4168//7831 4099//7831
f 4099//7832 4168//7832 4169//7832
f 4099//7833 4169//7833 4100//7833
f 4100//7834 4169//7834 4170//7834
f 4100//2326 4170//2326 4101//2326
f 4101//7835 4170//7835 4171//7835
f 4101//7836 4171//7836 4102//7836
f 4102//7837 4171//7837 4172//7837
f 4102//7838 4172//7838 4103//7838
f 4103//7839 4172//7839 4173//7839
f 4103//7840 4173//7840 4104//7840
f 4104//7841 4173//7841 4174//7841
f 4104//7842 4174//7842 4105//7842
f 4105//7843 4174//7843 4175//7843
f 4105//7844 4175//7844 4106//7844
f 4106//7845 4175//7845 4176//7845
f 4106//7846 4176//7846 4107//7846
f 4107//7847 4176//7847 4177//7847
f 4107//7848 4177//7848 4108//7848
f 4108//7849 4177//7849 4178//7849
f 4108//7850 4178//7850 4109//7850
f 4109//7851 4178//7851 4179//7851
f 4109//7852 4179//7852 4110//7852
f 4110//7853 4179//7853 4180//7853
f 4110//7854 4180//7854 4111//7854
f 4111//7855 4180//7855 4181//7855
f 4111//7856 4181//7856 4112//7856
f 4112//7857 4181//7857 4182//7857
f 4112//7858 4182//7858 4113//7858
f 4113//7859 4182//7859 4183//7859
f 4113//7860 4183//7860 4114//7860
f 4114//7861 4183//7861 4184//7861
f 4114//7862 4184//7862 4115//7862
f 4115//7863 4184//7863 4185//7863
f 4115//7864 4185//7864 4116//7864
f 4116//7865 4185//7865 4186//7865
f 4116//7866 4186//7866 4117//7866
f 4117//7867 4186//7867 4187//7867
f 4117//7868 4187//7868 4118//7868
f 4118//7869 4187//7869 4188//7869
f 4118//7870 4188//7870 4119//7870
f 4119//7871 4188//7871 4189//7871
f 4119//7872 4189//7872 4120//7872
f 4120//7873 4189//7873 4190//7873
f 4120//7874 4190//7874 4121//7874
f 4121//7875 4190//7875 4191//7875
f 4121//7876 4191//7876 4122//7876
f 4122//7877 4191//7877 4192//7877
f 4122//7878 4192//7878 4123//7878
f 4123//7879 4192//7879 4193//7879
f 4123//7880 4193//7880 4124//7880
f 4124//7881 4193//7881 4194//7881
f 4124//7882 4194//7882 4125//7882
f 4125//7883 4194//7883 4195//7883
f 4125//7884 4195//7884 4126//7884
f 4126//7885 4195//7885 4196//7885
f 4126//7886 4196//7886 4127//7886
f 4127//7887 4196//7887 4197//7887
f 4127//7808 4197//7808 4128//7808
f 4128//7888 4197//7888 4198//7888
f 4128//198 4198//198 4129//198
f 4129//7889 4198//7889 4199//7889
f 4129//7890 4199//7890 4130//7890
f 4130//7891 4199//7891 4200//7891
f 4131//7892 4201//7892 4132//7892
f 4132//7893 4201//7893 4202//7893
f 4132//7155 4202//7155 4133//7155
f 4133//7894 4202//7894 4203//7894
f 4133//6717 4203//6717 4134//6717
f 4134//7895 4203//7895 4204//7895
f 4134//7896 4204//7896 4135//7896
f 4135//7897 4204//7897 4205//7897
f 4135//7898 4205//7898 4136//7898
f 4136//7899 4205//7899 4206//7899
f 4136//557 4206//557 4137//557
f 4137//7900 4206//7900 4207//7900
f 4137//7901 4207//7901 4138//7901
f 4138//7902 4207//7902 4208//7902
f 4138//7903 4208//7903 4139//7903
f 4139//6119 4208//6119 4209//6119
f 4139//7904 4209//7904 4140//7904
f 4140//7905 4209//7905 4210//7905
f 4140//7906 4210//7906 4141//7906
f 4141//7907 4210//7907 4211//7907
f 4141//7908 4211//7908 4142//7908
f 4142//7909 4211//7909 4212//7909
f 4142//7910 4212//7910 4143//7910
f 4143//7911 4212//7911 4213//7911
f 4143//7912 4213//7912 4144//7912
f 4144//7913 4213//7913 4214//7913
f 4144//7914 4214//7914 4145//7914
f 4145//7915 4214//7915 4215//7915
f 4145//7916 4215//7916 4146//7916
f 4146//1480 4215//1480 4216//1480
f 4146//7917 4216//7917 4147//7917
f 4147//7918 4216//7918 4217//7918
f 4147//7919 4217//7919 4148//7919
f 4148//7920 4217//7920 4218//7920
f 4148//7921 4218//7921 4149//7921
f 4149//7922 4218//7922 4219//7922
f 4149//7923 4219//7923 4150//7923
f 4150//7924 4219//7924 4220//7924
f 4150//7925 4220//7925 4151//7925
f 4151//7926 4220//7926 4221//7926
f 4151//7927 4221//7927 4152//7927
f 4152//7928 4221//7928 4222//7928
f 4152//7929 4222//7929 4153//7929
f 4153//7930 4222//7930 4223//7930
f 4153//7931 4223//7931 4154//7931
f 4154//7932 4223//7932 4224//7932
f 4154//7933 4224//7933 4155//7933
f 4155//7934 4224//7934 4225//7934
f 4155//7935 4225//7935 4156//7935
f 4156//7936 4225//7936 4226//7936
f 4156//7937 4226//7937 4157//7937
f 4157//7938 4226//7938 4227//7938
f 4157//7939 4227//7939 4158//7939
f 4158//7940 4227//7940 4228//7940
f 4158//7941 4228//7941 4159//7941
f 4159//7942 4228//7942 4229//7942
f 4159//7943 4229//7943 4160//7943
f 4160//7944 4229//7944 4230//7944
f 4160//7945 4230//7945 4161//7945
f 4161//7946 4230//7946 4231//7946
f 4161//6897 4231//6897 4162//6897
f 4162//5825 4231//5825 4232//5825
f 4162//282 4232//282 4163//282
f 4163//7947 4232//7947 4233//7947
f 4163//7948 4233//7948 4164//7948
f 4164//7949 4233//7949 4234//7949
f 4164//7950 4234//7950 4165//7950
f 4165//7951 4234//7951 4235//7951
f 4165//7952 4235//7952 4166//7952
f 4166//7953 4235//7953 4236//7953
f 4166//7954 4236//7954 4167//7954
f 4167//7955 4236//7955 4237//7955
f 4167//7956 4237//7956 4168//7956
f 4168//7957 4237//7957 4238//7957
f 4168//7958 4238//7958 4169//7958
f 4169//7959 4238//7959 4239//7959
f 4169//7960 4239//7960 4170//7960
f 4170//7961 4239//7961 4240//7961
f 4170//7962 4240//7962 4171//7962
f 4171//2542 4240//2542 4241//2542
f 4171//7963 4241//7963 4172//7963
f 4172//7964 4241//7964 4242//7964
f 4172//7965 4242//7965 4173//7965
f 4173//7966 4242//7966 4243//7966
f 4173//7967 4243//7967 4174//7967
f 4174//7968 4243//7968 4244//7968
f 4174//7969 4244//7969 4175//7969
f 4175//7970 4244//7970 4245//7970
f 4175//7971 4245//7971 4176//7971
f 4176//7972 4245//7972 4246//7972
f 4176//7973 4246//7973 4177//7973
f 4177//7974 4246//7974 4247//7974
f 4177//7975 4247//7975 4178//7975
f 4178//7976 4247//7976 4248//7976
f 4178//7977 4248//7977 4179//7977
f 4179//7978 4248//7978 4249//7978
f 4179//7979 4249//7979 4180//7979
f 4180//7980 4249//7980 4250//7980
f 4180//7981 4250//7981 4181//7981
f 4181//7982 4250//7982 4251//7982
f 4181//7983 4251//7983 4182//7983
f 4182//7984 4251//7984 4252//7984
f 4182//7985 4252//7985 4183//7985
f 4183//7986 4252//7986 4253//7986
f 4183//7987 4253//7987 4184//7987
f 4184//7988 4253//7988 4254//7988
f 4184//7989 4254//7989 4185//7989
f 4185//7990 4254//7990 4255//7990
f 4185//7991 4255//7991 4186//7991
f 4186//7992 4255//7992 4256//7992
f 4186//7993 4256//7993 4187//7993
f 4187//7994 4256//7994 4257//7994
f 4187//7995 4257//7995 4188//7995
f 4188//1039 4257//1039 4258//1039
f 4188//7996 4258//7996 4189//7996
f 4189//7997 4258//7997 4259//7997
f 4189//6660 4259//6660 4190//6660
f 4190//7998 4259//7998 4260//7998
f 4190//7999 4260//7999 4191//7999
f 4191//8000 4260//8000 4261//8000
f 4191//8001 4261//8001 4192//8001
f 4192//8002 4261//8002 4262//8002
f 4192//8003 4262//8003 4193//8003
f 4193//8004 4262//8004 4263//8004
f 4193//8005 4263//8005 4194//8005
f 4194//8006 4263//8006 4264//8006
f 4194//8007 4264//8007 4195//8007
f 4195//8008 4264//8008 4265//8008
f 4195//8009 4265//8009 4196//8009
f 4196//8010 4265//8010 4266//8010
f 4196//8011 4266//8011 4197//8011
f 4197//8012 4266//8012 4267//8012
f 4197//8013 4267//8013 4198//8013
f 4198//8014 4267//8014 4268//8014
f 4198//8015 4268//8015 4199//8015
f 4199//8016 4268//8016 4269//8016
f 4199//8017 4269//8017 4200//8017
f 4200//8018 4269//8018 4270//8018
f 4201//8019 4271//8019 4202//8019
f 4202//8020 4271//8020 4272//8020
f 4202//8021 4272//8021 4203//8021
f 4203//8022 4272//8022 4273//8022
f 4203//8023 4273//8023 4204//8023
f 4204//8024 4273//8024 4274//8024
f 4204//8025 4274//8025 4205//8025
f 4205//8026 4274//8026 4275//8026
f 4205//8027 4275//8027 4206//8027
f 4206//8028 4275//8028 4276//8028
f 4206//8029 4276//8029 4207//8029
f 4207//8030 4276//8030 4277//8030
f 4207//8031 4277//8031 4208//8031
f 4208//8032 4277//8032 4278//8032
f 4208//8033 4278//8033 4209//8033
f 4209//8034 4278//8034 4279//8034
f 4209//8035 4279//8035 4210//8035
f 4210//8036 4279//8036 4280//8036
f 4210//8037 4280//8037 4211//8037
f 4211//8038 4280//8038 4281//8038
f 4211//8039 4281//8039 4212//8039
f 4212//8040 4281//8040 4282//8040
f 4212//8041 4282//8041 4213//8041
f 4213//8042 4282//8042 4283//8042
f 4213//8043 4283//8043 4214//8043
f 4214//8044 4283//8044 4284//8044
f 4214//5587 4284//5587 4215//5587
f 4215//8045 4284//8045 4285//8045
f 4215//8046 4285//8046 4216//8046
f 4216//8047 4285//8047 4286//8047
f 4216//8048 4286//8048 4217//8048
f 4217//8049 4286//8049 4287//8049
f 4217//8050 4287//8050 4218//8050
f 4218//8051 4287//8051 4288//8051
f 4218//8052 4288//8052 4219//8052
f 4219//8053 4288//8053 4289//8053
f 4219//8054 4289//8054 4220//8054
f 4220//8055 4289//8055 4290//8055
f 4220//8056 4290//8056 4221//8056
f 4221//8057 4290//8057 4291//8057
f 4221//8058 4291//8058 4222//8058
f 4222//8059 4291//8059 4292//8059
f 4222//8060 4292//8060 4223//8060
f 4223//8061 4292//8061 4293//8061
f 4223//8062 4293//8062 4224//8062
f 4224//8063 4293//8063 4294//8063
f 4224//8064 4294//8064 4225//8064
f 4225//8065 4294//8065 4295//8065
f 4225//8066 4295//8066 4226//8066
f 4226//8067 4295//8067 4296//8067
f 4226//8068 4296//8068 4227//8068
f 4227//8069 4296//8069 4297//8069
f 4227//8070 4297//8070 4228//8070
f 4228//8071 4297//8071 4298//8071
f 4228//8071 4298//8071 4229//8071
f 4229//8072 4298//8072 4299//8072
f 4229//8073 4299//8073 4230//8073
f 4230//8074 4299//8074 4300//8074
f 4230//8075 4300//8075 4231//8075
f 4231//8076 4300//8076 4301//8076
f 4231//8077 4301//8077 4232//8077
f 4232//8078 4301//8078 4302//8078
f 4232//8079 4302//8079 4233//8079
f 4233//8080 4302//8080 4303//8080
f 4233//8081 4303//8081 4234//8081
f 4234//8082 4303//8082 4304//8082
f 4234//8083 4304//8083 4235//8083
f 4235//8084 4304//8084 4305//8084
f 4235//8085 4305//8085 4236//8085
f 4236//8086 4305//8086 4306//8086
f 4236//8087 4306//8087 4237//8087
f 4237//8088 4306//8088 4307//8088
f 4237//8089 4307//8089 4238//8089
f 4238//8090 4307//8090 4308//8090
f 4238//519 4308//519 4239//519
f 4239//8091 4308//8091 4309//8091
f 4239//8092 4309//8092 4240//8092
f 4240//8093 4309//8093 4310//8093
f 4240//8094 4310//8094 4241//8094
f 4241//8095 4310//8095 4311//8095
f 4241//8096 4311//8096 4242//8096
f 4242//8097 4311//8097 4312//8097
f 4242//8098 4312//8098 4243//8098
f 4243//8099 4312//8099 4313//8099
f 4243//8100 4313//8100 4244//8100
f 4244//8101 4313//8101 4314//8101
f 4244//8102 4314//8102 4245//8102
f 4245//8103 4314//8103 4315//8103
f 4245//2240 4315//2240 4246//2240
f 4246//8104 4315//8104 4316//8104
f 4246//8105 4316//8105 4247//8105
f 4247//8106 4316//8106 4317//8106
f 4247//8107 4317//8107 4248//8107
f 4248//8108 4317//8108 4318//8108
f 4248//8109 4318//8109 4249//8109
f 4249//8110 4318//8110 4319//8110
f 4249//8111 4319//8111 4250//8111
f 4250//8112 4319//8112 4320//8112
f 4250//8113 4320//8113 4251//8113
f 4251//8114 4320//8114 4321//8114
f 4251//8115 4321//8115 4252//8115
f 4252//8116 4321//8116 4322//8116
f 4252//8117 4322//8117 4253//8117
f 4253//8118 4322//8118 4323//8118
f 4253//8119 4323//8119 4254//8119
f 4254//8120 4323//8120 4324//8120
f 4254//8121 4324//8121 4255//8121
f 4255//8122 4324//8122 4325//8122
f 4255//8123 4325//8123 4256//8123
f 4256//8124 4325//8124 4326//8124
f 4256//8125 4326//8125 4257//8125
f 4257//8126 4326//8126 4327//8126
f 4257//7375 4327//7375 4258//7375
f 4258//8127 4327//8127 4328//8127
f 4258//8128 4328//8128 4259//8128
f 4259//1297 4328//1297 4329//1297
f 4259//8129 4329//8129 4260//8129
f 4260//8130 4329//8130 4330//8130
f 4260//2862 4330//2862 4261//2862
f 4261//8131 4330//8131 4331//8131
f 4261//8132 4331//8132 4262//8132
f 4262//8133 4331//8133 4332//8133
f 4262//8134 4332//8134 4263//8134
f 4263//8135 4332//8135 4333//8135
f 4263//8136 4333//8136 4264//8136
f 4264//8137 4333//8137 4334//8137
f 4264//820 4334//820 4265//820
f 4265//8138 4334//8138 4335//8138
f 4265//8139 4335//8139 4266//8139
f 4266//8140 4335//8140 4336//8140
f 4266//8141 4336//8141 4267//8141
f 4267//8142 4336//8142 4337//8142
f 4267//8143 4337//8143 4268//8143
f 4268//5173 4337//5173 4338//5173
f 4268//8144 4338//8144 4269//8144
f 4269//8145 4338//8145 4339//8145
f 4269//8146 4339//8146 4270//8146
f 4270//8147 4339//8147 4340//8147
f 4271//7270 4341//7270 4272//7270
f 4272//8148 4341//8148 4342//8148
f 4272//4073 4342//4073 4273//4073
f 4273//8149 4342//8149 4343//8149
f 4273//8150 4343//8150 4274//8150
f 4274//8151 4343//8151 4344//8151
f 4274//8152 4344//8152 4275//8152
f 4275//8153 4344//8153 4345//8153
f 4275//8154 4345//8154 4276//8154
f 4276//8155 4345//8155 4346//8155
f 4276//8156 4346//8156 4277//8156
f 4277//8157 4346//8157 4347//8157
f 4277//8158 4347//8158 4278//8158
f 4278//8159 4347//8159 4348//8159
f 4278//8160 4348//8160 4279//8160
f 4279//8161 4348//8161 4349//8161
f 4279//8162 4349//8162 4280//8162
f 4280//8163 4349//8163 4350//8163
f 4280//8164 4350//8164 4281//8164
f 4281//8165 4350//8165 4351//8165
f 4281//8166 4351//8166 4282//8166
f 4282//8167 4351//8167 4352//8167
f 4282//8168 4352//8168 4283//8168
f 4283//8169 4352//8169 4353//8169
f 4283//8170 4353//8170 4284//8170
f 4284//8171 4353//8171 4354//8171
f 4284//8172 4354//8172 4285//8172
f 4285//8173 4354//8173 4355//8173
f 4285//8174 4355//8174 4286//8174
f 4286//8175 4355//8175 4356//8175
f 4286//8176 4356//8176 4287//8176
f 4287//8177 4356//8177 4357//8177
f 4287//8178 4357//8178 4288//8178
f 4288//8179 4357//8179 4358//8179
f 4288//8180 4358//8180 4289//8180
f 4289//8181 4358//8181 4359//8181
f 4289//8182 4359//8182 4290//8182
f 4290//8183 4359//8183 4360//8183
f 4290//8184 4360//8184 4291//8184
f 4291//8185 4360//8185 4361//8185
f 4291//8186 4361//8186 4292//8186
f 4292//8187 4361//8187 4362//8187
f 4292//8188 4362//8188 4293//8188
f 4293//8189 4362//8189 4363//8189
f 4293//8190 4363//8190 4294//8190
f 4294//8191 4363//8191 4364//8191
f 4294//8192 4364//8192 4295//8192
f 4295//8193 4364//8193 4365//8193
f 4295//8194 4365//8194 4296//8194
f 4296//8195 4365//8195 4366//8195
f 4296//8196 4366//8196 4297//8196
f 4297//8197 4366//8197 4367//8197
f 4297//8198 4367//8198 4298//8198
f 4298//8199 4367//8199 4368//8199
f 4298//8200 4368//8200 4299//8200
f 4299//8201 4368//8201 4369//8201
f 4299//8202 4369//8202 4300//8202
f 4300//8203 4369//8203 4370//8203
f 4300//8204 4370//8204 4301//8204
f 4301//8205 4370//8205 4371//8205
f 4301//8206 4371//8206 4302//8206
f 4302//8207 4371//8207 4372//8207
f 4302//8208 4372//8208 4303//8208
f 4303//8209 4372//8209 4373//8209
f 4303//8210 4373//8210 4304//8210
f 4304//8211 4373//8211 4374//8211
f 4304//8212 4374//8212 4305//8212
f 4305//8213 4374//8213 4375//8213
f 4305//8214 4375//8214 4306//8214
f 4306//8215 4375//8215 4376//8215
f 4306//8216 4376//8216 4307//8216
f 4307//8217 4376//8217 4377//8217
f 4307//8218 4377//8218 4308//8218
f 4308//8219 4377//8219 4378//8219
f 4308//8220 4378//8220 4309//8220
f 4309//8221 4378//8221 4379//8221
f 4309//8222 4379//8222 4310//8222
f 4310//8223 4379//8223 4380//8223
f 4310//8224 4380//8224 4311//8224
f 4311//8225 4380//8225 4381//8225
f 4311//8226 4381//8226 4312//8226
f 4312//6685 4381//6685 4382//6685
f 4312//8227 4382//8227 4313//8227
f 4313//8228 4382//8228 4383//8228
f 4313//8229 4383//8229 4314//8229
f 4314//8230 4383//8230 4384//8230
f 4314//8231 4384//8231 4315//8231
f 4315//8232 4384//8232 4385//8232
f 4315//1974 4385//1974 4316//1974
f 4316//8233 4385//8233 4386//8233
f 4316//8234 4386//8234 4317//8234
f 4317//8235 4386//8235 4387//8235
f 4317//8236 4387//8236 4318//8236
f 4318//8237 4387//8237 4388//8237
f 4318//8238 4388//8238 4319//8238
f 4319//8239 4388//8239 4389//8239
f 4319//8240 4389//8240 4320//8240
f 4320//8241 4389//8241 4390//8241
f 4320//8242 4390//8242 4321//8242
f 4321//8243 4390//8243 4391//8243
f 4321//8164 4391//8164 4322//8164
f 4322//8244 4391//8244 4392//8244
f 4322//8245 4392//8245 4323//8245
f 4323//8246 4392//8246 4393//8246
f 4323//8247 4393//8247 4324//8247
f 4324//8248 4393//8248 4394//8248
f 4324//8249 4394//8249 4325//8249
f 4325//8250 4394//8250 4395//8250
f 4325//8251 4395//8251 4326//8251
f 4326//8252 4395//8252 4396//8252
f 4326//8253 4396//8253 4327//8253
f 4327//8254 4396//8254 4397//8254
f 4327//8255 4397//8255 4328//8255
f 4328//8256 4397//8256 4398//8256
f 4328//8257 4398//8257 4329//8257
f 4329//8258 4398//8258 4399//8258
f 4329//8259 4399//8259 4330//8259
f 4330//8260 4399//8260 4400//8260
f 4330//8261 4400//8261 4331//8261
f 4331//8262 4400//8262 4401//8262
f 4331//8263 4401//8263 4332//8263
f 4332//8264 4401//8264 4402//8264
f 4332//8265 4402//8265 4333//8265
f 4333//8266 4402//8266 4403//8266
f 4333//8267 4403//8267 4334//8267
f 4334//8268 4403//8268 4404//8268
f 4334//8269 4404//8269 4335//8269
f 4335//8270 4404//8270 4405//8270
f 4335//8271 4405//8271 4336//8271
f 4336//8272 4405//8272 4406//8272
f 4336//8273 4406//8273 4337//8273
f 4337//8274 4406//8274 4407//8274
f 4337//8275 4407//8275 4338//8275
f 4338//8276 4407//8276 4408//8276
f 4338//8277 4408//8277 4339//8277
f 4339//8278 4408//8278 4409//8278
f 4339//8279 4409//8279 4340//8279
f 4340//8280 4409//8280 4410//8280
f 4341//8281 4411//8281 4342//8281
f 4342//8282 4411//8282 4412//8282
f 4342//8283 4412//8283 4343//8283
f 4343//8284 4412//8284 4413//8284
f 4343//8285 4413//8285 4344//8285
f 4344//1029 4413//1029 4414//1029
f 4344//8286 4414//8286 4345//8286
f 4345//8287 4414//8287 4415//8287
f 4345//8288 4415//8288 4346//8288
f 4346//8289 4415//8289 4416//8289
f 4346//8290 4416//8290 4347//8290
f 4347//8291 4416//8291 4417//8291
f 4347//8292 4417//8292 4348//8292
f 4348//8293 4417//8293 4418//8293
f 4348//8294 4418//8294 4349//8294
f 4349//8295 4418//8295 4419//8295
f 4349//8296 4419//8296 4350//8296
f 4350//8297 4419//8297 4420//8297
f 4350//8298 4420//8298 4351//8298
f 4351//8299 4420//8299 4421//8299
f 4351//8300 4421//8300 4352//8300
f 4352//8301 4421//8301 4422//8301
f 4352//8302 4422//8302 4353//8302
f 4353//8303 4422//8303 4423//8303
f 4353//8304 4423//8304 4354//8304
f 4354//8305 4423//8305 4424//8305
f 4354//8306 4424//8306 4355//8306
f 4355//8307 4424//8307 4425//8307
f 4355//8308 4425//8308 4356//8308
f 4356//8309 4425//8309 4426//8309
f 4356//8310 4426//8310 4357//8310
f 4357//8311 4426//8311 4427//8311
f 4357//8312 4427//8312 4358//8312
f 4358//8313 4427//8313 4428//8313
f 4358//8314 4428//8314 4359//8314
f 4359//8315 4428//8315 4429//8315
f 4359//8316 4429//8316 4360//8316
f 4360//8317 4429//8317 4430//8317
f 4360//8318 4430//8318 4361//8318
f 4361//8319 4430//8319 4431//8319
f 4361//8320 4431//8320 4362//8320
f 4362//8321 4431//8321 4432//8321
f 4362//8322 4432//8322 4363//8322
f 4363//2624 4432//2624 4433//2624
f 4363//8323 4433//8323 4364//8323
f 4364//8324 4433//8324 4434//8324
f 4364//8325 4434//8325 4365//8325
f 4365//8326 4434//8326 4435//8326
f 4365//8327 4435//8327 4366//8327
f 4366//8328 4435//8328 4436//8328
f 4366//8329 4436//8329 4367//8329
f 4367//8330 4436//8330 4437//8330
f 4367//8331 4437//8331 4368//8331
f 4368//8332 4437//8332 4438//8332
f 4368//8333 4438//8333 4369//8333
f 4369//8334 4438//8334 4439//8334
f 4369//8335 4439//8335 4370//8335
f 4370//8336 4439//8336 4440//8336
f 4370//8337 4440//8337 4371//8337
f 4371//8338 4440//8338 4441//8338
f 4371//8339 4441//8339 4372//8339
f 4372//8340 4441//8340 4442//8340
f 4372//8341 4442//8341 4373//8341
f 4373//8342 4442//8342 4443//8342
f 4373//8343 4443//8343 4374//8343
f 4374//8344 4443//8344 4444//8344
f 4374//8345 4444//8345 4375//8345
f 4375//8346 4444//8346 4445//8346
f 4375//8347 4445//8347 4376//8347
f 4376//8348 4445//8348 4446//8348
f 4376//2029 4446//2029 4377//2029
f 4377//8118 4446//8118 4447//8118
f 4377//8349 4447//8349 4378//8349
f 4378//8350 4447//8350 4448//8350
f 4378//825 4448//825 4379//825
f 4379//8351 4448//8351 4449//8351
f 4379//8352 4449//8352 4380//8352
f 4380//8353 4449//8353 4450//8353
f 4380//8354 4450//8354 4381//8354
f 4381//8355 4450//8355 4451//8355
f 4381//8356 4451//8356 4382//8356
f 4382//8357 4451//8357 4452//8357
f 4382//8358 4452//8358 4383//8358
f 4383//8359 4452//8359 4453//8359
f 4383//8360 4453//8360 4384//8360
f 4384//820 4453//820 4454//820
f 4384//8361 4454//8361 4385//8361
f 4385//8362 4454//8362 4455//8362
f 4385//8363 4455//8363 4386//8363
f 4386//8364 4455//8364 4456//8364
f 4386//8365 4456//8365 4387//8365
f 4387//8366 4456//8366 4457//8366
f 4387//8367 4457//8367 4388//8367
f 4388//8368 4457//8368 4458//8368
f 4388//8369 4458//8369 4389//8369
f 4389//8370 4458//8370 4459//8370
f 4389//8371 4459//8371 4390//8371
f 4390//8372 4459//8372 4460//8372
f 4390//8373 4460//8373 4391//8373
f 4391//8374 4460//8374 4461//8374
f 4391//8375 4461//8375 4392//8375
f 4392//8376 4461//8376 4462//8376
f 4392//8377 4462//8377 4393//8377
f 4393//8378 4462//8378 4463//8378
f 4393//8379 4463//8379 4394//8379
f 4394//8380 4463//8380 4464//8380
f 4394//8381 4464//8381 4395//8381
f 4395//8382 4464//8382 4465//8382
f 4395//8383 4465//8383 4396//8383
f 4396//8384 4465//8384 4466//8384
f 4396//8385 4466//8385 4397//8385
f 4397//6907 4466//6907 4467//6907
f 4397//8386 4467//8386 4398//8386
f 4398//8387 4467//8387 4468//8387
f 4398//8388 4468//8388 4399//8388
f 4399//8389 4468//8389 4469//8389
f 4399//8390 4469//8390 4400//8390
f 4400//8391 4469//8391 4470//8391
f 4400//8392 4470//8392 4401//8392
f 4401//8393 4470//8393 4471//8393
f 4401//8394 4471//8394 4402//8394
f 4402//8395 4471//8395 4472//8395
f 4402//8396 4472//8396 4403//8396
f 4403//8397 4472//8397 4473//8397
f 4403//8398 4473//8398 4404//8398
f 4404//8399 4473//8399 4474//8399
f 4404//8400 4474//8400 4405//8400
f 4405//8401 4474//8401 4475//8401
f 4405//8402 4475//8402 4406//8402
f 4406//8403 4475//8403 4476//8403
f 4406//8404 4476//8404 4407//8404
f 4407//8405 4476//8405 4477//8405
f 4407//8406 4477//8406 4408//8406
f 4408//8407 4477//8407 4478//8407
f 4408//8408 4478//8408 4409//8408
f 4409//8409 4478//8409 4479//8409
f 4409//8410 4479//8410 4410//8410
f 4410//8411 4479//8411 4480//8411
f 4411//8412 4481//8412 4412//8412
f 4412//8413 4481//8413 4482//8413
f 4412//8414 4482//8414 4413//8414
f 4413//8415 4482//8415 4483//8415
f 4413//8416 4483//8416 4414//8416
f 4414//8417 4483//8417 4484//8417
f 4414//8418 4484//8418 4415//8418
f 4415//8419 4484//8419 4485//8419
f 4415//8420 4485//8420 4416//8420
f 4416//8421 4485//8421 4486//8421
f 4416//8422 4486//8422 4417//8422
f 4417//8423 4486//8423 4487//8423
f 4417//8424 4487//8424 4418//8424
f 4418//8425 4487//8425 4488//8425
f 4418//8426 4488//8426 4419//8426
f 4419//8427 4488//8427 4489//8427
f 4419//8428 4489//8428 4420//8428
f 4420//8429 4489//8429 4490//8429
f 4420//8430 4490//8430 4421//8430
f 4421//8431 4490//8431 4491//8431
f 4421//8432 4491//8432 4422//8432
f 4422//8433 4491//8433 4492//8433
f 4422//8434 4492//8434 4423//8434
f 4423//8435 4492//8435 4493//8435
f 4423//8436 4493//8436 4424//8436
f 4424//8437 4493//8437 4494//8437
f 4424//8438 4494//8438 4425//8438
f 4425//8439 4494//8439 4495//8439
f 4425//8440 4495//8440 4426//8440
f 4426//8441 4495//8441 4496//8441
f 4426//8442 4496//8442 4427//8442
f 4427//8443 4496//8443 4497//8443
f 4427//8444 4497//8444 4428//8444
f 4428//8445 4497//8445 4498//8445
f 4428//8446 4498//8446 4429//8446
f 4429//8447 4498//8447 4499//8447
f 4429//690 4499//690 4430//690
f 4430//8448 4499//8448 4500//8448
f 4430//8449 4500//8449 4431//8449
f 4431//8450 4500//8450 4501//8450
f 4431//8451 4501//8451 4432//8451
f 4432//8452 4501//8452 4502//8452
f 4432//8453 4502//8453 4433//8453
f 4433//8454 4502//8454 4503//8454
f 4433//8455 4503//8455 4434//8455
f 4434//8456 4503//8456 4504//8456
f 4434//8457 4504//8457 4435//8457
f 4435//8458 4504//8458 4505//8458
f 4435//8459 4505//8459 4436//8459
f 4436//8460 4505//8460 4506//8460
f 4436//8461 4506//8461 4437//8461
f 4437//8462 4506//8462 4507//8462
f 4437//8463 4507//8463 4438//8463
f 4438//8464 4507//8464 4508//8464
f 4438//8465 4508//8465 4439//8465
f 4439//8466 4508//8466 4509//8466
f 4439//8467 4509//8467 4440//8467
f 4440//3274 4509//3274 4510//3274
f 4440//8468 4510//8468 4441//8468
f 4441//8469 4510//8469 4511//8469
f 4441//2391 4511//2391 4442//2391
f 4442//8470 4511//8470 4512//8470
f 4442//8471 4512//8471 4443//8471
f 4443//8472 4512//8472 4513//8472
f 4443//8473 4513//8473 4444//8473
f 4444//5147 4513//5147 4514//5147
f 4444//8474 4514//8474 4445//8474
f 4445//8475 4514//8475 4515//8475
f 4445//8476 4515//8476 4446//8476
f 4446//8477 4515//8477 4516//8477
f 4446//8478 4516//8478 4447//8478
f 4447//7436 4516//7436 4517//7436
f 4447//8479 4517//8479 4448//8479
f 4448//8480 4517//8480 4518//8480
f 4448//8481 4518//8481 4449//8481
f 4449//8482 4518//8482 4519//8482
f 4449//8483 4519//8483 4450//8483
f 4450//8484 4519//8484 4520//8484
f 4450//8485 4520//8485 4451//8485
f 4451//8486 4520//8486 4521//8486
f 4451//8487 4521//8487 4452//8487
f 4452//8488 4521//8488 4522//8488
f 4452//8489 4522//8489 4453//8489
f 4453//8490 4522//8490 4523//8490
f 4453//8491 4523//8491 4454//8491
f 4454//8492 4523//8492 4524//8492
f 4454//8493 4524//8493 4455//8493
f 4455//8494 4524//8494 4525//8494
f 4455//8495 4525//8495 4456//8495
f 4456//8496 4525//8496 4526//8496
f 4456//8497 4526//8497 4457//8497
f 4457//8498 4526//8498 4527//8498
f 4457//8499 4527//8499 4458//8499
f 4458//8500 4527//8500 4528//8500
f 4458//8501 4528//8501 4459//8501
f 4459//8502 4528//8502 4529//8502
f 4459//8503 4529//8503 4460//8503
f 4460//8504 4529//8504 4530//8504
f 4460//8505 4530//8505 4461//8505
f 4461//8506 4530//8506 4531//8506
f 4461//8507 4531//8507 4462//8507
f 4462//6105 4531//6105 4532//6105
f 4462//8508 4532//8508 4463//8508
f 4463//8509 4532//8509 4533//8509
f 4463//8510 4533//8510 4464//8510
f 4464//8511 4533//8511 4534//8511
f 4464//8512 4534//8512 4465//8512
f 4465//8513 4534//8513 4535//8513
f 4465//8514 4535//8514 4466//8514
f 4466//8515 4535//8515 4536//8515
f 4466//8516 4536//8516 4467//8516
f 4467//8517 4536//8517 4537//8517
f 4467//8518 4537//8518 4468//8518
f 4468//8519 4537//8519 4538//8519
f 4468//8520 4538//8520 4469//8520
f 4469//8521 4538//8521 4539//8521
f 4469//8522 4539//8522 4470//8522
f 4470//8523 4539//8523 4540//8523
f 4470//8524 4540//8524 4471//8524
f 4471//8525 4540//8525 4541//8525
f 4471//8526 4541//8526 4472//8526
f 4472//8527 4541//8527 4542//8527
f 4472//8528 4542//8528 4473//8528
f 4473//5991 4542//5991 4543//5991
f 4473//8529 4543//8529 4474//8529
f 4474//8530 4543//8530 4544//8530
f 4474//8531 4544//8531 4475//8531
f 4475//8532 4544//8532 4545//8532
f 4475//8533 4545//8533 4476//8533
f 4476//8534 4545//8534 4546//8534
f 4476//8535 4546//8535 4477//8535
f 4477//8536 4546//8536 4547//8536
f 4477//8537 4547//8537 4478//8537
f 4478//8538 4547//8538 4548//8538
f 4478//8539 4548//8539 4479//8539
f 4479//8540 4548//8540 4549//8540
f 4479//8541 4549//8541 4480//8541
f 4480//347 4549//347 4550//347
f 4481//8542 4551//8542 4482//8542
f 4482//8543 4551//8543 4552//8543
f 4482//8401 4552//8401 4483//8401
f 4483//8544 4552//8544 4553//8544
f 4483//8545 4553//8545 4484//8545
f 4484//8546 4553//8546 4554//8546
f 4484//8547 4554//8547 4485//8547
f 4485//8548 4554//8548 4555//8548
f 4485//8549 4555//8549 4486//8549
f 4486//8550 4555//8550 4556//8550
f 4486//8551 4556//8551 4487//8551
f 4487//8552 4556//8552 4557//8552
f 4487//8553 4557//8553 4488//8553
f 4488//8554 4557//8554 4558//8554
f 4488//8555 4558//8555 4489//8555
f 4489//8556 4558//8556 4559//8556
f 4489//8557 4559//8557 4490//8557
f 4490//8558 4559//8558 4560//8558
f 4490//8559 4560//8559 4491//8559
f 4491//8560 4560//8560 4561//8560
f 4491//8561 4561//8561 4492//8561
f 4492//8562 4561//8562 4562//8562
f 4492//8563 4562//8563 4493//8563
f 4493//8564 4562//8564 4563//8564
f 4493//8565 4563//8565 4494//8565
f 4494//8566 4563//8566 4564//8566
f 4494//8567 4564//8567 4495//8567
f 4495//8568 4564//8568 4565//8568
f 4495//8569 4565//8569 4496//8569
f 4496//8570 4565//8570 4566//8570
f 4496//8571 4566//8571 4497//8571
f 4497//8572 4566//8572 4567//8572
f 4497//8573 4567//8573 4498//8573
f 4498//8574 4567//8574 4568//8574
f 4498//8575 4568//8575 4499//8575
f 4499//8576 4568//8576 4569//8576
f 4499//8577 4569//8577 4500//8577
f 4500//8578 4569//8578 4570//8578
f 4500//8579 4570//8579 4501//8579
f 4501//8580 4570//8580 4571//8580
f 4501//8581 4571//8581 4502//8581
f 4502//8582 4571//8582 4572//8582
f 4502//8583 4572//8583 4503//8583
f 4503//8584 4572//8584 4573//8584
f 4503//8585 4573//8585 4504//8585
f 4504//8586 4573//8586 4574//8586
f 4504//8587 4574//8587 4505//8587
f 4505//8588 4574//8588 4575//8588
f 4505//8589 4575//8589 4506//8589
f 4506//8590 4575//8590 4576//8590
f 4506//8591 4576//8591 4507//8591
f 4507//8592 4576//8592 4577//8592
f 4507//8593 4577//8593 4508//8593
f 4508//8594 4577//8594 4578//8594
f 4508//8595 4578//8595 4509//8595
f 4509//8596 4578//8596 4579//8596
f 4509//8597 4579//8597 4510//8597
f 4510//8598 4579//8598 4580//8598
f 4510//8599 4580//8599 4511//8599
f 4511//8600 4580//8600 4581//8600
f 4511//8601 4581//8601 4512//8601
f 4512//8602 4581//8602 4582//8602
f 4512//8603 4582//8603 4513//8603
f 4513//8604 4582//8604 4583//8604
f 4513//8605 4583//8605 4514//8605
f 4514//8606 4583//8606 4584//8606
f 4514//8607 4584//8607 4515//8607
f 4515//8608 4584//8608 4585//8608
f 4515//8609 4585//8609 4516//8609
f 4516//8610 4585//8610 4586//8610
f 4516//6192 4586//6192 4517//6192
f 4517//8611 4586//8611 4587//8611
f 4517//8612 4587//8612 4518//8612
f 4518//8613 4587//8613 4588//8613
f 4518//8614 4588//8614 4519//8614
f 4519//8615 4588//8615 4589//8615
f 4519//8616 4589//8616 4520//8616
f 4520//8617 4589//8617 4590//8617
f 4520//8618 4590//8618 4521//8618
f 4521//8619 4590//8619 4591//8619
f 4521//8620 4591//8620 4522//8620
f 4522//8621 4591//8621 4592//8621
f 4522//8622 4592//8622 4523//8622
f 4523//8623 4592//8623 4593//8623
f 4523//8624 4593//8624 4524//8624
f 4524//8625 4593//8625 4594//8625
f 4524//8626 4594//8626 4525//8626
f 4525//8627 4594//8627 4595//8627
f 4525//8628 4595//8628 4526//8628
f 4526//6546 4595//6546 4596//6546
f 4526//8629 4596//8629 4527//8629
f 4527//8630 4596//8630 4597//8630
f 4527//8631 4597//8631 4528//8631
f 4528//8632 4597//8632 4598//8632
f 4528//8633 4598//8633 4529//8633
f 4529//8634 4598//8634 4599//8634
f 4529//8635 4599//8635 4530//8635
f 4530//8636 4599//8636 4600//8636
f 4530//8637 4600//8637 4531//8637
f 4531//8638 4600//8638 4601//8638
f 4531//8639 4601//8639 4532//8639
f 4532//8640 4601//8640 4602//8640
f 4532//8641 4602//8641 4533//8641
f 4533//8642 4602//8642 4603//8642
f 4533//8643 4603//8643 4534//8643
f 4534//8644 4603//8644 4604//8644
f 4534//8645 4604//8645 4535//8645
f 4535//8646 4604//8646 4605//8646
f 4535//8647 4605//8647 4536//8647
f 4536//1903 4605//1903 4606//1903
f 4536//8648 4606//8648 4537//8648
f 4537//8649 4606//8649 4607//8649
f 4537//8650 4607//8650 4538//8650
f 4538//8651 4607//8651 4608//8651
f 4538//8652 4608//8652 4539//8652
f 4539//8653 4608//8653 4609//8653
f 4539//8654 4609//8654 4540//8654
f 4540//6910 4609//6910 4610//6910
f 4540//6605 4610//6605 4541//6605
f 4541//2238 4610//2238 4611//2238
f 4541//8655 4611//8655 4542//8655
f 4542//8656 4611//8656 4612//8656
f 4542//6153 4612//6153 4543//6153
f 4543//8657 4612//8657 4613//8657
f 4543//8658 4613//8658 4544//8658
f 4544//8659 4613//8659 4614//8659
f 4544//4311 4614//4311 4545//4311
f 4545//8660 4614//8660 4615//8660
f 4545//8661 4615//8661 4546//8661
f 4546//8662 4615//8662 4616//8662
f 4546//8663 4616//8663 4547//8663
f 4547//8664 4616//8664 4617//8664
f 4547//8665 4617//8665 4548//8665
f 4548//1860 4617//1860 4618//1860
f 4548//8666 4618//8666 4549//8666
f 4549//8667 4618//8667 4619//8667
f 4549//8668 4619//8668 4550//8668
f 4550//8669 4619//8669 4620//8669
f 4551//8670 4621//8670 4552//8670
f 4552//8671 4621//8671 4622//8671
f 4552//1478 4622//1478 4553//1478
f 4553//8672 4622//8672 4623//8672
f 4553//8673 4623//8673 4554//8673
f 4554//8674 4623//8674 4624//8674
f 4554//8675 4624//8675 4555//8675
f 4555//6747 4624//6747 4625//6747
f 4555//8676 4625//8676 4556//8676
f 4556//8677 4625//8677 4626//8677
f 4556//8678 4626//8678 4557//8678
f 4557//8679 4626//8679 4627//8679
f 4557//8680 4627//8680 4558//8680
f 4558//8681 4627//8681 4628//8681
f 4558//8682 4628//8682 4559//8682
f 4559//8683 4628//8683 4629//8683
f 4559//8684 4629//8684 4560//8684
f 4560//1162 4629//1162 4630//1162
f 4560//8685 4630//8685 4561//8685
f 4561//8686 4630//8686 4631//8686
f 4561//8687 4631//8687 4562//8687
f 4562//8688 4631//8688 4632//8688
f 4562//8689 4632//8689 4563//8689
f 4563//8690 4632//8690 4633//8690
f 4563//8691 4633//8691 4564//8691
f 4564//6922 4633//6922 4634//6922
f 4564//8692 4634//8692 4565//8692
f 4565//8693 4634//8693 4635//8693
f 4565//8694 4635//8694 4566//8694
f 4566//8695 4635//8695 4636//8695
f 4566//8696 4636//8696 4567//8696
f 4567//3776 4636//3776 4637//3776
f 4567//8697 4637//8697 4568//8697
f 4568//8698 4637//8698 4638//8698
f 4568//8699 4638//8699 4569//8699
f 4569//8700 4638//8700 4639//8700
f 4569//8701 4639//8701 4570//8701
f 4570//8702 4639//8702 4640//8702
f 4570//8703 4640//8703 4571//8703
f 4571//8704 4640//8704 4641//8704
f 4571//8705 4641//8705 4572//8705
f 4572//8706 4641//8706 4642//8706
f 4572//8707 4642//8707 4573//8707
f 4573//8708 4642//8708 4643//8708
f 4573//8709 4643//8709 4574//8709
f 4574//8710 4643//8710 4644//8710
f 4574//8711 4644//8711 4575//8711
f 4575//8712 4644//8712 4645//8712
f 4575//8713 4645//8713 4576//8713
f 4576//8714 4645//8714 4646//8714
f 4576//8715 4646//8715 4577//8715
f 4577//8716 4646//8716 4647//8716
f 4577//8717 4647//8717 4578//8717
f 4578//8718 4647//8718 4648//8718
f 4578//8719 4648//8719 4579//8719
f 4579//8720 4648//8720 4649//8720
f 4579//8721 4649//8721 4580//8721
f 4580//7553 4649//7553 4650//7553
f 4580//8722 4650//8722 4581//8722
f 4581//8723 4650//8723 4651//8723
f 4581//8724 4651//8724 4582//8724
f 4582//8725 4651//8725 4652//8725
f 4582//8726 4652//8726 4583//8726
f 4583//2395 4652//2395 4653//2395
f 4583//8727 4653//8727 4584//8727
f 4584//8728 4653//8728 4654//8728
f 4584//8729 4654//8729 4585//8729
f 4585//8730 4654//8730 4655//8730
f 4585//8731 4655//8731 4586//8731
f 4586//8732 4655//8732 4656//8732
f 4586//8733 4656//8733 4587//8733
f 4587//8203 4656//8203 4657//8203
f 4587//8734 4657//8734 4588//8734
f 4588//8465 4657//8465 4658//8465
f 4588//8735 4658//8735 4589//8735
f 4589//8736 4658//8736 4659//8736
f 4589//8737 4659//8737 4590//8737
f 4590//8738 4659//8738 4660//8738
f 4590//8739 4660//8739 4591//8739
f 4591//8740 4660//8740 4661//8740
f 4591//8741 4661//8741 4592//8741
f 4592//8742 4661//8742 4662//8742
f 4592//8743 4662//8743 4593//8743
f 4593//8744 4662//8744 4663//8744
f 4593//8745 4663//8745 4594//8745
f 4594//8746 4663//8746 4664//8746
f 4594//8747 4664//8747 4595//8747
f 4595//8748 4664//8748 4665//8748
f 4595//8749 4665//8749 4596//8749
f 4596//8750 4665//8750 4666//8750
f 4596//8751 4666//8751 4597//8751
f 4597//8752 4666//8752 4667//8752
f 4597//8753 4667//8753 4598//8753
f 4598//8754 4667//8754 4668//8754
f 4598//8755 4668//8755 4599//8755
f 4599//8756 4668//8756 4669//8756
f 4599//8757 4669//8757 4600//8757
f 4600//8758 4669//8758 4670//8758
f 4600//8759 4670//8759 4601//8759
f 4601//8760 4670//8760 4671//8760
f 4601//8761 4671//8761 4602//8761
f 4602//8762 4671//8762 4672//8762
f 4602//8763 4672//8763 4603//8763
f 4603//8764 4672//8764 4673//8764
f 4603//8765 4673//8765 4604//8765
f 4604//8766 4673//8766 4674//8766
f 4604//8767 4674//8767 4605//8767
f 4605//8768 4674//8768 4675//8768
f 4605//8769 4675//8769 4606//8769
f 4606//8770 4675//8770 4676//8770
f 4606//8771 4676//8771 4607//8771
f 4607//8772 4676//8772 4677//8772
f 4607//8773 4677//8773 4608//8773
f 4608//8774 4677//8774 4678//8774
f 4608//8775 4678//8775 4609//8775
f 4609//8776 4678//8776 4679//8776
f 4609//8777 4679//8777 4610//8777
f 4610//8778 4679//8778 4680//8778
f 4610//8779 4680//8779 4611//8779
f 4611//8780 4680//8780 4681//8780
f 4611//8781 4681//8781 4612//8781
f 4612//8782 4681//8782 4682//8782
f 4612//8783 4682//8783 4613//8783
f 4613//8784 4682//8784 4683//8784
f 4613//8785 4683//8785 4614//8785
f 4614//8786 4683//8786 4684//8786
f 4614//8787 4684//8787 4615//8787
f 4615//8788 4684//8788 4685//8788
f 4615//8789 4685//8789 4616//8789
f 4616//8790 4685//8790 4686//8790
f 4616//8791 4686//8791 4617//8791
f 4617//8792 4686//8792 4687//8792
f 4617//8793 4687//8793 4618//8793
f 4618//8794 4687//8794 4688//8794
f 4618//8795 4688//8795 4619//8795
f 4619//8796 4688//8796 4689//8796
f 4619//8797 4689//8797 4620//8797
f 4620//8798 4689//8798 4690//8798
f 4621//8799 4691//8799 4622//8799
f 4622//1343 4691//1343 4692//1343
f 4622//8800 4692//8800 4623//8800
f 4623//8801 4692//8801 4693//8801
f 4623//8802 4693//8802 4624//8802
f 4624//8803 4693//8803 4694//8803
f 4624//8804 4694//8804 4625//8804
f 4625//8805 4694//8805 4695//8805
f 4625//8806 4695//8806 4626//8806
f 4626//8807 4695//8807 4696//8807
f 4626//8808 4696//8808 4627//8808
f 4627//8809 4696//8809 4697//8809
f 4627//8810 4697//8810 4628//8810
f 4628//8811 4697//8811 4698//8811
f 4628//8812 4698//8812 4629//8812
f 4629//8813 4698//8813 4699//8813
f 4629//8814 4699//8814 4630//8814
f 4630//8815 4699//8815 4700//8815
f 4630//8816 4700//8816 4631//8816
f 4631//8816 4700//8816 4701//8816
f 4631//8817 4701//8817 4632//8817
f 4632//8818 4701//8818 4702//8818
f 4632//8819 4702//8819 4633//8819
f 4633//8820 4702//8820 4703//8820
f 4633//1600 4703//1600 4634//1600
f 4634//8821 4703//8821 4704//8821
f 4634//8822 4704//8822 4635//8822
f 4635//8823 4704//8823 4705//8823
f 4635//8824 4705//8824 4636//8824
f 4636//6235 4705//6235 4706//6235
f 4636//8825 4706//8825 4637//8825
f 4637//131 4706//131 4707//131
f 4637//8826 4707//8826 4638//8826
f 4638//8827 4707//8827 4708//8827
f 4638//8828 4708//8828 4639//8828
f 4639//8829 4708//8829 4709//8829
f 4639//8830 4709//8830 4640//8830
f 4640//8831 4709//8831 4710//8831
f 4640//8832 4710//8832 4641//8832
f 4641//8833 4710//8833 4711//8833
f 4641//8834 4711//8834 4642//8834
f 4642//8835 4711//8835 4712//8835
f 4642//8836 4712//8836 4643//8836
f 4643//8837 4712//8837 4713//8837
f 4643//8838 4713//8838 4644//8838
f 4644//8839 4713//8839 4714//8839
f 4644//8840 4714//8840 4645//8840
f 4645//8841 4714//8841 4715//8841
f 4645//8842 4715//8842 4646//8842
f 4646//8843 4715//8843 4716//8843
f 4646//8844 4716//8844 4647//8844
f 4647//8845 4716//8845 4717//8845
f 4647//8846 4717//8846 4648//8846
f 4648//8847 4717//8847 4718//8847
f 4648//8848 4718//8848 4649//8848
f 4649//8849 4718//8849 4719//8849
f 4649//8850 4719//8850 4650//8850
f 4650//8851 4719//8851 4720//8851
f 4650//8852 4720//8852 4651//8852
f 4651//8853 4720//8853 4721//8853
f 4651//8854 4721//8854 4652//8854
f 4652//8855 4721//8855 4722//8855
f 4652//8856 4722//8856 4653//8856
f 4653//2990 4722//2990 4723//2990
f 4653//8857 4723//8857 4654//8857
f 4654//8858 4723//8858 4724//8858
f 4654//8859 4724//8859 4655//8859
f 4655//8860 4724//8860 4725//8860
f 4655//8340 4725//8340 4656//8340
f 4656//8861 4725//8861 4726//8861
f 4656//8862 4726//8862 4657//8862
f 4657//8863 4726//8863 4727//8863
f 4657//8864 4727//8864 4658//8864
f 4658//8865 4727//8865 4728//8865
f 4658//8866 4728//8866 4659//8866
f 4659//8867 4728//8867 4729//8867
f 4659//8868 4729//8868 4660//8868
f 4660//4838 4729//4838 4730//4838
f 4660//8869 4730//8869 4661//8869
f 4661//8870 4730//8870 4731//8870
f 4661//8871 4731//8871 4662//8871
f 4662//5839 4731//5839 4732//5839
f 4662//8872 4732//8872 4663//8872
f 4663//8873 4732//8873 4733//8873
f 4663//8874 4733//8874 4664//8874
f 4664//8875 4733//8875 4734//8875
f 4664//8876 4734//8876 4665//8876
f 4665//8877 4734//8877 4735//8877
f 4665//8878 4735//8878 4666//8878
f 4666//8879 4735//8879 4736//8879
f 4666//7665 4736//7665 4667//7665
f 4667//8880 4736//8880 4737//8880
f 4667//8881 4737//8881 4668//8881
f 4668//8882 4737//8882 4738//8882
f 4668//8883 4738//8883 4669//8883
f 4669//4183 4738//4183 4739//4183
f 4669//8884 4739//8884 4670//8884
f 4670//8885 4739//8885 4740//8885
f 4670//2138 4740//2138 4671//2138
f 4671//8886 4740//8886 4741//8886
f 4671//8887 4741//8887 4672//8887
f 4672//8888 4741//8888 4742//8888
f 4672//8889 4742//8889 4673//8889
f 4673//8890 4742//8890 4743//8890
f 4673//8891 4743//8891 4674//8891
f 4674//8892 4743//8892 4744//8892
f 4674//8893 4744//8893 4675//8893
f 4675//8894 4744//8894 4745//8894
f 4675//8895 4745//8895 4676//8895
f 4676//8896 4745//8896 4746//8896
f 4676//8897 4746//8897 4677//8897
f 4677//8898 4746//8898 4747//8898
f 4677//8899 4747//8899 4678//8899
f 4678//8900 4747//8900 4748//8900
f 4678//8901 4748//8901 4679//8901
f 4679//8902 4748//8902 4749//8902
f 4679//8903 4749//8903 4680//8903
f 4680//8904 4749//8904 4750//8904
f 4680//8905 4750//8905 4681//8905
f 4681//8906 4750//8906 4751//8906
f 4681//8907 4751//8907 4682//8907
f 4682//8908 4751//8908 4752//8908
f 4682//8909 4752//8909 4683//8909
f 4683//8910 4752//8910 4753//8910
f 4683//8911 4753//8911 4684//8911
f 4684//8912 4753//8912 4754//8912
f 4684//8913 4754//8913 4685//8913
f 4685//8914 4754//8914 4755//8914
f 4685//8915 4755//8915 4686//8915
f 4686//8916 4755//8916 4756//8916
f 4686//8917 4756//8917 4687//8917
f 4687//8918 4756//8918 4757//8918
f 4687//8919 4757//8919 4688//8919
f 4688//8920 4757//8920 4758//8920
f 4688//8921 4758//8921 4689//8921
f 4689//8922 4758//8922 4759//8922
f 4689//8923 4759//8923 4690//8923
f 4690//8924 4759//8924 4760//8924
f 4691//8925 4761//8925 4692//8925
f 4692//8926 4761//8926 4762//8926
f 4692//8927 4762//8927 4693//8927
f 4693//8928 4762//8928 4763//8928
f 4693//8929 4763//8929 4694//8929
f 4694//8930 4763//8930 4764//8930
f 4694//8931 4764//8931 4695//8931
f 4695//8932 4764//8932 4765//8932
f 4695//8933 4765//8933 4696//8933
f 4696//8934 4765//8934 4766//8934
f 4696//8935 4766//8935 4697//8935
f 4697//8936 4766//8936 4767//8936
f 4697//8937 4767//8937 4698//8937
f 4698//8938 4767//8938 4768//8938
f 4698//8939 4768//8939 4699//8939
f 4699//8940 4768//8940 4769//8940
f 4699//2055 4769//2055 4700//2055
f 4700//8941 4769//8941 4770//8941
f 4700//8942 4770//8942 4701//8942
f 4701//8943 4770//8943 4771//8943
f 4701//8944 4771//8944 4702//8944
f 4702//2209 4771//2209 4772//2209
f 4702//8612 4772//8612 4703//8612
f 4703//762 4772//762 4773//762
f 4703//8945 4773//8945 4704//8945
f 4704//8946 4773//8946 4774//8946
f 4704//8947 4774//8947 4705//8947
f 4705//8948 4774//8948 4775//8948
f 4705//5033 4775//5033 4706//5033
f 4706//8949 4775//8949 4776//8949
f 4706//8950 4776//8950 4707//8950
f 4707//8951 4776//8951 4777//8951
f 4707//8952 4777//8952 4708//8952
f 4708//8953 4777//8953 4778//8953
f 4708//8954 4778//8954 4709//8954
f 4709//8955 4778//8955 4779//8955
f 4709//8956 4779//8956 4710//8956
f 4710//8957 4779//8957 4780//8957
f 4710//8958 4780//8958 4711//8958
f 4711//8959 4780//8959 4781//8959
f 4711//8960 4781//8960 4712//8960
f 4712//8961 4781//8961 4782//8961
f 4712//8962 4782//8962 4713//8962
f 4713//8963 4782//8963 4783//8963
f 4713//8964 4783//8964 4714//8964
f 4714//8965 4783//8965 4784//8965
f 4714//8966 4784//8966 4715//8966
f 4715//8967 4784//8967 4785//8967
f 4715//8968 4785//8968 4716//8968
f 4716//8969 4785//8969 4786//8969
f 4716//3923 4786//3923 4717//3923
f 4717//8970 4786//8970 4787//8970
f 4717//8971 4787//8971 4718//8971
f 4718//8972 4787//8972 4788//8972
f 4718//8973 4788//8973 4719//8973
f 4719//8974 4788//8974 4789//8974
f 4719//8975 4789//8975 4720//8975
f 4720//8976 4789//8976 4790//8976
f 4720//8977 4790//8977 4721//8977
f 4721//8978 4790//8978 4791//8978
f 4721//8979 4791//8979 4722//8979
f 4722//8980 4791//8980 4792//8980
f 4722//8981 4792//8981 4723//8981
f 4723//8982 4792//8982 4793//8982
f 4723//8983 4793//8983 4724//8983
f 4724//8984 4793//8984 4794//8984
f 4724//8985 4794//8985 4725//8985
f 4725//8986 4794//8986 4795//8986
f 4725//8987 4795//8987 4726//8987
f 4726//8988 4795//8988 4796//8988
f 4726//8989 4796//8989 4727//8989
f 4727//8990 4796//8990 4797//8990
f 4727//8991 4797//8991 4728//8991
f 4728//8992 4797//8992 4798//8992
f 4728//1398 4798//1398 4729//1398
f 4729//8993 4798//8993 4799//8993
f 4729//8994 4799//8994 4730//8994
f 4730//8995 4799//8995 4800//8995
f 4730//8996 4800//8996 4731//8996
f 4731//8997 4800//8997 4801//8997
f 4731//8998 4801//8998 4732//8998
f 4732//8999 4801//8999 4802//8999
f 4732//9000 4802//9000 4733//9000
f 4733//9001 4802//9001 4803//9001
f 4733//9002 4803//9002 4734//9002
f 4734//9003 4803//9003 4804//9003
f 4734//9004 4804//9004 4735//9004
f 4735//9005 4804//9005 4805//9005
f 4735//9006 4805//9006 4736//9006
f 4736//9007 4805//9007 4806//9007
f 4736//9008 4806//9008 4737//9008
f 4737//9009 4806//9009 4807//9009
f 4737//328 4807//328 4738//328
f 4738//9010 4807//9010 4808//9010
f 4738//9011 4808//9011 4739//9011
f 4739//9012 4808//9012 4809//9012
f 4739//9013 4809//9013 4740//9013
f 4740//6154 4809//6154 4810//6154
f 4740//9014 4810//9014 4741//9014
f 4741//9015 4810//9015 4811//9015
f 4741//9016 4811//9016 4742//9016
f 4742//9017 4811//9017 4812//9017
f 4742//9018 4812//9018 4743//9018
f 4743//9019 4812//9019 4813//9019
f 4743//9020 4813//9020 4744//9020
f 4744//9021 4813//9021 4814//9021
f 4744//9022 4814//9022 4745//9022
f 4745//9023 4814//9023 4815//9023
f 4745//9024 4815//9024 4746//9024
f 4746//9025 4815//9025 4816//9025
f 4746//9026 4816//9026 4747//9026
f 4747//9027 4816//9027 4817//9027
f 4747//9028 4817//9028 4748//9028
f 4748//9029 4817//9029 4818//9029
f 4748//9030 4818//9030 4749//9030
f 4749//9031 4818//9031 4819//9031
f 4749//9032 4819//9032 4750//9032
f 4750//9033 4819//9033 4820//9033
f 4750//9034 4820//9034 4751//9034
f 4751//9035 4820//9035 4821//9035
f 4751//9036 4821//9036 4752//9036
f 4752//7853 4821//7853 4822//7853
f 4752//9037 4822//9037 4753//9037
f 4753//9038 4822//9038 4823//9038
f 4753//9039 4823//9039 4754//9039
f 4754//9040 4823//9040 4824//9040
f 4754//9041 4824//9041 4755//9041
f 4755//9042 4824//9042 4825//9042
f 4755//9043 4825//9043 4756//9043
f 4756//9044 4825//9044 4826//9044
f 4756//9045 4826//9045 4757//9045
f 4757//9046 4826//9046 4827//9046
f 4757//9047 4827//9047 4758//9047
f 4758//9048 4827//9048 4828//9048
f 4758//9049 4828//9049 4759//9049
f 4759//9050 4828//9050 4829//9050
f 4759//9051 4829//9051 4760//9051
f 4760//9052 4829//9052 4830//9052
f 4761//9053 4831//9053 4762//9053
f 4762//9054 4831//9054 4832//9054
f 4762//9055 4832//9055 4763//9055
f 4763//9056 4832//9056 4833//9056
f 4763//9057 4833//9057 4764//9057
f 4764//9058 4833//9058 4834//9058
f 4764//9059 4834//9059 4765//9059
f 4765//9060 4834//9060 4835//9060
f 4765//9061 4835//9061 4766//9061
f 4766//9062 4835//9062 4836//9062
f 4766//9063 4836//9063 4767//9063
f 4767//9064 4836//9064 4837//9064
f 4767//9065 4837//9065 4768//9065
f 4768//9066 4837//9066 4838//9066
f 4768//9067 4838//9067 4769//9067
f 4769//9068 4838//9068 4839//9068
f 4769//9069 4839//9069 4770//9069
f 4770//9070 4839//9070 4840//9070
f 4770//9071 4840//9071 4771//9071
f 4771//3687 4840//3687 4841//3687
f 4771//9072 4841//9072 4772//9072
f 4772//9073 4841//9073 4842//9073
f 4772//9074 4842//9074 4773//9074
f 4773//9075 4842//9075 4843//9075
f 4773//9076 4843//9076 4774//9076
f 4774//9077 4843//9077 4844//9077
f 4774//9078 4844//9078 4775//9078
f 4775//9079 4844//9079 4845//9079
f 4775//9080 4845//9080 4776//9080
f 4776//6131 4845//6131 4846//6131
f 4776//9081 4846//9081 4777//9081
f 4777//9082 4846//9082 4847//9082
f 4777//9083 4847//9083 4778//9083
f 4778//9084 4847//9084 4848//9084
f 4778//9085 4848//9085 4779//9085
f 4779//9086 4848//9086 4849//9086
f 4779//9087 4849//9087 4780//9087
f 4780//9088 4849//9088 4850//9088
f 4780//9089 4850//9089 4781//9089
f 4781//9090 4850//9090 4851//9090
f 4781//9091 4851//9091 4782//9091
f 4782//9092 4851//9092 4852//9092
f 4782//6192 4852//6192 4783//6192
f 4783//9093 4852//9093 4853//9093
f 4783//9094 4853//9094 4784//9094
f 4784//9095 4853//9095 4854//9095
f 4784//9096 4854//9096 4785//9096
f 4785//9097 4854//9097 4855//9097
f 4785//9098 4855//9098 4786//9098
f 4786//9099 4855//9099 4856//9099
f 4786//9100 4856//9100 4787//9100
f 4787//9101 4856//9101 4857//9101
f 4787//9102 4857//9102 4788//9102
f 4788//9103 4857//9103 4858//9103
f 4788//9104 4858//9104 4789//9104
f 4789//9105 4858//9105 4859//9105
f 4789//9106 4859//9106 4790//9106
f 4790//9107 4859//9107 4860//9107
f 4790//9108 4860//9108 4791//9108
f 4791//9109 4860//9109 4861//9109
f 4791//249 4861//249 4792//249
f 4792//9110 4861//9110 4862//9110
f 4792//8071 4862//8071 4793//8071
f 4793//9111 4862//9111 4863//9111
f 4793//9112 4863//9112 4794//9112
f 4794//9113 4863//9113 4864//9113
f 4794//9114 4864//9114 4795//9114
f 4795//9115 4864//9115 4865//9115
f 4795//9116 4865//9116 4796//9116
f 4796//9117 4865//9117 4866//9117
f 4796//9118 4866//9118 4797//9118
f 4797//9119 4866//9119 4867//9119
f 4797//9120 4867//9120 4798//9120
f 4798//9121 4867//9121 4868//9121
f 4798//9122 4868//9122 4799//9122
f 4799//9123 4868//9123 4869//9123
f 4799//9124 4869//9124 4800//9124
f 4800//9125 4869//9125 4870//9125
f 4800//9126 4870//9126 4801//9126
f 4801//9127 4870//9127 4871//9127
f 4801//9128 4871//9128 4802//9128
f 4802//9129 4871//9129 4872//9129
f 4802//9130 4872//9130 4803//9130
f 4803//9131 4872//9131 4873//9131
f 4803//9132 4873//9132 4804//9132
f 4804//9133 4873//9133 4874//9133
f 4804//9134 4874//9134 4805//9134
f 4805//9135 4874//9135 4875//9135
f 4805//9136 4875//9136 4806//9136
f 4806//9137 4875//9137 4876//9137
f 4806//9138 4876//9138 4807//9138
f 4807//9139 4876//9139 4877//9139
f 4807//3363 4877//3363 4808//3363
f 4808//1790 4877//1790 4878//1790
f 4808//9140 4878//9140 4809//9140
f 4809//9141 4878//9141 4879//9141
f 4809//9142 4879//9142 4810//9142
f 4810//9143 4879//9143 4880//9143
f 4810//9144 4880//9144 4811//9144
f 4811//9145 4880//9145 4881//9145
f 4811//753 4881//753 4812//753
f 4812//9146 4881//9146 4882//9146
f 4812//9147 4882//9147 4813//9147
f 4813//9148 4882//9148 4883//9148
f 4813//9149 4883//9149 4814//9149
f 4814//9150 4883//9150 4884//9150
f 4814//9151 4884//9151 4815//9151
f 4815//9152 4884//9152 4885//9152
f 4815//9153 4885//9153 4816//9153
f 4816//9154 4885//9154 4886//9154
f 4816//9155 4886//9155 4817//9155
f 4817//9156 4886//9156 4887//9156
f 4817//9157 4887//9157 4818//9157
f 4818//9158 4887//9158 4888//9158
f 4818//9159 4888//9159 4819//9159
f 4819//9160 4888//9160 4889//9160
f 4819//9161 4889//9161 4820//9161
f 4820//9162 4889//9162 4890//9162
f 4820//9163 4890//9163 4821//9163
f 4821//9164 4890//9164 4891//9164
f 4821//9165 4891//9165 4822//9165
f 4822//9166 4891//9166 4892//9166
f 4822//9167 4892//9167 4823//9167
f 4823//9168 4892//9168 4893//9168
f 4823//9169 4893//9169 4824//9169
f 4824//9170 4893//9170 4894//9170
f 4824//9171 4894//9171 4825//9171
f 4825//9172 4894//9172 4895//9172
f 4825//1902 4895//1902 4826//1902
f 4826//9173 4895//9173 4896//9173
f 4826//9174 4896//9174 4827//9174
f 4827//9175 4896//9175 4897//9175
f 4827//9176 4897//9176 4828//9176
f 4828//9177 4897//9177 4898//9177
f 4828//9178 4898//9178 4829//9178
f 4829//9178 4898//9178 4899//9178
f 4829//9179 4899//9179 4830//9179
f 4830//9180 4899//9180 4900//9180
usemtl loose_dirt
f 1644//3184 1714//3184 1645//3184
f 1645//3185 1714//3185 1715//3185
f 1645//3186 1715//3186 1646//3186
f 1646//3187 1715//3187 1716//3187
f 1713//3317 1783//3317 1714//3317
f 1714//3318 1783//3318 1784//3318
f 1714//3319 1784//3319 1715//3319
f 1715//3320 1784//3320 1785//3320
f 1715//3321 1785//3321 1716//3321
f 1716//3322 1785//3322 1786//3322
f 1716//3323 1786//3323 1717//3323
f 1717//3324 1786//3324 1787//3324
f 2122//4104 2192//4104 2123//4104
f 2123//4105 2192//4105 2193//4105
f 2190//4234 2260//4234 2191//4234
f 2191//4235 2260//4235 2261//4235
f 2191//4236 2261//4236 2192//4236
f 2192//4237 2261//4237 2262//4237
f 2259//4368 2329//4368 2260//4368
f 2260//4369 2329//4369 2330//4369
f 2260//4370 2330//4370 2261//4370
f 2261//4371 2330//4371 2331//4371
f 2329//4501 2399//4501 2330//4501
f 2330//4502 2399//4502 2400//4502
f 2330//4503 2400//4503 2331//4503
f 2331//4504 2400//4504 2401//4504
f 2400//4639 2470//4639 2401//4639
f 2401//4640 2470//4640 2471//4640
f 2401//4641 2471//4641 2402//4641
f 2402//4642 2471//4642 2472//4642
f 2471//4775 2541//4775 2472//4775
f 2472//4776 2541//4776 2542//4776
f 2472//4777 2542//4777 2473//4777
f 2473//4778 2542//4778 2543//4778
f 2541//4911 2611//4911 2542//4911
f 2542//4912 2611//4912 2612//4912
f 2542//4913 2612//4913 2543//4913
f 2543//4914 2612//4914 2613//4914
f 2543//4915 2613//4915 2544//4915
f 2544//4916 2613//4916 2614//4916
f 2612//5046 2682//5046 2613//5046
f 2613//5047 2682//5047 2683//5047
f 2613//5048 2683//5048 2614//5048
f 2614//5049 2683//5049 2684//5049
f 2682//5184 2752//5184 2683//5184
f 2683//5185 2752//5185 2753//5185
f 2683//5186 2753//5186 2684//5186
f 2684//5187 2753//5187 2754//5187
f 2684//5188 2754//5188 2685//5188
f 2685//5189 2754//5189 2755//5189
f 2753//5323 2823//5323 2754//5323
f 2754//5324 2823//5324 2824//5324
f 2754//5325 2824//5325 2755//5325
f 2755//5326 2824//5326 2825//5326
f 2755//5327 2825//5327 2756//5327
f 2756//5328 2825//5328 2826//5328
f 2776//5369 2846//5369 2777//5369
f 2777//5370 2846//5370 2847//5370
f 2777//5371 2847//5371 2778//5371
f 2778//5372 2847//5372 2848//5372
f 2824//5462 2894//5462 2825//5462
f 2825//5463 2894//5463 2895//5463
f 2825//5464 2895//5464 2826//5464
f 2826//5465 2895//5465 2896//5465
f 2846//5506 2916//5506 2847//5506
f 2847//5507 2916//5507 2917//5507
f 2847//5508 2917//5508 2848//5508
f 2848//5509 2917//5509 2918//5509
f 2894//5597 2964//5597 2895//5597
f 2895//5598 2964//5598 2965//5598
f 2895//5599 2965//5599 2896//5599
f 2896//5600 2965//5600 2966//5600
f 2896//5601 2966//5601 2897//5601
f 2897//5602 2966//5602 2967//5602
f 2915//5639 2985//5639 2916//5639
f 2916//5640 2985//5640 2986//5640
f 2916//5641 2986//5641 2917//5641
f 2917//5642 2986//5642 2987//5642
f 2917//5643 2987//5643 2918//5643
f 2918//5644 2987//5644 2988//5644
f 2964//5730 3034//5730 2965//5730
f 2965//5731 3034//5731 3035//5731
f 2965//5732 3035//5732 2966//5732
f 2966//5733 3035//5733 3036//5733
f 2966//5734 3036//5734 2967//5734
f 2967//5735 3036//5735 3037//5735
f 2967//5736 3037//5736 2968//5736
f 2968//5737 3037//5737 3038//5737
f 2980//5762 3050//5762 2981//5762
f 2981//5763 3050//5763 3051//5763
f 2981//5764 3051//5764 2982//5764
f 2982//5765 3051//5765 3052//5765
f 2982//5766 3052//5766 2983//5766
f 2983//5767 3052//5767 3053//5767
f 2983//5768 3053//5768 2984//5768
f 2984//5769 3053//5769 3054//5769
f 2984//5770 3054//5770 2985//5770
f 2985//5771 3054//5771 3055//5771
f 2985//5772 3055//5772 2986//5772
f 2986//5773 3055//5773 3056//5773
f 2986//5774 3056//5774 2987//5774
f 2987//5775 3056//5775 3057//5775
f 2987//5776 3057//5776 2988//5776
f 2988//5777 3057//5777 3058//5777
f 3035//5864 3105//5864 3036//5864
f 3036//5865 3105//5865 3106//5865
f 3036//5866 3106//5866 3037//5866
f 3037//5867 3106//5867 3107//5867
f 3037//5868 3107//5868 3038//5868
f 3038//5869 3107//5869 3108//5869
f 3038//5870 3108//5870 3039//5870
f 3039//5871 3108//5871 3109//5871
f 3039//5872 3109//5872 3040//5872
f 3040//5873 3109//5873 3110//5873
f 3048//5890 3118//5890 3049//5890
f 3049//5891 3118//5891 3119//5891
f 3049//5892 3119//5892 3050//5892
f 3050//5893 3119//5893 3120//5893
f 3050//5894 3120//5894 3051//5894
f 3051//5895 3120//5895 3121//5895
f 3051//5896 3121//5896 3052//5896
f 3052//5897 3121//5897 3122//5897
f 3052//5898 3122//5898 3053//5898
f 3053//5899 3122//5899 3123//5899
f 3053//5900 3123//5900 3054//5900
f 3054//5901 3123//5901 3124//5901
f 3054//5902 3124//5902 3055//5902
f 3055//5903 3124//5903 3125//5903
f 3055//5904 3125//5904 3056//5904
f 3056//5905 3125//5905 3126//5905
f 3056//5906 3126//5906 3057//5906
f 3057//5907 3126//5907 3127//5907
f 3108//6004 3178//6004 3109//6004
f 3109//6005 3178//6005 3179//6005
f 3109//6006 3179//6006 3110//6006
f 3110//6007 3179//6007 3180//6007
f 3110//6008 3180//6008 3111//6008
f 3111//6009 3180//6009 3181//6009
f 3111//6010 3181//6010 3112//6010
f 3112//6011 3181//6011 3182//6011
f 4901//9181 4908//9181 4902//9181
f 4902//9182 4908//9182 4909//9182
f 4902//9181 4909//9181 4903//9181
f 4903//9183 4909//9183 4910//9183
f 4903//9181 4910//9181 4904//9181
f 4904//9184 4910//9184 4911//9184
f 4904//9181 4911//9181 4905//9181
f 4905//9185 4911//9185 4912//9185
f 4905//9181 4912//9181 4906//9181
f 4906//9186 4912//9186 4913//9186
f 4906//9181 4913//9181 4907//9181
f 4907//9187 4913//9187 4914//9187
f 4907//9181 4914//9181 4901//9181
f 4901//9188 4914//9188 4908//9188
f 4908//9189 4915//9189 4909//9189
f 4909//9190 4915//9190 4916//9190
f 4909//9191 4916//9191 4910//9191
f 4910//9192 4916//9192 4917//9192
f 4910//9193 4917//9193 4911//9193
f 4911//9194 4917//9194 4918//9194
f 4911//9195 4918//9195 4912//9195
f 4912//9195 4918//9195 4919//9195
f 4912//9196 4919//9196 4913//9196
f 4913//9197 4919//9197 4920//9197
f 4913//9198 4920//9198 4914//9198
f 4914//9199 4920//9199 4921//9199
f 4914//9200 4921//9200 4908//9200
f 4908//9201 4921//9201 4915//9201
f 4915//9202 4922//9202 4916//9202
f 4916//9203 4922//9203 4923//9203
f 4916//9204 4923//9204 4917//9204
f 4917//9205 4923//9205 4924//9205
f 4917//9206 4924//9206 4918//9206
f 4918//9207 4924//9207 4925//9207
f 4918//9208 4925//9208 4919//9208
f 4919//9208 4925//9208 4926//9208
f 4919//9209 4926//9209 4920//9209
f 4920//9210 4926//9210 4927//9210
f 4920//9211 4927//9211 4921//9211
f 4921//9212 4927//9212 4928//9212
f 4921//9213 4928//9213 4915//9213
f 4915//9214 4928//9214 4922//9214
f 4922//9215 4929//9215 4923//9215
f 4923//9181 4929//9181 4930//9181
f 4923//9216 4930//9216 4924//9216
f 4924//9181 4930//9181 4931//9181
f 4924//9217 4931//9217 4925//9217
f 4925//9181 4931//9181 4932//9181
f 4925//9218 4932//9218 4926//9218
f 4926//9181 4932//9181 4933//9181
f 4926//9219 4933//9219 4927//9219
f 4927//9181 4933//9181 4934//9181
f 4927//9220 4934//9220 4928//9220
f 4928//9181 4934//9181 4935//9181
f 4928//9221 4935//9221 4922//9221
f 4922//9181 4935//9181 4929//9181
f 4936//9181 4943//9181 4937//9181
f 4937//9222 4943//9222 4944//9222
f 4937//9181 4944//9181 4938//9181
f 4938//9223 4944//9223 4945//9223
f 4938//9181 4945//9181 4939//9181
f 4939//9224 4945//9224 4946//9224
f 4939//9181 4946//9181 4940//9181
f 4940//9225 4946//9225 4947//9225
f 4940//9181 4947//9181 4941//9181
f 4941//9226 4947//9226 4948//9226
f 4941//9181 4948//9181 4942//9181
f 4942//9227 4948//9227 4949//9227
f 4942//9181 4949//9181 4936//9181
f 4936//9228 4949//9228 4943//9228
f 4943//9229 4950//9229 4944//9229
f 4944//9230 4950//9230 4951//9230
f 4944//9231 4951//9231 4945//9231
f 4945//9232 4951//9232 4952//9232
f 4945//9233 4952//9233 4946//9233
f 4946//9234 4952//9234 4953//9234
f 4946//9235 4953//9235 4947//9235
f 4947//9235 4953//9235 4954//9235
f 4947//9236 4954//9236 4948//9236
f 4948//9237 4954//9237 4955//9237
f 4948//9238 4955//9238 4949//9238
f 4949//9239 4955//9239 4956//9239
f 4949//9240 4956//9240 4943//9240
f 4943//9241 4956//9241 4950//9241
f 4950//9242 4957//9242 4951//9242
f 4951//9243 4957//9243 4958//9243
f 4951//9244 4958//9244 4952//9244
f 4952//9245 4958//9245 4959//9245
f 4952//9246 4959//9246 4953//9246
f 4953//9247 4959//9247 4960//9247
f 4953//9248 4960//9248 4954//9248
f 4954//9248 4960//9248 4961//9248
f 4954//9249 4961//9249 4955//9249
f 4955//9250 4961//9250 4962//9250
f 4955//9251 4962//9251 4956//9251
f 4956//9252 4962//9252 4963//9252
f 4956//9253 4963//9253 4950//9253
f 4950//9254 4963//9254 4957//9254
f 4957//9255 4964//9255 4958//9255
f 4958//9181 4964//9181 4965//9181
f 4958//9256 4965//9256 4959//9256
f 4959//9181 4965//9181 4966//9181
f 4959//9257 4966//9257 4960//9257
f 4960//9181 4966//9181 4967//9181
f 4960//9258 4967//9258 4961//9258
f 4961//9181 4967//9181 4968//9181
f 4961//9259 4968//9259 4962//9259
f 4962//9181 4968//9181 4969//9181
f 4962//9260 4969//9260 4963//9260
f 4963//9181 4969//9181 4970//9181
f 4963//9261 4970//9261 4957//9261
f 4957//9181 4970//9181 4964//9181
f 4971//9181 4978//9181 4972//9181
f 4972//9262 4978//9262 4979//9262
f 4972//9181 4979//9181 4973//9181
f 4973//9263 4979//9263 4980//9263
f 4973//9181 4980//9181 4974//9181
f 4974//9264 4980//9264 4981//9264
f 4974//9181 4981//9181 4975//9181
f 4975//9265 4981//9265 4982//9265
f 4975//9181 4982//9181 4976//9181
f 4976//9266 4982//9266 4983//9266
f 4976//9181 4983//9181 4977//9181
f 4977//9267 4983//9267 4984//9267
f 4977//9181 4984//9181 4971//9181
f 4971//9268 4984//9268 4978//9268
f 4978//9269 4985//9269 4979//9269
f 4979//9270 4985//9270 4986//9270
f 4979//9271 4986//9271 4980//9271
f 4980//9272 4986//9272 4987//9272
f 4980//9273 4987//9273 4981//9273
f 4981//9274 4987//9274 4988//9274
f 4981//9275 4988//9275 4982//9275
f 4982//9275 4988//9275 4989//9275
f 4982//9276 4989//9276 4983//9276
f 4983//9277 4989//9277 4990//9277
f 4983//9278 4990//9278 4984//9278
f 4984//9279 4990//9279 4991//9279
f 4984//9280 4991//9280 4978//9280
f 4978//9280 4991//9280 4985//9280
f 4985//9281 4992//9281 4986//9281
f 4986//9282 4992//9282 4993//9282
f 4986//9283 4993//9283 4987//9283
f 4987//9284 4993//9284 4994//9284
f 4987//9285 4994//9285 4988//9285
f 4988//9286 4994//9286 4995//9286
f 4988//9287 4995//9287 4989//9287
f 4989//9287 4995//9287 4996//9287
f 4989//9288 4996//9288 4990//9288
f 4990//9289 4996//9289 4997//9289
f 4990//9290 4997//9290 4991//9290
f 4991//9291 4997//9291 4998//9291
f 4991//9292 4998//9292 4985//9292
f 4985//9292 4998//9292 4992//9292
f 4992//9293 4999//9293 4993//9293
f 4993//9181 4999//9181 5000//9181
f 4993//9294 5000//9294 4994//9294
f 4994//9181 5000//9181 5001//9181
f 4994//9295 5001//9295 4995//9295
f 4995//9181 5001//9181 5002//9181
f 4995//9296 5002//9296 4996//9296
f 4996//9181 5002//9181 5003//9181
f 4996//9297 5003//9297 4997//9297
f 4997//9181 5003//9181 5004//9181
f 4997//9298 5004//9298 4998//9298
f 4998//9181 5004//9181 5005//9181
f 4998//9299 5005//9299 4992//9299
f 4992//9181 5005//9181 4999//9181
f 5006//9181 5013//9181 5007//9181
f 5007//9300 5013//9300 5014//9300
f 5007//9181 5014//9181 5008//9181
f 5008//9301 5014//9301 5015//9301
f 5008//9181 5015//9181 5009//9181
f 5009//9302 5015//9302 5016//9302
f 5009//9181 5016//9181 5010//9181
f 5010//9303 5016//9303 5017//9303
f 5010//9181 5017//9181 5011//9181
f 5011//9304 5017//9304 5018//9304
f 5011//9181 5018//9181 5012//9181
f 5012//9305 5018//9305 5019//9305
f 5012//9181 5019//9181 5006//9181
f 5006//9306 5019//9306 5013//9306
f 5013//9307 5020//9307 5014//9307
f 5014//9307 5020//9307 5021//9307
f 5014//9308 5021//9308 5015//9308
f 5015//9309 5021//9309 5022//9309
f 5015//9310 5022//9310 5016//9310
f 5016//9311 5022//9311 5023//9311
f 5016//9312 5023//9312 5017//9312
f 5017//9312 5023//9312 5024//9312
f 5017//9313 5024//9313 5018//9313
f 5018//9314 5024//9314 5025//9314
f 5018//9315 5025//9315 5019//9315
f 5019//9316 5025//9316 5026//9316
f 5019//9317 5026//9317 5013//9317
f 5013//9317 5026//9317 5020//9317
f 5020//9318 5027//9318 5021//9318
f 5021//9318 5027//9318 5028//9318
f 5021//9319 5028//9319 5022//9319
f 5022//9320 5028//9320 5029//9320
f 5022//9321 5029//9321 5023//9321
f 5023//9322 5029//9322 5030//9322
f 5023//9323 5030//9323 5024//9323
f 5024//9323 5030//9323 5031//9323
f 5024//9324 5031//9324 5025//9324
f 5025//9325 5031//9325 5032//9325
f 5025//9326 5032//9326 5026//9326
f 5026//9327 5032//9327 5033//9327
f 5026//9328 5033//9328 5020//9328
f 5020//9328 5033//9328 5027//9328
f 5027//9329 5034//9329 5028//9329
f 5028//9181 5034//9181 5035//9181
f 5028//9330 5035//9330 5029//9330
f 5029//9181 5035//9181 5036//9181
f 5029//9331 5036//9331 5030//9331
f 5030//9181 5036//9181 5037//9181
f 5030//9332 5037//9332 5031//9332
f 5031//9181 5037//9181 5038//9181
f 5031//9333 5038//9333 5032//9333
f 5032//9181 5038//9181 5039//9181
f 5032//9334 5039//9334 5033//9334
f 5033//9181 5039//9181 5040//9181
f 5033//9335 5040//9335 5027//9335
f 5027//9181 5040//9181 5034//9181
f 5041//9181 5048//9181 5042//9181
f 5042//9336 5048//9336 5049//9336
f 5042//9181 5049//9181 5043//9181
f 5043//9337 5049//9337 5050//9337
f 5043//9181 5050//9181 5044//9181
f 5044//9338 5050//9338 5051//9338
f 5044//9181 5051//9181 5045//9181
f 5045//9339 5051//9339 5052//9339
f 5045//9181 5052//9181 5046//9181
f 5046//9340 5052//9340 5053//9340
f 5046//9181 5053//9181 5047//9181
f 5047//9341 5053//9341 5054//9341
f 5047//9181 5054//9181 5041//9181
f 5041//9342 5054//9342 5048//9342
f 5048//9343 5055//9343 5049//9343
f 5049//9344 5055//9344 5056//9344
f 5049//9345 5056//9345 5050//9345
f 5050//9346 5056//9346 5057//9346
f 5050//9347 5057//9347 5051//9347
f 5051//9348 5057//9348 5058//9348
f 5051//9349 5058//9349 5052//9349
f 5052//9349 5058//9349 5059//9349
f 5052//9350 5059//9350 5053//9350
f 5053//9351 5059//9351 5060//9351
f 5053//9352 5060//9352 5054//9352
f 5054//9353 5060//9353 5061//9353
f 5054//9354 5061//9354 5048//9354
f 5048//9355 5061//9355 5055//9355
f 5055//9356 5062//9356 5056//9356
f 5056//9357 5062//9357 5063//9357
f 5056//9358 5063//9358 5057//9358
f 5057//9359 5063//9359 5064//9359
f 5057//9360 5064//9360 5058//9360
f 5058//9361 5064//9361 5065//9361
f 5058//9362 5065//9362 5059//9362
f 5059//9362 5065//9362 5066//9362
f 5059//9363 5066//9363 5060//9363
f 5060//9364 5066//9364 5067//9364
f 5060//9365 5067//9365 5061//9365
f 5061//9366 5067//9366 5068//9366
f 5061//9367 5068//9367 5055//9367
f 5055//9368 5068//9368 5062//9368
f 5062//9369 5069//9369 5063//9369
f 5063//9181 5069//9181 5070//9181
f 5063//9370 5070//9370 5064//9370
f 5064//9181 5070//9181 5071//9181
f 5064//9371 5071//9371 5065//9371
f 5065//9181 5071//9181 5072//9181
f 5065//9372 5072//9372 5066//9372
f 5066//9181 5072//9181 5073//9181
f 5066//9373 5073//9373 5067//9373
f 5067//9181 5073//9181 5074//9181
f 5067//9374 5074//9374 5068//9374
f 5068//9181 5074//9181 5075//9181
f 5068//9375 5075//9375 5062//9375
f 5062//9181 5075//9181 5069//9181
f 5076//9181 5083//9181 5077//9181
f 5077//9376 5083//9376 5084//9376
f 5077//9181 5084//9181 5078//9181
f 5078//9377 5084//9377 5085//9377
f 5078//9181 5085//9181 5079//9181
f 5079//9378 5085//9378 5086//9378
f 5079//9181 5086//9181 5080//9181
f 5080//9379 5086//9379 5087//9379
f 5080//9181 5087//9181 5081//9181
f 5081//9380 5087//9380 5088//9380
f 5081//9181 5088//9181 5082//9181
f 5082//9381 5088//9381 5089//9381
f 5082//9181 5089//9181 5076//9181
f 5076//9382 5089//9382 5083//9382
f 5083//9383 5090//9383 5084//9383
f 5084//9384 5090//9384 5091//9384
f 5084//9385 5091//9385 5085//9385
f 5085//9386 5091//9386 5092//9386
f 5085//9387 5092//9387 5086//9387
f 5086//9388 5092//9388 5093//9388
f 5086//9389 5093//9389 5087//9389
f 5087//9389 5093//9389 5094//9389
f 5087//9390 5094//9390 5088//9390
f 5088//9391 5094//9391 5095//9391
f 5088//9392 5095//9392 5089//9392
f 5089//9393 5095//9393 5096//9393
f 5089//9394 5096//9394 5083//9394
f 5083//9395 5096//9395 5090//9395
f 5090//9396 5097//9396 5091//9396
f 5091//9397 5097//9397 5098//9397
f 5091//9398 5098//9398 5092//9398
f 5092//9399 5098//9399 5099//9399
f 5092//9400 5099//9400 5093//9400
f 5093//9401 5099//9401 5100//9401
f 5093//9402 5100//9402 5094//9402
f 5094//9402 5100//9402 5101//9402
f 5094//9403 5101//9403 5095//9403
f 5095//9404 5101//9404 5102//9404
f 5095//9405 5102//9405 5096//9405
f 5096//9406 5102//9406 5103//9406
f 5096//9407 5103//9407 5090//9407
f 5090//9408 5103//9408 5097//9408
f 5097//9409 5104//9409 5098//9409
f 5098//9181 5104//9181 5105//9181
f 5098//9410 5105//9410 5099//9410
f 5099//9181 5105//9181 5106//9181
f 5099//9411 5106//9411 5100//9411
f 5100//9181 5106//9181 5107//9181
f 5100//9412 5107//9412 5101//9412
f 5101//9181 5107//9181 5108//9181
f 5101//9413 5108//9413 5102//9413
f 5102//9181 5108//9181 5109//9181
f 5102//9414 5109//9414 5103//9414
f 5103//9181 5109//9181 5110//9181
f 5103//9415 5110//9415 5097//9415
f 5097//9181 5110//9181 5104//9181
f 5111//9181 5118//9181 5112//9181
f 5112//9416 5118//9416 5119//9416
f 5112//9181 5119//9181 5113//9181
f 5113//9417 5119//9417 5120//9417
f 5113//9181 5120//9181 5114//9181
f 5114//9418 5120//9418 5121//9418
f 5114//9181 5121//9181 5115//9181
f 5115//9419 5121//9419 5122//9419
f 5115//9181 5122//9181 5116//9181
f 5116//9420 5122//9420 5123//9420
f 5116//9181 5123//9181 5117//9181
f 5117//9421 5123//9421 5124//9421
f 5117//9181 5124//9181 5111//9181
f 5111//9422 5124//9422 5118//9422
f 5118//9423 5125//9423 5119//9423
f 5119//9424 5125//9424 5126//9424
f 5119//9425 5126//9425 5120//9425
f 5120//9426 5126//9426 5127//9426
f 5120//9427 5127//9427 5121//9427
f 5121//9428 5127//9428 5128//9428
f 5121//9429 5128//9429 5122//9429
f 5122//9429 5128//9429 5129//9429
f 5122//9430 5129//9430 5123//9430
f 5123//9431 5129//9431 5130//9431
f 5123//9432 5130//9432 5124//9432
f 5124//9433 5130//9433 5131//9433
f 5124//9434 5131//9434 5118//9434
f 5118//9435 5131//9435 5125//9435
f 5125//9436 5132//9436 5126//9436
f 5126//9437 5132//9437 5133//9437
f 5126//9438 5133//9438 5127//9438
f 5127//9439 5133//9439 5134//9439
f 5127//9440 5134//9440 5128//9440
f 5128//9441 5134//9441 5135//9441
f 5128//9442 5135//9442 5129//9442
f 5129//9442 5135//9442 5136//9442
f 5129//9443 5136//9443 5130//9443
f 5130//9444 5136//9444 5137//9444
f 5130//9445 5137//9445 5131//9445
f 5131//9446 5137//9446 5138//9446
f 5131//9447 5138//9447 5125//9447
f 5125//9448 5138//9448 5132//9448
f 5132//9449 5139//9449 5133//9449
f 5133//9181 5139//9181 5140//9181
f 5133//9450 5140//9450 5134//9450
f 5134//9181 5140//9181 5141//9181
f 5134//9451 5141//9451 5135//9451
f 5135//9181 5141//9181 5142//9181
f 5135//9452 5142//9452 5136//9452
f 5136//9181 5142//9181 5143//9181
f 5136//9453 5143//9453 5137//9453
f 5137//9181 5143//9181 5144//9181
f 5137//9454 5144//9454 5138//9454
f 5138//9181 5144//9181 5145//9181
f 5138//9455 5145//9455 5132//9455
f 5132//9181 5145//9181 5139//9181
f 5146//9181 5153//9181 5147//9181
f 5147//9456 5153//9456 5154//9456
f 5147//9181 5154//9181 5148//9181
f 5148//9457 5154//9457 5155//9457
f 5148//9181 5155//9181 5149//9181
f 5149//9458 5155//9458 5156//9458
f 5149//9181 5156//9181 5150//9181
f 5150//9459 5156//9459 5157//9459
f 5150//9181 5157//9181 5151//9181
f 5151//9460 5157//9460 5158//9460
f 5151//9181 5158//9181 5152//9181
f 5152//9461 5158//9461 5159//9461
f 5152//9181 5159//9181 5146//9181
f 5146//9462 5159//9462 5153//9462
f 5153//9463 5160//9463 5154//9463
f 5154//9464 5160//9464 5161//9464
f 5154//9465 5161//9465 5155//9465
f 5155//9466 5161//9466 5162//9466
f 5155//9467 5162//9467 5156//9467
f 5156//9468 5162//9468 5163//9468
f 5156//9469 5163//9469 5157//9469
f 5157//9469 5163//9469 5164//9469
f 5157//9470 5164//9470 5158//9470
f 5158//9471 5164//9471 5165//9471
f 5158//9472 5165//9472 5159//9472
f 5159//9473 5165//9473 5166//9473
f 5159//9474 5166//9474 5153//9474
f 5153//9475 5166//9475 5160//9475
f 5160//9476 5167//9476 5161//9476
f 5161//9477 5167//9477 5168//9477
f 5161//9478 5168//9478 5162//9478
f 5162//9479 5168//9479 5169//9479
f 5162//9480 5169//9480 5163//9480
f 5163//9481 5169//9481 5170//9481
f 5163//9482 5170//9482 5164//9482
f 5164//9482 5170//9482 5171//9482
f 5164//9483 5171//9483 5165//9483
f 5165//9484 5171//9484 5172//9484
f 5165//9485 5172//9485 5166//9485
f 5166//9486 5172//9486 5173//9486
f 5166//9487 5173//9487 5160//9487
f 5160//9488 5173//9488 5167//9488
f 5167//9489 5174//9489 5168//9489
f 5168//9181 5174//9181 5175//9181
f 5168//9490 5175//9490 5169//9490
f 5169//9181 5175//9181 5176//9181
f 5169//9491 5176//9491 5170//9491
f 5170//9181 5176//9181 5177//9181
f 5170//9492 5177//9492 5171//9492
f 5171//9181 5177//9181 5178//9181
f 5171//9493 5178//9493 5172//9493
f 5172//9181 5178//9181 5179//9181
f 5172//9494 5179//9494 5173//9494
f 5173//9181 5179//9181 5180//9181
f 5173//9495 5180//9495 5167//9495
f 5167//9181 5180//9181 5174//9181
f 5181//9181 5188//9181 5182//9181
f 5182//9496 5188//9496 5189//9496
f 5182//9181 5189//9181 5183//9181
f 5183//9497 5189//9497 5190//9497
f 5183//9181 5190//9181 5184//9181
f 5184//9498 5190//9498 5191//9498
f 5184//9181 5191//9181 5185//9181
f 5185//9499 5191//9499 5192//9499
f 5185//9181 5192//9181 5186//9181
f 5186//9500 5192//9500 5193//9500
f 5186//9181 5193//9181 5187//9181
f 5187//9501 5193//9501 5194//9501
f 5187//9181 5194//9181 5181//9181
f 5181//9502 5194//9502 5188//9502
f 5188//9503 5195//9503 5189//9503
f 5189//9504 5195//9504 5196//9504
f 5189//9505 5196//9505 5190//9505
f 5190//9506 5196//9506 5197//9506
f 5190//9507 5197//9507 5191//9507
f 5191//9508 5197//9508 5198//9508
f 5191//9509 5198//9509 5192//9509
f 5192//9509 5198//9509 5199//9509
f 5192//9510 5199//9510 5193//9510
f 5193//9511 5199//9511 5200//9511
f 5193//9512 5200//9512 5194//9512
f 5194//9513 5200//9513 5201//9513
f 5194//9514 5201//9514 5188//9514
f 5188//9515 5201//9515 5195//9515
f 5195//9516 5202//9516 5196//9516
f 5196//9517 5202//9517 5203//9517
f 5196//9518 5203//9518 5197//9518
f 5197//9519 5203//9519 5204//9519
f 5197//9520 5204//9520 5198//9520
f 5198//9521 5204//9521 5205//9521
f 5198//9522 5205//9522 5199//9522
f 5199//9522 5205//9522 5206//9522
f 5199//9523 5206//9523 5200//9523
f 5200//9524 5206//9524 5207//9524
f 5200//9525 5207//9525 5201//9525
f 5201//9526 5207//9526 5208//9526
f 5201//9527 5208//9527 5195//9527
f 5195//9528 5208//9528 5202//9528
f 5202//9529 5209//9529 5203//9529
f 5203//9181 5209//9181 5210//9181
f 5203//9530 5210//9530 5204//9530
f 5204//9181 5210//9181 5211//9181
f 5204//9531 5211//9531 5205//9531
f 5205//9181 5211//9181 5212//9181
f 5205//9532 5212//9532 5206//9532
f 5206//9181 5212//9181 5213//9181
f 5206//9533 5213//9533 5207//9533
f 5207//9181 5213//9181 5214//9181
f 5207//9534 5214//9534 5208//9534
f 5208//9181 5214//9181 5215//9181
f 5208//9535 5215//9535 5202//9535
f 5202//9181 5215//9181 5209//9181
f 5216//9181 5223//9181 5217//9181
f 5217//9536 5223//9536 5224//9536
f 5217//9181 5224//9181 5218//9181
f 5218//9537 5224//9537 5225//9537
f 5218//9181 5225//9181 5219//9181
f 5219//9538 5225//9538 5226//9538
f 5219//9181 5226//9181 5220//9181
f 5220//9539 5226//9539 5227//9539
f 5220//9181 5227//9181 5221//9181
f 5221//9540 5227//9540 5228//9540
f 5221//9181 5228//9181 5222//9181
f 5222//9541 5228//9541 5229//9541
f 5222//9181 5229//9181 5216//9181
f 5216//9542 5229//9542 5223//9542
f 5223//9543 5230//9543 5224//9543
f 5224//9544 5230//9544 5231//9544
f 5224//9545 5231//9545 5225//9545
f 5225//9546 5231//9546 5232//9546
f 5225//9547 5232//9547 5226//9547
f 5226//9548 5232//9548 5233//9548
f 5226//9549 5233//9549 5227//9549
f 5227//9549 5233//9549 5234//9549
f 5227//9550 5234//9550 5228//9550
f 5228//9551 5234//9551 5235//9551
f 5228//9552 5235//9552 5229//9552
f 5229//9553 5235//9553 5236//9553
f 5229//9554 5236//9554 5223//9554
f 5223//9555 5236//9555 5230//9555
f 5230//9556 5237//9556 5231//9556
f 5231//9557 5237//9557 5238//9557
f 5231//9558 5238//9558 5232//9558
f 5232//9559 5238//9559 5239//9559
f 5232//9560 5239//9560 5233//9560
f 5233//9561 5239//9561 5240//9561
f 5233//9562 5240//9562 5234//9562
f 5234//9562 5240//9562 5241//9562
f 5234//9563 5241//9563 5235//9563
f 5235//9564 5241//9564 5242//9564
f 5235//9565 5242//9565 5236//9565
f 5236//9566 5242//9566 5243//9566
f 5236//9567 5243//9567 5230//9567
f 5230//9568 5243//9568 5237//9568
f 5237//9569 5244//9569 5238//9569
f 5238//9181 5244//9181 5245//9181
f 5238//9570 5245//9570 5239//9570
f 5239//9181 5245//9181 5246//9181
f 5239//9571 5246//9571 5240//9571
f 5240//9181 5246//9181 5247//9181
f 5240//9572 5247//9572 5241//9572
f 5241//9181 5247//9181 5248//9181
f 5241//9573 5248//9573 5242//9573
f 5242//9181 5248//9181 5249//9181
f 5242//9574 5249//9574 5243//9574
f 5243//9181 5249//9181 5250//9181
f 5243//9575 5250//9575 5237//9575
f 5237//9181 5250//9181 5244//9181
f 5251//9181 5258//9181 5252//9181
f 5252//9576 5258//9576 5259//9576
f 5252//9181 5259//9181 5253//9181
f 5253//9577 5259//9577 5260//9577
f 5253//9181 5260//9181 5254//9181
f 5254//9578 5260//9578 5261//9578
f 5254//9181 5261//9181 5255//9181
f 5255//9579 5261//9579 5262//9579
f 5255//9181 5262//9181 5256//9181
f 5256//9580 5262//9580 5263//9580
f 5256//9181 5263//9181 5257//9181
f 5257//9581 5263//9581 5264//9581
f 5257//9181 5264//9181 5251//9181
f 5251//9582 5264//9582 5258//9582
f 5258//9583 5265//9583 5259//9583
f 5259//9584 5265//9584 5266//9584
f 5259//9585 5266//9585 5260//9585
f 5260//9586 5266//9586 5267//9586
f 5260//9587 5267//9587 5261//9587
f 5261//9588 5267//9588 5268//9588
f 5261//9589 5268//9589 5262//9589
f 5262//9590 5268//9590 5269//9590
f 5262//9591 5269//9591 5263//9591
f 5263//9592 5269//9592 5270//9592
f 5263//9593 5270//9593 5264//9593
f 5264//9594 5270//9594 5271//9594
f 5264//9595 5271//9595 5258//9595
f 5258//9596 5271//9596 5265//9596
f 5265//9597 5272//9597 5266//9597
f 5266//9598 5272//9598 5273//9598
f 5266//9599 5273//9599 5267//9599
f 5267//9600 5273//9600 5274//9600
f 5267//9601 5274//9601 5268//9601
f 5268//9602 5274//9602 5275//9602
f 5268//9603 5275//9603 5269//9603
f 5269//9604 5275//9604 5276//9604
f 5269//9605 5276//9605 5270//9605
f 5270//9606 5276//9606 5277//9606
f 5270//9607 5277//9607 5271//9607
f 5271//9608 5277//9608 5278//9608
f 5271//9609 5278//9609 5265//9609
f 5265//9610 5278//9610 5272//9610
f 5272//9611 5279//9611 5273//9611
f 5273//9181 5279//9181 5280//9181
f 5273//9612 5280//9612 5274//9612
f 5274//9181 5280//9181 5281//9181
f 5274//9613 5281//9613 5275//9613
f 5275//9181 5281//9181 5282//9181
f 5275//9614 5282//9614 5276//9614
f 5276//9181 5282//9181 5283//9181
f 5276//9615 5283//9615 5277//9615
f 5277//9181 5283//9181 5284//9181
f 5277//9616 5284//9616 5278//9616
f 5278//9181 5284//9181 5285//9181
f 5278//9617 5285//9617 5272//9617
f 5272//9181 5285//9181 5279//9181
f 5286//9181 5293//9181 5287//9181
f 5287//9618 5293//9618 5294//9618
f 5287//9181 5294//9181 5288//9181
f 5288//9619 5294//9619 5295//9619
f 5288//9181 5295//9181 5289//9181
f 5289//9620 5295//9620 5296//9620
f 5289//9181 5296//9181 5290//9181
f 5290//9621 5296//9621 5297//9621
f 5290//9181 5297//9181 5291//9181
f 5291//9622 5297//9622 5298//9622
f 5291//9181 5298//9181 5292//9181
f 5292//9623 5298//9623 5299//9623
f 5292//9181 5299//9181 5286//9181
f 5286//9624 5299//9624 5293//9624
f 5293//9625 5300//9625 5294//9625
f 5294//9626 5300//9626 5301//9626
f 5294//9627 5301//9627 5295//9627
f 5295//9628 5301//9628 5302//9628
f 5295//9629 5302//9629 5296//9629
f 5296//9630 5302//9630 5303//9630
f 5296//9631 5303//9631 5297//9631
f 5297//9631 5303//9631 5304//9631
f 5297//9632 5304//9632 5298//9632
f 5298//9633 5304//9633 5305//9633
f 5298//9634 5305//9634 5299//9634
f 5299//9635 5305//9635 5306//9635
f 5299//9636 5306//9636 5293//9636
f 5293//9637 5306//9637 5300//9637
f 5300//9638 5307//9638 5301//9638
f 5301//9639 5307//9639 5308//9639
f 5301//9640 5308//9640 5302//9640
f 5302//9641 5308//9641 5309//9641
f 5302//9642 5309//9642 5303//9642
f 5303//9643 5309//9643 5310//9643
f 5303//9644 5310//9644 5304//9644
f 5304//9644 5310//9644 5311//9644
f 5304//9645 5311//9645 5305//9645
f 5305//9646 5311//9646 5312//9646
f 5305//9647 5312//9647 5306//9647
f 5306//9648 5312//9648 5313//9648
f 5306//9649 5313//9649 5300//9649
f 5300//9650 5313//9650 5307//9650
f 5307//9651 5314//9651 5308//9651
f 5308//9181 5314//9181 5315//9181
f 5308//9652 5315//9652 5309//9652
f 5309//9181 5315//9181 5316//9181
f 5309//9653 5316//9653 5310//9653
f 5310//9181 5316//9181 5317//9181
f 5310//9654 5317//9654 5311//9654
f 5311//9181 5317//9181 5318//9181
f 5311//9655 5318//9655 5312//9655
f 5312//9181 5318//9181 5319//9181
f 5312//9656 5319//9656 5313//9656
f 5313//9181 5319//9181 5320//9181
f 5313//9657 5320//9657 5307//9657
f 5307//9181 5320//9181 5314//9181
f 5321//9181 5328//9181 5322//9181
f 5322//9658 5328//9658 5329//9658
f 5322//9181 5329//9181 5323//9181
f 5323//9659 5329//9659 5330//9659
f 5323//9181 5330//9181 5324//9181
f 5324//9660 5330//9660 5331//9660
f 5324//9181 5331//9181 5325//9181
f 5325//9661 5331//9661 5332//9661
f 5325//9181 5332//9181 5326//9181
f 5326//9662 5332//9662 5333//9662
f 5326//9181 5333//9181 5327//9181
f 5327//9663 5333//9663 5334//9663
f 5327//9181 5334//9181 5321//9181
f 5321//9664 5334//9664 5328//9664
f 5328//9665 5335//9665 5329//9665
f 5329//9666 5335//9666 5336//9666
f 5329//9667 5336//9667 5330//9667
f 5330//9668 5336//9668 5337//9668
f 5330//9669 5337//9669 5331//9669
f 5331//9670 5337//9670 5338//9670
f 5331//9671 5338//9671 5332//9671
f 5332//9671 5338//9671 5339//9671
f 5332//9672 5339//9672 5333//9672
f 5333//9673 5339//9673 5340//9673
f 5333//9674 5340//9674 5334//9674
f 5334//9674 5340//9674 5341//9674
f 5334//9675 5341//9675 5328//9675
f 5328//9676 5341//9676 5335//9676
f 5335//9677 5342//9677 5336//9677
f 5336//9678 5342//9678 5343//9678
f 5336//9679 5343//9679 5337//9679
f 5337//9680 5343//9680 5344//9680
f 5337//9681 5344//9681 5338//9681
f 5338//9682 5344//9682 5345//9682
f 5338//9683 5345//9683 5339//9683
f 5339//9683 5345//9683 5346//9683
f 5339//9684 5346//9684 5340//9684
f 5340//9685 5346//9685 5347//9685
f 5340//9686 5347//9686 5341//9686
f 5341//9686 5347//9686 5348//9686
f 5341//9687 5348//9687 5335//9687
f 5335//9688 5348//9688 5342//9688
f 5342//9689 5349//9689 5343//9689
f 5343//9181 5349//9181 5350//9181
f 5343//9690 5350//9690 5344//9690
f 5344//9181 5350//9181 5351//9181
f 5344//9691 5351//9691 5345//9691
f 5345//9181 5351//9181 5352//9181
f 5345//9692 5352//9692 5346//9692
f 5346//9181 5352//9181 5353//9181
f 5346//9693 5353//9693 5347//9693
f 5347//9181 5353//9181 5354//9181
f 5347//9694 5354//9694 5348//9694
f 5348//9181 5354//9181 5355//9181
f 5348//9695 5355//9695 5342//9695
f 5342//9181 5355//9181 5349//9181
f 5356//9181 5363//9181 5357//9181
f 5357//9696 5363//9696 5364//9696
f 5357//9181 5364//9181 5358//9181
f 5358//9697 5364//9697 5365//9697
f 5358//9181 5365//9181 5359//9181
f 5359//9698 5365//9698 5366//9698
f 5359//9181 5366//9181 5360//9181
f 5360//9699 5366//9699 5367//9699
f 5360//9181 5367//9181 5361//9181
f 5361//9700 5367//9700 5368//9700
f 5361//9181 5368//9181 5362//9181
f 5362//9701 5368//9701 5369//9701
f 5362//9181 5369//9181 5356//9181
f 5356//9702 5369//9702 5363//9702
f 5363//9703 5370//9703 5364//9703
f 5364//9704 5370//9704 5371//9704
f 5364//9705 5371//9705 5365//9705
f 5365//9706 5371//9706 5372//9706
f 5365//9707 5372//9707 5366//9707
f 5366//9708 5372//9708 5373//9708
f 5366//9709 5373//9709 5367//9709
f 5367//9709 5373//9709 5374//9709
f 5367//9710 5374//9710 5368//9710
f 5368//9711 5374//9711 5375//9711
f 5368//9712 5375//9712 5369//9712
f 5369//9713 5375//9713 5376//9713
f 5369//9714 5376//9714 5363//9714
f 5363//9715 5376//9715 5370//9715
f 5370//9716 5377//9716 5371//9716
f 5371//9717 5377//9717 5378//9717
f 5371//9718 5378//9718 5372//9718
f 5372//9719 5378//9719 5379//9719
f 5372//9720 5379//9720 5373//9720
f 5373//9721 5379//9721 5380//9721
f 5373//9722 5380//9722 5374//9722
f 5374//9722 5380//9722 5381//9722
f 5374//9723 5381//9723 5375//9723
f 5375//9724 5381//9724 5382//9724
f 5375//9725 5382//9725 5376//9725
f 5376//9726 5382//9726 5383//9726
f 5376//9727 5383//9727 5370//9727
f 5370//9728 5383//9728 5377//9728
f 5377//9729 5384//9729 5378//9729
f 5378//9181 5384//9181 5385//9181
f 5378//9730 5385//9730 5379//9730
f 5379//9181 5385//9181 5386//9181
f 5379//9731 5386//9731 5380//9731
f 5380//9181 5386//9181 5387//9181
f 5380//9732 5387//9732 5381//9732
f 5381//9181 5387//9181 5388//9181
f 5381//9733 5388//9733 5382//9733
f 5382//9181 5388//9181 5389//9181
f 5382//9734 5389//9734 5383//9734
f 5383//9181 5389//9181 5390//9181
f 5383//9735 5390//9735 5377//9735
f 5377//9181 5390//9181 5384//9181
f 5391//9181 5398//9181 5392//9181
f 5392//9736 5398//9736 5399//9736
f 5392//9181 5399//9181 5393//9181
f 5393//9737 5399//9737 5400//9737
f 5393//9181 5400//9181 5394//9181
f 5394//9738 5400//9738 5401//9738
f 5394//9181 5401//9181 5395//9181
f 5395//9459 5401//9459 5402//9459
f 5395//9181 5402//9181 5396//9181
f 5396//9739 5402//9739 5403//9739
f 5396//9181 5403//9181 5397//9181
f 5397//9740 5403//9740 5404//9740
f 5397//9181 5404//9181 5391//9181
f 5391//9741 5404//9741 5398//9741
f 5398//9742 5405//9742 5399//9742
f 5399//9743 5405//9743 5406//9743
f 5399//9744 5406//9744 5400//9744
f 5400//9745 5406//9745 5407//9745
f 5400//9746 5407//9746 5401//9746
f 5401//9747 5407//9747 5408//9747
f 5401//9748 5408//9748 5402//9748
f 5402//9748 5408//9748 5409//9748
f 5402//9749 5409//9749 5403//9749
f 5403//9750 5409//9750 5410//9750
f 5403//9751 5410//9751 5404//9751
f 5404//9752 5410//9752 5411//9752
f 5404//9753 5411//9753 5398//9753
f 5398//9754 5411//9754 5405//9754
f 5405//9755 5412//9755 5406//9755
f 5406//9756 5412//9756 5413//9756
f 5406//9757 5413//9757 5407//9757
f 5407//9758 5413//9758 5414//9758
f 5407//9759 5414//9759 5408//9759
f 5408//9760 5414//9760 5415//9760
f 5408//9761 5415//9761 5409//9761
f 5409//9761 5415//9761 5416//9761
f 5409//9762 5416//9762 5410//9762
f 5410//9763 5416//9763 5417//9763
f 5410//9764 5417//9764 5411//9764
f 5411//9765 5417//9765 5418//9765
f 5411//9766 5418//9766 5405//9766
f 5405//9767 5418//9767 5412//9767
f 5412//9768 5419//9768 5413//9768
f 5413//9181 5419//9181 5420//9181
f 5413//9769 5420//9769 5414//9769
f 5414//9181 5420//9181 5421//9181
f 5414//9770 5421//9770 5415//9770
f 5415//9181 5421//9181 5422//9181
f 5415//9771 5422//9771 5416//9771
f 5416//9181 5422//9181 5423//9181
f 5416//9772 5423//9772 5417//9772
f 5417//9181 5423//9181 5424//9181
f 5417//9773 5424//9773 5418//9773
f 5418//9181 5424//9181 5425//9181
f 5418//9774 5425//9774 5412//9774
f 5412//9181 5425//9181 5419//9181
f 5426//9181 5433//9181 5427//9181
f 5427//9775 5433//9775 5434//9775
f 5427//9181 5434//9181 5428//9181
f 5428//9776 5434//9776 5435//9776
f 5428//9181 5435//9181 5429//9181
f 5429//9777 5435//9777 5436//9777
f 5429//9181 5436//9181 5430//9181
f 5430//9778 5436//9778 5437//9778
f 5430//9181 5437//9181 5431//9181
f 5431//9779 5437//9779 5438//9779
f 5431//9181 5438//9181 5432//9181
f 5432//9780 5438//9780 5439//9780
f 5432//9181 5439//9181 5426//9181
f 5426//9781 5439//9781 5433//9781
f 5433//9782 5440//9782 5434//9782
f 5434//9783 5440//9783 5441//9783
f 5434//9784 5441//9784 5435//9784
f 5435//9785 5441//9785 5442//9785
f 5435//9786 5442//9786 5436//9786
f 5436//9787 5442//9787 5443//9787
f 5436//9788 5443//9788 5437//9788
f 5437//9788 5443//9788 5444//9788
f 5437//9789 5444//9789 5438//9789
f 5438//9790 5444//9790 5445//9790
f 5438//9791 5445//9791 5439//9791
f 5439//9792 5445//9792 5446//9792
f 5439//9793 5446//9793 5433//9793
f 5433//9793 5446//9793 5440//9793
f 5440//9794 5447//9794 5441//9794
f 5441//9794 5447//9794 5448//9794
f 5441//9795 5448//9795 5442//9795
f 5442//9796 5448//9796 5449//9796
f 5442//9797 5449//9797 5443//9797
f 5443//9798 5449//9798 5450//9798
f 5443//9799 5450//9799 5444//9799
f 5444//9799 5450//9799 5451//9799
f 5444//9800 5451//9800 5445//9800
f 5445//9801 5451//9801 5452//9801
f 5445//9802 5452//9802 5446//9802
f 5446//9803 5452//9803 5453//9803
f 5446//9804 5453//9804 5440//9804
f 5440//9805 5453//9805 5447//9805
f 5447//9806 5454//9806 5448//9806
f 5448//9181 5454//9181 5455//9181
f 5448//9807 5455//9807 5449//9807
f 5449//9181 5455//9181 5456//9181
f 5449//9808 5456//9808 5450//9808
f 5450//9181 5456//9181 5457//9181
f 5450//9809 5457//9809 5451//9809
f 5451//9181 5457//9181 5458//9181
f 5451//9810 5458//9810 5452//9810
f 5452//9181 5458//9181 5459//9181
f 5452//9811 5459//9811 5453//9811
f 5453//9181 5459//9181 5460//9181
f 5453//9812 5460//9812 5447//9812
f 5447//9181 5460//9181 5454//9181
f 5461//9181 5468//9181 5462//9181
f 5462//9813 5468//9813 5469//9813
f 5462//9181 5469//9181 5463//9181
f 5463//9814 5469//9814 5470//9814
f 5463//9181 5470//9181 5464//9181
f 5464//9815 5470//9815 5471//9815
f 5464//9181 5471//9181 5465//9181
f 5465//9816 5471//9816 5472//9816
f 5465//9181 5472//9181 5466//9181
f 5466//9817 5472//9817 5473//9817
f 5466//9181 5473//9181 5467//9181
f 5467//9818 5473//9818 5474//9818
f 5467//9181 5474//9181 5461//9181
f 5461//9819 5474//9819 5468//9819
f 5468//9820 5475//9820 5469//9820
f 5469//9821 5475//9821 5476//9821
f 5469//9822 5476//9822 5470//9822
f 5470//9823 5476//9823 5477//9823
f 5470//9824 5477//9824 5471//9824
f 5471//9825 5477//9825 5478//9825
f 5471//9826 5478//9826 5472//9826
f 5472//9826 5478//9826 5479//9826
f 5472//9827 5479//9827 5473//9827
f 5473//9828 5479//9828 5480//9828
f 5473//9829 5480//9829 5474//9829
f 5474//9830 5480//9830 5481//9830
f 5474//9831 5481//9831 5468//9831
f 5468//9832 5481//9832 5475//9832
f 5475//9833 5482//9833 5476//9833
f 5476//9834 5482//9834 5483//9834
f 5476//9835 5483//9835 5477//9835
f 5477//9836 5483//9836 5484//9836
f 5477//9837 5484//9837 5478//9837
f 5478//9838 5484//9838 5485//9838
f 5478//9839 5485//9839 5479//9839
f 5479//9839 5485//9839 5486//9839
f 5479//9840 5486//9840 5480//9840
f 5480//9841 5486//9841 5487//9841
f 5480//9842 5487//9842 5481//9842
f 5481//9843 5487//9843 5488//9843
f 5481//9844 5488//9844 5475//9844
f 5475//9845 5488//9845 5482//9845
f 5482//9846 5489//9846 5483//9846
f 5483//9181 5489//9181 5490//9181
f 5483//9847 5490//9847 5484//9847
f 5484//9181 5490//9181 5491//9181
f 5484//9848 5491//9848 5485//9848
f 5485//9181 5491//9181 5492//9181
f 5485//9849 5492//9849 5486//9849
f 5486//9181 5492//9181 5493//9181
f 5486//9850 5493//9850 5487//9850
f 5487//9181 5493//9181 5494//9181
f 5487//9851 5494//9851 5488//9851
f 5488//9181 5494//9181 5495//9181
f 5488//9852 5495//9852 5482//9852
f 5482//9181 5495//9181 5489//9181
f 5496//9181 5503//9181 5497//9181
f 5497//9853 5503//9853 5504//9853
f 5497//9181 5504//9181 5498//9181
f 5498//9854 5504//9854 5505//9854
f 5498//9181 5505//9181 5499//9181
f 5499//9855 5505//9855 5506//9855
f 5499//9181 5506//9181 5500//9181
f 5500//9856 5506//9856 5507//9856
f 5500//9181 5507//9181 5501//9181
f 5501//9857 5507//9857 5508//9857
f 5501//9181 5508//9181 5502//9181
f 5502//9858 5508//9858 5509//9858
f 5502//9181 5509//9181 5496//9181
f 5496//9859 5509//9859 5503//9859
f 5503//9860 5510//9860 5504//9860
f 5504//9861 5510//9861 5511//9861
f 5504//9862 5511//9862 5505//9862
f 5505//9863 5511//9863 5512//9863
f 5505//9864 5512//9864 5506//9864
f 5506//9865 5512//9865 5513//9865
f 5506//9866 5513//9866 5507//9866
f 5507//9866 5513//9866 5514//9866
f 5507//9867 5514//9867 5508//9867
f 5508//9868 5514//9868 5515//9868
f 5508//9869 5515//9869 5509//9869
f 5509//9870 5515//9870 5516//9870
f 5509//9871 5516//9871 5503//9871
f 5503//9872 5516//9872 5510//9872
f 5510//9873 5517//9873 5511//9873
f 5511//9874 5517//9874 5518//9874
f 5511//9875 5518//9875 5512//9875
f 5512//9876 5518//9876 5519//9876
f 5512//9877 5519//9877 5513//9877
f 5513//9878 5519//9878 5520//9878
f 5513//9879 5520//9879 5514//9879
f 5514//9879 5520//9879 5521//9879
f 5514//9880 5521//9880 5515//9880
f 5515//9881 5521//9881 5522//9881
f 5515//9882 5522//9882 5516//9882
f 5516//9883 5522//9883 5523//9883
f 5516//9884 5523//9884 5510//9884
f 5510//9885 5523//9885 5517//9885
f 5517//9886 5524//9886 5518//9886
f 5518//9181 5524//9181 5525//9181
f 5518//9887 5525//9887 5519//9887
f 5519//9181 5525//9181 5526//9181
f 5519//9888 5526//9888 5520//9888
f 5520//9181 5526//9181 5527//9181
f 5520//9889 5527//9889 5521//9889
f 5521//9181 5527//9181 5528//9181
f 5521//9890 5528//9890 5522//9890
f 5522//9181 5528//9181 5529//9181
f 5522//9891 5529//9891 5523//9891
f 5523//9181 5529//9181 5530//9181
f 5523//9892 5530//9892 5517//9892
f 5517//9181 5530//9181 5524//9181
f 5531//9181 5538//9181 5532//9181
f 5532//9893 5538//9893 5539//9893
f 5532//9181 5539//9181 5533//9181
f 5533//9894 5539//9894 5540//9894
f 5533//9181 5540//9181 5534//9181
f 5534//9895 5540//9895 5541//9895
f 5534//9181 5541//9181 5535//9181
f 5535//9896 5541//9896 5542//9896
f 5535//9181 5542//9181 5536//9181
f 5536//9897 5542//9897 5543//9897
f 5536//9181 5543//9181 5537//9181
f 5537//9898 5543//9898 5544//9898
f 5537//9181 5544//9181 5531//9181
f 5531//9899 5544//9899 5538//9899
f 5538//9900 5545//9900 5539//9900
f 5539//9901 5545//9901 5546//9901
f 5539//9902 5546//9902 5540//9902
f 5540//9903 5546//9903 5547//9903
f 5540//9904 5547//9904 5541//9904
f 5541//9905 5547//9905 5548//9905
f 5541//9906 5548//9906 5542//9906
f 5542//9906 5548//9906 5549//9906
f 5542//9907 5549//9907 5543//9907
f 5543//9908 5549//9908 5550//9908
f 5543//9909 5550//9909 5544//9909
f 5544//9910 5550//9910 5551//9910
f 5544//9911 5551//9911 5538//9911
f 5538//9912 5551//9912 5545//9912
f 5545//9913 5552//9913 5546//9913
f 5546//9914 5552//9914 5553//9914
f 5546//9915 5553//9915 5547//9915
f 5547//9916 5553//9916 5554//9916
f 5547//9917 5554//9917 5548//9917
f 5548//9918 5554//9918 5555//9918
f 5548//9919 5555//9919 5549//9919
f 5549//9919 5555//9919 5556//9919
f 5549//9920 5556//9920 5550//9920
f 5550//9921 5556//9921 5557//9921
f 5550//9922 5557//9922 5551//9922
f 5551//9923 5557//9923 5558//9923
f 5551//9924 5558//9924 5545//9924
f 5545//9925 5558//9925 5552//9925
f 5552//9926 5559//9926 5553//9926
f 5553//9181 5559//9181 5560//9181
f 5553//9927 5560//9927 5554//9927
f 5554//9181 5560//9181 5561//9181
f 5554//9928 5561//9928 5555//9928
f 5555//9181 5561//9181 5562//9181
f 5555//9929 5562//9929 5556//9929
f 5556//9181 5562//9181 5563//9181
f 5556//9930 5563//9930 5557//9930
f 5557//9181 5563//9181 5564//9181
f 5557//9931 5564//9931 5558//9931
f 5558//9181 5564//9181 5565//9181
f 5558//9932 5565//9932 5552//9932
f 5552//9181 5565//9181 5559//9181
f 5566//9181 5573//9181 5567//9181
f 5567//9933 5573//9933 5574//9933
f 5567//9181 5574//9181 5568//9181
f 5568//9934 5574//9934 5575//9934
f 5568//9181 5575//9181 5569//9181
f 5569//9935 5575//9935 5576//9935
f 5569//9181 5576//9181 5570//9181
f 5570//9936 5576//9936 5577//9936
f 5570//9181 5577//9181 5571//9181
f 5571//9937 5577//9937 5578//9937
f 5571//9181 5578//9181 5572//9181
f 5572//9938 5578//9938 5579//9938
f 5572//9181 5579//9181 5566//9181
f 5566//9939 5579//9939 5573//9939
f 5573//9940 5580//9940 5574//9940
f 5574//9941 5580//9941 5581//9941
f 5574//9942 5581//9942 5575//9942
f 5575//9943 5581//9943 5582//9943
f 5575//9944 5582//9944 5576//9944
f 5576//9945 5582//9945 5583//9945
f 5576//9946 5583//9946 5577//9946
f 5577//9946 5583//9946 5584//9946
f 5577//9947 5584//9947 5578//9947
f 5578//9948 5584//9948 5585//9948
f 5578//9949 5585//9949 5579//9949
f 5579//9950 5585//9950 5586//9950
f 5579//9951 5586//9951 5573//9951
f 5573//9952 5586//9952 5580//9952
f 5580//9953 5587//9953 5581//9953
f 5581//9954 5587//9954 5588//9954
f 5581//9955 5588//9955 5582//9955
f 5582//9956 5588//9956 5589//9956
f 5582//9957 5589//9957 5583//9957
f 5583//9958 5589//9958 5590//9958
f 5583//9959 5590//9959 5584//9959
f 5584//9959 5590//9959 5591//9959
f 5584//9960 5591//9960 5585//9960
f 5585//9961 5591//9961 5592//9961
f 5585//9962 5592//9962 5586//9962
f 5586//9963 5592//9963 5593//9963
f 5586//9964 5593//9964 5580//9964
f 5580//9965 5593//9965 5587//9965
f 5587//9966 5594//9966 5588//9966
f 5588//9181 5594//9181 5595//9181
f 5588//9967 5595//9967 5589//9967
f 5589//9181 5595//9181 5596//9181
f 5589//9968 5596//9968 5590//9968
f 5590//9181 5596//9181 5597//9181
f 5590//9969 5597//9969 5591//9969
f 5591//9181 5597//9181 5598//9181
f 5591//9970 5598//9970 5592//9970
f 5592//9181 5598//9181 5599//9181
f 5592//9971 5599//9971 5593//9971
f 5593//9181 5599//9181 5600//9181
f 5593//9972 5600//9972 5587//9972
f 5587//9181 5600//9181 5594//9181
f 5601//9181 5608//9181 5602//9181
f 5602//9973 5608//9973 5609//9973
f 5602//9181 5609//9181 5603//9181
f 5603//9974 5609//9974 5610//9974
f 5603//9181 5610//9181 5604//9181
f 5604//9975 5610//9975 5611//9975
f 5604//9181 5611//9181 5605//9181
f 5605//9976 5611//9976 5612//9976
f 5605//9181 5612//9181 5606//9181
f 5606//9977 5612//9977 5613//9977
f 5606//9181 5613//9181 5607//9181
f 5607//9978 5613//9978 5614//9978
f 5607//9181 5614//9181 5601//9181
f 5601//9979 5614//9979 5608//9979
f 5608//9980 5615//9980 5609//9980
f 5609//9981 5615//9981 5616//9981
f 5609//9982 5616//9982 5610//9982
f 5610//9983 5616//9983 5617//9983
f 5610//9984 5617//9984 5611//9984
f 5611//9985 5617//9985 5618//9985
f 5611//9986 5618//9986 5612//9986
f 5612//9986 5618//9986 5619//9986
f 5612//9987 5619//9987 5613//9987
f 5613//9988 5619//9988 5620//9988
f 5613//9989 5620//9989 5614//9989
f 5614//9990 5620//9990 5621//9990
f 5614//9991 5621//9991 5608//9991
f 5608//9992 5621//9992 5615//9992
f 5615//9993 5622//9993 5616//9993
f 5616//9994 5622//9994 5623//9994
f 5616//9995 5623//9995 5617//9995
f 5617//9996 5623//9996 5624//9996
f 5617//9997 5624//9997 5618//9997
f 5618//9998 5624//9998 5625//9998
f 5618//9999 5625//9999 5619//9999
f 5619//9999 5625//9999 5626//9999
f 5619//10000 5626//10000 5620//10000
f 5620//10001 5626//10001 5627//10001
f 5620//10002 5627//10002 5621//10002
f 5621//10003 5627//10003 5628//10003
f 5621//10004 5628//10004 5615//10004
f 5615//10005 5628//10005 5622//10005
f 5622//10006 5629//10006 5623//10006
f 5623//9181 5629//9181 5630//9181
f 5623//10007 5630//10007 5624//10007
f 5624//9181 5630//9181 5631//9181
f 5624//10008 5631//10008 5625//10008
f 5625//9181 5631//9181 5632//9181
f 5625//10009 5632//10009 5626//10009
f 5626//9181 5632//9181 5633//9181
f 5626//10010 5633//10010 5627//10010
f 5627//9181 5633//9181 5634//9181
f 5627//10011 5634//10011 5628//10011
f 5628//9181 5634//9181 5635//9181
f 5628//10012 5635//10012 5622//10012
f 5622//9181 5635//9181 5629//9181
f 5636//9181 5643//9181 5637//9181
f 5637//10013 5643//10013 5644//10013
f 5637//9181 5644//9181 5638//9181
f 5638//10014 5644//10014 5645//10014
f 5638//9181 5645//9181 5639//9181
f 5639//10015 5645//10015 5646//10015
f 5639//9181 5646//9181 5640//9181
f 5640//10016 5646//10016 5647//10016
f 5640//9181 5647//9181 5641//9181
f 5641//10017 5647//10017 5648//10017
f 5641//9181 5648//9181 5642//9181
f 5642//10018 5648//10018 5649//10018
f 5642//9181 5649//9181 5636//9181
f 5636//10019 5649//10019 5643//10019
f 5643//10020 5650//10020 5644//10020
f 5644//10021 5650//10021 5651//10021
f 5644//10022 5651//10022 5645//10022
f 5645//10023 5651//10023 5652//10023
f 5645//10024 5652//10024 5646//10024
f 5646//10025 5652//10025 5653//10025
f 5646//10026 5653//10026 5647//10026
f 5647//10026 5653//10026 5654//10026
f 5647//10027 5654//10027 5648//10027
f 5648//10028 5654//10028 5655//10028
f 5648//10029 5655//10029 5649//10029
f 5649//10030 5655//10030 5656//10030
f 5649//10031 5656//10031 5643//10031
f 5643//10032 5656//10032 5650//10032
f 5650//10033 5657//10033 5651//10033
f 5651//10034 5657//10034 5658//10034
f 5651//10035 5658//10035 5652//10035
f 5652//10036 5658//10036 5659//10036
f 5652//10037 5659//10037 5653//10037
f 5653//10038 5659//10038 5660//10038
f 5653//10039 5660//10039 5654//10039
f 5654//10039 5660//10039 5661//10039
f 5654//10040 5661//10040 5655//10040
f 5655//10041 5661//10041 5662//10041
f 5655//10042 5662//10042 5656//10042
f 5656//10043 5662//10043 5663//10043
f 5656//10044 5663//10044 5650//10044
f 5650//10045 5663//10045 5657//10045
f 5657//10046 5664//10046 5658//10046
f 5658//9181 5664//9181 5665//9181
f 5658//10047 5665//10047 5659//10047
f 5659//9181 5665//9181 5666//9181
f 5659//10048 5666//10048 5660//10048
f 5660//9181 5666//9181 5667//9181
f 5660//10049 5667//10049 5661//10049
f 5661//9181 5667//9181 5668//9181
f 5661//10050 5668//10050 5662//10050
f 5662//9181 5668//9181 5669//9181
f 5662//10051 5669//10051 5663//10051
f 5663//9181 5669//9181 5670//9181
f 5663//10052 5670//10052 5657//10052
f 5657//9181 5670//9181 5664//9181
f 5671//9181 5678//9181 5672//9181
f 5672//10053 5678//10053 5679//10053
f 5672//9181 5679//9181 5673//9181
f 5673//10054 5679//10054 5680//10054
f 5673//9181 5680//9181 5674//9181
f 5674//10055 5680//10055 5681//10055
f 5674//9181 5681//9181 5675//9181
f 5675//10056 5681//10056 5682//10056
f 5675//9181 5682//9181 5676//9181
f 5676//10057 5682//10057 5683//10057
f 5676//9181 5683//9181 5677//9181
f 5677//10058 5683//10058 5684//10058
f 5677//9181 5684//9181 5671//9181
f 5671//10059 5684//10059 5678//10059
f 5678//10060 5685//10060 5679//10060
f 5679//10061 5685//10061 5686//10061
f 5679//10062 5686//10062 5680//10062
f 5680//10063 5686//10063 5687//10063
f 5680//10064 5687//10064 5681//10064
f 5681//10065 5687//10065 5688//10065
f 5681//10066 5688//10066 5682//10066
f 5682//10066 5688//10066 5689//10066
f 5682//10067 5689//10067 5683//10067
f 5683//10068 5689//10068 5690//10068
f 5683//10069 5690//10069 5684//10069
f 5684//10070 5690//10070 5691//10070
f 5684//10071 5691//10071 5678//10071
f 5678//10072 5691//10072 5685//10072
f 5685//10073 5692//10073 5686//10073
f 5686//10074 5692//10074 5693//10074
f 5686//10075 5693//10075 5687//10075
f 5687//10076 5693//10076 5694//10076
f 5687//10077 5694//10077 5688//10077
f 5688//10078 5694//10078 5695//10078
f 5688//10079 5695//10079 5689//10079
f 5689//10079 5695//10079 5696//10079
f 5689//10080 5696//10080 5690//10080
f 5690//10081 5696//10081 5697//10081
f 5690//10082 5697//10082 5691//10082
f 5691//10083 5697//10083 5698//10083
f 5691//10084 5698//10084 5685//10084
f 5685//10085 5698//10085 5692//10085
f 5692//10086 5699//10086 5693//10086
f 5693//9181 5699//9181 5700//9181
f 5693//10087 5700//10087 5694//10087
f 5694//9181 5700//9181 5701//9181
f 5694//10088 5701//10088 5695//10088
f 5695//9181 5701//9181 5702//9181
f 5695//10089 5702//10089 5696//10089
f 5696//9181 5702//9181 5703//9181
f 5696//10090 5703//10090 5697//10090
f 5697//9181 5703//9181 5704//9181
f 5697//10091 5704//10091 5698//10091
f 5698//9181 5704//9181 5705//9181
f 5698//10092 5705//10092 5692//10092
f 5692//9181 5705//9181 5699//9181
f 5706//9181 5713//9181 5707//9181
f 5707//10093 5713//10093 5714//10093
f 5707//9181 5714//9181 5708//9181
f 5708//10094 5714//10094 5715//10094
f 5708//9181 5715//9181 5709//9181
f 5709//10095 5715//10095 5716//10095
f 5709//9181 5716//9181 5710//9181
f 5710//10096 5716//10096 5717//10096
f 5710//9181 5717//9181 5711//9181
f 5711//10097 5717//10097 5718//10097
f 5711//9181 5718//9181 5712//9181
f 5712//10098 5718//10098 5719//10098
f 5712//9181 5719//9181 5706//9181
f 5706//10099 5719//10099 5713//10099
f 5713//10100 5720//10100 5714//10100
f 5714//10101 5720//10101 5721//10101
f 5714//10102 5721//10102 5715//10102
f 5715//10103 5721//10103 5722//10103
f 5715//10104 5722//10104 5716//10104
f 5716//10104 5722//10104 5723//10104
f 5716//10105 5723//10105 5717//10105
f 5717//10105 5723//10105 5724//10105
f 5717//10106 5724//10106 5718//10106
f 5718//10107 5724//10107 5725//10107
f 5718//10108 5725//10108 5719//10108
f 5719//10109 5725//10109 5726//10109
f 5719//10110 5726//10110 5713//10110
f 5713//10111 5726//10111 5720//10111
f 5720//10112 5727//10112 5721//10112
f 5721//10113 5727//10113 5728//10113
f 5721//10114 5728//10114 5722//10114
f 5722//10115 5728//10115 5729//10115
f 5722//10116 5729//10116 5723//10116
f 5723//10116 5729//10116 5730//10116
f 5723//10117 5730//10117 5724//10117
f 5724//10117 5730//10117 5731//10117
f 5724//10118 5731//10118 5725//10118
f 5725//10119 5731//10119 5732//10119
f 5725//10120 5732//10120 5726//10120
f 5726//10121 5732//10121 5733//10121
f 5726//10122 5733//10122 5720//10122
f 5720//10123 5733//10123 5727//10123
f 5727//10124 5734//10124 5728//10124
f 5728//9181 5734//9181 5735//9181
f 5728//10125 5735//10125 5729//10125
f 5729//9181 5735//9181 5736//9181
f 5729//10126 5736//10126 5730//10126
f 5730//9181 5736//9181 5737//9181
f 5730//10127 5737//10127 5731//10127
f 5731//9181 5737//9181 5738//9181
f 5731//10128 5738//10128 5732//10128
f 5732//9181 5738//9181 5739//9181
f 5732//10129 5739//10129 5733//10129
f 5733//9181 5739//9181 5740//9181
f 5733//10130 5740//10130 5727//10130
f 5727//9181 5740//9181 5734//9181
f 5741//9181 5748//9181 5742//9181
f 5742//10131 5748//10131 5749//10131
f 5742//9181 5749//9181 5743//9181
f 5743//10132 5749//10132 5750//10132
f 5743//9181 5750//9181 5744//9181
f 5744//10133 5750//10133 5751//10133
f 5744//9181 5751//9181 5745//9181
f 5745//10134 5751//10134 5752//10134
f 5745//9181 5752//9181 5746//9181
f 5746//10135 5752//10135 5753//10135
f 5746//9181 5753//9181 5747//9181
f 5747//10136 5753//10136 5754//10136
f 5747//9181 5754//9181 5741//9181
f 5741//10137 5754//10137 5748//10137
f 5748//10138 5755//10138 5749//10138
f 5749//10139 5755//10139 5756//10139
f 5749//10140 5756//10140 5750//10140
f 5750//10141 5756//10141 5757//10141
f 5750//10142 5757//10142 5751//10142
f 5751//10143 5757//10143 5758//10143
f 5751//10144 5758//10144 5752//10144
f 5752//10144 5758//10144 5759//10144
f 5752//10145 5759//10145 5753//10145
f 5753//10146 5759//10146 5760//10146
f 5753//10147 5760//10147 5754//10147
f 5754//10148 5760//10148 5761//10148
f 5754//10149 5761//10149 5748//10149
f 5748//10150 5761//10150 5755//10150
f 5755//10151 5762//10151 5756//10151
f 5756//10152 5762//10152 5763//10152
f 5756//10153 5763//10153 5757//10153
f 5757//10154 5763//10154 5764//10154
f 5757//10155 5764//10155 5758//10155
f 5758//10156 5764//10156 5765//10156
f 5758//10157 5765//10157 5759//10157
f 5759//10158 5765//10158 5766//10158
f 5759//10159 5766//10159 5760//10159
f 5760//10160 5766//10160 5767//10160
f 5760//10161 5767//10161 5761//10161
f 5761//10162 5767//10162 5768//10162
f 5761//10163 5768//10163 5755//10163
f 5755//10164 5768//10164 5762//10164
f 5762//10165 5769//10165 5763//10165
f 5763//9181 5769//9181 5770//9181
f 5763//10166 5770//10166 5764//10166
f 5764//9181 5770//9181 5771//9181
f 5764//10167 5771//10167 5765//10167
f 5765//9181 5771//9181 5772//9181
f 5765//10168 5772//10168 5766//10168
f 5766//9181 5772//9181 5773//9181
f 5766//10169 5773//10169 5767//10169
f 5767//9181 5773//9181 5774//9181
f 5767//10170 5774//10170 5768//10170
f 5768//9181 5774//9181 5775//9181
f 5768//10171 5775//10171 5762//10171
f 5762//9181 5775//9181 5769//9181
f 5776//9181 5783//9181 5777//9181
f 5777//10172 5783//10172 5784//10172
f 5777//9181 5784//9181 5778//9181
f 5778//10173 5784//10173 5785//10173
f 5778//9181 5785//9181 5779//9181
f 5779//10174 5785//10174 5786//10174
f 5779//9181 5786//9181 5780//9181
f 5780//10175 5786//10175 5787//10175
f 5780//9181 5787//9181 5781//9181
f 5781//10176 5787//10176 5788//10176
f 5781//9181 5788//9181 5782//9181
f 5782//10177 5788//10177 5789//10177
f 5782//9181 5789//9181 5776//9181
f 5776//10178 5789//10178 5783//10178
f 5783//10179 5790//10179 5784//10179
f 5784//10180 5790//10180 5791//10180
f 5784//10181 5791//10181 5785//10181
f 5785//10182 5791//10182 5792//10182
f 5785//10183 5792//10183 5786//10183
f 5786//10184 5792//10184 5793//10184
f 5786//10185 5793//10185 5787//10185
f 5787//10185 5793//10185 5794//10185
f 5787//10186 5794//10186 5788//10186
f 5788//10187 5794//10187 5795//10187
f 5788//10188 5795//10188 5789//10188
f 5789//10189 5795//10189 5796//10189
f 5789//10190 5796//10190 5783//10190
f 5783//10191 5796//10191 5790//10191
f 5790//10192 5797//10192 5791//10192
f 5791//10193 5797//10193 5798//10193
f 5791//10194 5798//10194 5792//10194
f 5792//10195 5798//10195 5799//10195
f 5792//10196 5799//10196 5793//10196
f 5793//10197 5799//10197 5800//10197
f 5793//10198 5800//10198 5794//10198
f 5794//10198 5800//10198 5801//10198
f 5794//10199 5801//10199 5795//10199
f 5795//10200 5801//10200 5802//10200
f 5795//10201 5802//10201 5796//10201
f 5796//10202 5802//10202 5803//10202
f 5796//10203 5803//10203 5790//10203
f 5790//10204 5803//10204 5797//10204
f 5797//10205 5804//10205 5798//10205
f 5798//9181 5804//9181 5805//9181
f 5798//10206 5805//10206 5799//10206
f 5799//9181 5805//9181 5806//9181
f 5799//10207 5806//10207 5800//10207
f 5800//9181 5806//9181 5807//9181
f 5800//10208 5807//10208 5801//10208
f 5801//9181 5807//9181 5808//9181
f 5801//10209 5808//10209 5802//10209
f 5802//9181 5808//9181 5809//9181
f 5802//10210 5809//10210 5803//10210
f 5803//9181 5809//9181 5810//9181
f 5803//10211 5810//10211 5797//10211
f 5797//9181 5810//9181 5804//9181
f 5811//9181 5818//9181 5812//9181
f 5812//10212 5818//10212 5819//10212
f 5812//9181 5819//9181 5813//9181
f 5813//10213 5819//10213 5820//10213
f 5813//9181 5820//9181 5814//9181
f 5814//10214 5820//10214 5821//10214
f 5814//9181 5821//9181 5815//9181
f 5815//10215 5821//10215 5822//10215
f 5815//9181 5822//9181 5816//9181
f 5816//10216 5822//10216 5823//10216
f 5816//9181 5823//9181 5817//9181
f 5817//10217 5823//10217 5824//10217
f 5817//9181 5824//9181 5811//9181
f 5811//10218 5824//10218 5818//10218
f 5818//10219 5825//10219 5819//10219
f 5819//10220 5825//10220 5826//10220
f 5819//10221 5826//10221 5820//10221
f 5820//10222 5826//10222 5827//10222
f 5820//10223 5827//10223 5821//10223
f 5821//10224 5827//10224 5828//10224
f 5821//10225 5828//10225 5822//10225
f 5822//10225 5828//10225 5829//10225
f 5822//10226 5829//10226 5823//10226
f 5823//10227 5829//10227 5830//10227
f 5823//10228 5830//10228 5824//10228
f 5824//10229 5830//10229 5831//10229
f 5824//10230 5831//10230 5818//10230
f 5818//10231 5831//10231 5825//10231
f 5825//10232 5832//10232 5826//10232
f 5826//10233 5832//10233 5833//10233
f 5826//10234 5833//10234 5827//10234
f 5827//10235 5833//10235 5834//10235
f 5827//10236 5834//10236 5828//10236
f 5828//10237 5834//10237 5835//10237
f 5828//10238 5835//10238 5829//10238
f 5829//10238 5835//10238 5836//10238
f 5829//10239 5836//10239 5830//10239
f 5830//10240 5836//10240 5837//10240
f 5830//10241 5837//10241 5831//10241
f 5831//10242 5837//10242 5838//10242
f 5831//10243 5838//10243 5825//10243
f 5825//10244 5838//10244 5832//10244
f 5832//10245 5839//10245 5833//10245
f 5833//9181 5839//9181 5840//9181
f 5833//10246 5840//10246 5834//10246
f 5834//9181 5840//9181 5841//9181
f 5834//10247 5841//10247 5835//10247
f 5835//9181 5841//9181 5842//9181
f 5835//10248 5842//10248 5836//10248
f 5836//9181 5842//9181 5843//9181
f 5836//10249 5843//10249 5837//10249
f 5837//9181 5843//9181 5844//9181
f 5837//10250 5844//10250 5838//10250
f 5838//9181 5844//9181 5845//9181
f 5838//10251 5845//10251 5832//10251
f 5832//9181 5845//9181 5839//9181
f 5846//9181 5853//9181 5847//9181
f 5847//10252 5853//10252 5854//10252
f 5847//9181 5854//9181 5848//9181
f 5848//10253 5854//10253 5855//10253
f 5848//9181 5855//9181 5849//9181
f 5849//10254 5855//10254 5856//10254
f 5849//9181 5856//9181 5850//9181
f 5850//10255 5856//10255 5857//10255
f 5850//9181 5857//9181 5851//9181
f 5851//10256 5857//10256 5858//10256
f 5851//9181 5858//9181 5852//9181
f 5852//10257 5858//10257 5859//10257
f 5852//9181 5859//9181 5846//9181
f 5846//10258 5859//10258 5853//10258
f 5853//10259 5860//10259 5854//10259
f 5854//10260 5860//10260 5861//10260
f 5854//10261 5861//10261 5855//10261
f 5855//10262 5861//10262 5862//10262
f 5855//10263 5862//10263 5856//10263
f 5856//10264 5862//10264 5863//10264
f 5856//10265 5863//10265 5857//10265
f 5857//10266 5863//10266 5864//10266
f 5857//10267 5864//10267 5858//10267
f 5858//10268 5864//10268 5865//10268
f 5858//10269 5865//10269 5859//10269
f 5859//10270 5865//10270 5866//10270
f 5859//10271 5866//10271 5853//10271
f 5853//10272 5866//10272 5860//10272
f 5860//10273 5867//10273 5861//10273
f 5861//10274 5867//10274 5868//10274
f 5861//10275 5868//10275 5862//10275
f 5862//10276 5868//10276 5869//10276
f 5862//10277 5869//10277 5863//10277
f 5863//10278 5869//10278 5870//10278
f 5863//10279 5870//10279 5864//10279
f 5864//10279 5870//10279 5871//10279
f 5864//10280 5871//10280 5865//10280
f 5865//10281 5871//10281 5872//10281
f 5865//10282 5872//10282 5866//10282
f 5866//10283 5872//10283 5873//10283
f 5866//10284 5873//10284 5860//10284
f 5860//10285 5873//10285 5867//10285
f 5867//10286 5874//10286 5868//10286
f 5868//9181 5874//9181 5875//9181
f 5868//10287 5875//10287 5869//10287
f 5869//9181 5875//9181 5876//9181
f 5869//10288 5876//10288 5870//10288
f 5870//9181 5876//9181 5877//9181
f 5870//10289 5877//10289 5871//10289
f 5871//9181 5877//9181 5878//9181
f 5871//10290 5878//10290 5872//10290
f 5872//9181 5878//9181 5879//9181
f 5872//10291 5879//10291 5873//10291
f 5873//9181 5879//9181 5880//9181
f 5873//10292 5880//10292 5867//10292
f 5867//9181 5880//9181 5874//9181
usemtl deep_dark_dirt
f 1992//3853 2062//3853 1993//3853
f 1993//3854 2062//3854 2063//3854
f 1993//3855 2063//3855 1994//3855
f 1994//3856 2063//3856 2064//3856
f 1994//3857 2064//3857 1995//3857
f 1995//3858 2064//3858 2065//3858
f 1995//3859 2065//3859 1996//3859
f 1996//3859 2065//3859 2066//3859
f 1996//3860 2066//3860 1997//3860
f 1997//3861 2066//3861 2067//3861
f 1997//3862 2067//3862 1998//3862
f 1998//3863 2067//3863 2068//3863
f 1998//3864 2068//3864 1999//3864
f 1999//3865 2068//3865 2069//3865
f 1999//3866 2069//3866 2000//3866
f 2000//3867 2069//3867 2070//3867
f 2060//3984 2130//3984 2061//3984
f 2061//3985 2130//3985 2131//3985
f 2061//3986 2131//3986 2062//3986
f 2062//3987 2131//3987 2132//3987
f 2062//3988 2132//3988 2063//3988
f 2063//3989 2132//3989 2133//3989
f 2063//3990 2133//3990 2064//3990
f 2064//3991 2133//3991 2134//3991
f 2064//3992 2134//3992 2065//3992
f 2065//3993 2134//3993 2135//3993
f 2065//3994 2135//3994 2066//3994
f 2066//3995 2135//3995 2136//3995
f 2066//3996 2136//3996 2067//3996
f 2067//3997 2136//3997 2137//3997
f 2067//3998 2137//3998 2068//3998
f 2068//3999 2137//3999 2138//3999
f 2068//4000 2138//4000 2069//4000
f 2069//4001 2138//4001 2139//4001
f 2069//4002 2139//4002 2070//4002
f 2070//4003 2139//4003 2140//4003
f 2070//4004 2140//4004 2071//4004
f 2071//4005 2140//4005 2141//4005
f 2071//4006 2141//4006 2072//4006
f 2072//4007 2141//4007 2142//4007
f 2128//4116 2198//4116 2129//4116
f 2129//4117 2198//4117 2199//4117
f 2129//4118 2199//4118 2130//4118
f 2130//4119 2199//4119 2200//4119
f 2130//4120 2200//4120 2131//4120
f 2131//4121 2200//4121 2201//4121
f 2131//4122 2201//4122 2132//4122
f 2132//4123 2201//4123 2202//4123
f 2132//4124 2202//4124 2133//4124
f 2133//4125 2202//4125 2203//4125
f 2133//4126 2203//4126 2134//4126
f 2134//4127 2203//4127 2204//4127
f 2134//4128 2204//4128 2135//4128
f 2135//4129 2204//4129 2205//4129
f 2135//4130 2205//4130 2136//4130
f 2136//4131 2205//4131 2206//4131
f 2136//4132 2206//4132 2137//4132
f 2137//4133 2206//4133 2207//4133
f 2137//4134 2207//4134 2138//4134
f 2138//4135 2207//4135 2208//4135
f 2138//4136 2208//4136 2139//4136
f 2139//4137 2208//4137 2209//4137
f 2139//4138 2209//4138 2140//4138
f 2140//4139 2209//4139 2210//4139
f 2140//4140 2210//4140 2141//4140
f 2141//4141 2210//4141 2211//4141
f 2141//4142 2211//4142 2142//4142
f 2142//4143 2211//4143 2212//4143
f 2142//4144 2212//4144 2143//4144
f 2143//4145 2212//4145 2213//4145
f 2143//4146 2213//4146 2144//4146
f 2144//4147 2213//4147 2214//4147
f 2144//4148 2214//4148 2145//4148
f 2145//4149 2214//4149 2215//4149
f 2196//4246 2266//4246 2197//4246
f 2197//4247 2266//4247 2267//4247
f 2197//4248 2267//4248 2198//4248
f 2198//4249 2267//4249 2268//4249
f 2198//4250 2268//4250 2199//4250
f 2199//4251 2268//4251 2269//4251
f 2199//4252 2269//4252 2200//4252
f 2200//4253 2269//4253 2270//4253
f 2200//4254 2270//4254 2201//4254
f 2201//4255 2270//4255 2271//4255
f 2201//4256 2271//4256 2202//4256
f 2202//4257 2271//4257 2272//4257
f 2202//4258 2272//4258 2203//4258
f 2203//4259 2272//4259 2273//4259
f 2203//4260 2273//4260 2204//4260
f 2204//4261 2273//4261 2274//4261
f 2204//4262 2274//4262 2205//4262
f 2205//4263 2274//4263 2275//4263
f 2205//4264 2275//4264 2206//4264
f 2206//4265 2275//4265 2276//4265
f 2206//4266 2276//4266 2207//4266
f 2207//4267 2276//4267 2277//4267
f 2207//4268 2277//4268 2208//4268
f 2208//4269 2277//4269 2278//4269
f 2208//4270 2278//4270 2209//4270
f 2209//4271 2278//4271 2279//4271
f 2209//4272 2279//4272 2210//4272
f 2210//4273 2279//4273 2280//4273
f 2210//4274 2280//4274 2211//4274
f 2211//4275 2280//4275 2281//4275
f 2211//4276 2281//4276 2212//4276
f 2212//4277 2281//4277 2282//4277
f 2212//4278 2282//4278 2213//4278
f 2213//4279 2282//4279 2283//4279
f 2213//4280 2283//4280 2214//4280
f 2214//4281 2283//4281 2284//4281
f 2214//4282 2284//4282 2215//4282
f 2215//4283 2284//4283 2285//4283
f 2265//4380 2335//4380 2266//4380
f 2266//4381 2335//4381 2336//4381
f 2266//4382 2336//4382 2267//4382
f 2267//4383 2336//4383 2337//4383
f 2267//4384 2337//4384 2268//4384
f 2268//4385 2337//4385 2338//4385
f 2268//4386 2338//4386 2269//4386
f 2269//4387 2338//4387 2339//4387
f 2269//4388 2339//4388 2270//4388
f 2270//4389 2339//4389 2340//4389
f 2270//4390 2340//4390 2271//4390
f 2271//4391 2340//4391 2341//4391
f 2271//4392 2341//4392 2272//4392
f 2272//4393 2341//4393 2342//4393
f 2272//4394 2342//4394 2273//4394
f 2273//4395 2342//4395 2343//4395
f 2273//4396 2343//4396 2274//4396
f 2274//4397 2343//4397 2344//4397
f 2274//4398 2344//4398 2275//4398
f 2275//4399 2344//4399 2345//4399
f 2275//4400 2345//4400 2276//4400
f 2276//4401 2345//4401 2346//4401
f 2276//4402 2346//4402 2277//4402
f 2277//4403 2346//4403 2347//4403
f 2277//4404 2347//4404 2278//4404
f 2278//4405 2347//4405 2348//4405
f 2278//4406 2348//4406 2279//4406
f 2279//4407 2348//4407 2349//4407
f 2279//4408 2349//4408 2280//4408
f 2280//4409 2349//4409 2350//4409
f 2280//4410 2350//4410 2281//4410
f 2281//4411 2350//4411 2351//4411
f 2281//4412 2351//4412 2282//4412
f 2282//4412 2351//4412 2352//4412
f 2282//4413 2352//4413 2283//4413
f 2283//4414 2352//4414 2353//4414
f 2283//4415 2353//4415 2284//4415
f 2284//4416 2353//4416 2354//4416
f 2284//4417 2354//4417 2285//4417
f 2285//4418 2354//4418 2355//4418
f 2285//4419 2355//4419 2286//4419
f 2286//4420 2355//4420 2356//4420
f 2335//4513 2405//4513 2336//4513
f 2336//4514 2405//4514 2406//4514
f 2336//4515 2406//4515 2337//4515
f 2337//4516 2406//4516 2407//4516
f 2337//4517 2407//4517 2338//4517
f 2338//4518 2407//4518 2408//4518
f 2338//4519 2408//4519 2339//4519
f 2339//4520 2408//4520 2409//4520
f 2339//4521 2409//4521 2340//4521
f 2340//4522 2409//4522 2410//4522
f 2340//4523 2410//4523 2341//4523
f 2341//4524 2410//4524 2411//4524
f 2341//4525 2411//4525 2342//4525
f 2342//4526 2411//4526 2412//4526
f 2342//4527 2412//4527 2343//4527
f 2343//4528 2412//4528 2413//4528
f 2343//4529 2413//4529 2344//4529
f 2344//4530 2413//4530 2414//4530
f 2344//4531 2414//4531 2345//4531
f 2345//4532 2414//4532 2415//4532
f 2345//4533 2415//4533 2346//4533
f 2346//4534 2415//4534 2416//4534
f 2346//4535 2416//4535 2347//4535
f 2347//4536 2416//4536 2417//4536
f 2347//4537 2417//4537 2348//4537
f 2348//4538 2417//4538 2418//4538
f 2348//4539 2418//4539 2349//4539
f 2349//4540 2418//4540 2419//4540
f 2349//4541 2419//4541 2350//4541
f 2350//4542 2419//4542 2420//4542
f 2350//4543 2420//4543 2351//4543
f 2351//4544 2420//4544 2421//4544
f 2351//4545 2421//4545 2352//4545
f 2352//4546 2421//4546 2422//4546
f 2352//4547 2422//4547 2353//4547
f 2353//4548 2422//4548 2423//4548
f 2353//4549 2423//4549 2354//4549
f 2354//4550 2423//4550 2424//4550
f 2354//4551 2424//4551 2355//4551
f 2355//4552 2424//4552 2425//4552
f 2355//4553 2425//4553 2356//4553
f 2356//4554 2425//4554 2426//4554
f 2405//4649 2475//4649 2406//4649
f 2406//4650 2475//4650 2476//4650
f 2406//4651 2476//4651 2407//4651
f 2407//4652 2476//4652 2477//4652
f 2407//4653 2477//4653 2408//4653
f 2408//4654 2477//4654 2478//4654
f 2408//4655 2478//4655 2409//4655
f 2409//4656 2478//4656 2479//4656
f 2409//4657 2479//4657 2410//4657
f 2410//4658 2479//4658 2480//4658
f 2410//4659 2480//4659 2411//4659
f 2411//4660 2480//4660 2481//4660
f 2411//4661 2481//4661 2412//4661
f 2412//4662 2481//4662 2482//4662
f 2412//4663 2482//4663 2413//4663
f 2413//4664 2482//4664 2483//4664
f 2413//4665 2483//4665 2414//4665
f 2414//4666 2483//4666 2484//4666
f 2414//4667 2484//4667 2415//4667
f 2415//4668 2484//4668 2485//4668
f 2415//4669 2485//4669 2416//4669
f 2416//4669 2485//4669 2486//4669
f 2416//4670 2486//4670 2417//4670
f 2417//4671 2486//4671 2487//4671
f 2417//4672 2487//4672 2418//4672
f 2418//4673 2487//4673 2488//4673
f 2418//4674 2488//4674 2419//4674
f 2419//4675 2488//4675 2489//4675
f 2419//4676 2489//4676 2420//4676
f 2420//4677 2489//4677 2490//4677
f 2420//4678 2490//4678 2421//4678
f 2421//4679 2490//4679 2491//4679
f 2421//4680 2491//4680 2422//4680
f 2422//4681 2491//4681 2492//4681
f 2422//4682 2492//4682 2423//4682
f 2423//4683 2492//4683 2493//4683
f 2423//4684 2493//4684 2424//4684
f 2424//4685 2493//4685 2494//4685
f 2424//4686 2494//4686 2425//4686
f 2425//4687 2494//4687 2495//4687
f 2476//4785 2546//4785 2477//4785
f 2477//4786 2546//4786 2547//4786
f 2477//4787 2547//4787 2478//4787
f 2478//4788 2547//4788 2548//4788
f 2478//4789 2548//4789 2479//4789
f 2479//4790 2548//4790 2549//4790
f 2479//4791 2549//4791 2480//4791
f 2480//4792 2549//4792 2550//4792
f 2480//4793 2550//4793 2481//4793
f 2481//4794 2550//4794 2551//4794
f 2481//4795 2551//4795 2482//4795
f 2482//4796 2551//4796 2552//4796
f 2482//4797 2552//4797 2483//4797
f 2483//4798 2552//4798 2553//4798
f 2483//4799 2553//4799 2484//4799
f 2484//4800 2553//4800 2554//4800
f 2484//4801 2554//4801 2485//4801
f 2485//4802 2554//4802 2555//4802
f 2485//4803 2555//4803 2486//4803
f 2486//4804 2555//4804 2556//4804
f 2486//4805 2556//4805 2487//4805
f 2487//4806 2556//4806 2557//4806
f 2487//4807 2557//4807 2488//4807
f 2488//4808 2557//4808 2558//4808
f 2488//4809 2558//4809 2489//4809
f 2489//4810 2558//4810 2559//4810
f 2489//4811 2559//4811 2490//4811
f 2490//4812 2559//4812 2560//4812
f 2490//4813 2560//4813 2491//4813
f 2491//4814 2560//4814 2561//4814
f 2491//4815 2561//4815 2492//4815
f 2492//4816 2561//4816 2562//4816
f 2492//4817 2562//4817 2493//4817
f 2493//4818 2562//4818 2563//4818
f 2493//4819 2563//4819 2494//4819
f 2494//4820 2563//4820 2564//4820
f 2494//4821 2564//4821 2495//4821
f 2495//4822 2564//4822 2565//4822
f 2546//4921 2616//4921 2547//4921
f 2547//4922 2616//4922 2617//4922
f 2547//4923 2617//4923 2548//4923
f 2548//4924 2617//4924 2618//4924
f 2548//4925 2618//4925 2549//4925
f 2549//4926 2618//4926 2619//4926
f 2549//4927 2619//4927 2550//4927
f 2550//4928 2619//4928 2620//4928
f 2550//4929 2620//4929 2551//4929
f 2551//4930 2620//4930 2621//4930
f 2551//4931 2621//4931 2552//4931
f 2552//4932 2621//4932 2622//4932
f 2552//4933 2622//4933 2553//4933
f 2553//4934 2622//4934 2623//4934
f 2553//4935 2623//4935 2554//4935
f 2554//4936 2623//4936 2624//4936
f 2554//4937 2624//4937 2555//4937
f 2555//4937 2624//4937 2625//4937
f 2555//4938 2625//4938 2556//4938
f 2556//4939 2625//4939 2626//4939
f 2556//4940 2626//4940 2557//4940
f 2557//4941 2626//4941 2627//4941
f 2557//4942 2627//4942 2558//4942
f 2558//4943 2627//4943 2628//4943
f 2558//4944 2628//4944 2559//4944
f 2559//4945 2628//4945 2629//4945
f 2559//4946 2629//4946 2560//4946
f 2560//4947 2629//4947 2630//4947
f 2560//4948 2630//4948 2561//4948
f 2561//4949 2630//4949 2631//4949
f 2561//4950 2631//4950 2562//4950
f 2562//4951 2631//4951 2632//4951
f 2562//4952 2632//4952 2563//4952
f 2563//4953 2632//4953 2633//4953
f 2563//4954 2633//4954 2564//4954
f 2564//4955 2633//4955 2634//4955
f 2564//4956 2634//4956 2565//4956
f 2565//4957 2634//4957 2635//4957
f 2617//5056 2687//5056 2618//5056
f 2618//5057 2687//5057 2688//5057
f 2618//5058 2688//5058 2619//5058
f 2619//5059 2688//5059 2689//5059
f 2619//5060 2689//5060 2620//5060
f 2620//5061 2689//5061 2690//5061
f 2620//5062 2690//5062 2621//5062
f 2621//5063 2690//5063 2691//5063
f 2621//5064 2691//5064 2622//5064
f 2622//5065 2691//5065 2692//5065
f 2622//5066 2692//5066 2623//5066
f 2623//5067 2692//5067 2693//5067
f 2623//5068 2693//5068 2624//5068
f 2624//5069 2693//5069 2694//5069
f 2624//5070 2694//5070 2625//5070
f 2625//5071 2694//5071 2695//5071
f 2625//5072 2695//5072 2626//5072
f 2626//5073 2695//5073 2696//5073
f 2626//5074 2696//5074 2627//5074
f 2627//5075 2696//5075 2697//5075
f 2627//5076 2697//5076 2628//5076
f 2628//5077 2697//5077 2698//5077
f 2628//5078 2698//5078 2629//5078
f 2629//5079 2698//5079 2699//5079
f 2629//5080 2699//5080 2630//5080
f 2630//5081 2699//5081 2700//5081
f 2630//5082 2700//5082 2631//5082
f 2631//5083 2700//5083 2701//5083
f 2631//5084 2701//5084 2632//5084
f 2632//5085 2701//5085 2702//5085
f 2632//5086 2702//5086 2633//5086
f 2633//5087 2702//5087 2703//5087
f 2633//5088 2703//5088 2634//5088
f 2634//5089 2703//5089 2704//5089
f 2688//5196 2758//5196 2689//5196
f 2689//5197 2758//5197 2759//5197
f 2689//5198 2759//5198 2690//5198
f 2690//5199 2759//5199 2760//5199
f 2690//5200 2760//5200 2691//5200
f 2691//5201 2760//5201 2761//5201
f 2691//5202 2761//5202 2692//5202
f 2692//5203 2761//5203 2762//5203
f 2692//5204 2762//5204 2693//5204
f 2693//5205 2762//5205 2763//5205
f 2693//5206 2763//5206 2694//5206
f 2694//5207 2763//5207 2764//5207
f 2694//5208 2764//5208 2695//5208
f 2695//5209 2764//5209 2765//5209
f 2695//5210 2765//5210 2696//5210
f 2696//5211 2765//5211 2766//5211
f 2696//5212 2766//5212 2697//5212
f 2697//5213 2766//5213 2767//5213
f 2697//5214 2767//5214 2698//5214
f 2698//5215 2767//5215 2768//5215
f 2698//5216 2768//5216 2699//5216
f 2699//5217 2768//5217 2769//5217
f 2699//5218 2769//5218 2700//5218
f 2700//5219 2769//5219 2770//5219
f 2700//5220 2770//5220 2701//5220
f 2701//5221 2770//5221 2771//5221
f 2701//5222 2771//5222 2702//5222
f 2702//5223 2771//5223 2772//5223
f 2702//5224 2772//5224 2703//5224
f 2703//5225 2772//5225 2773//5225
f 2758//5333 2828//5333 2759//5333
f 2759//5334 2828//5334 2829//5334
f 2759//5335 2829//5335 2760//5335
f 2760//5336 2829//5336 2830//5336
f 2760//5337 2830//5337 2761//5337
f 2761//5338 2830//5338 2831//5338
f 2761//5339 2831//5339 2762//5339
f 2762//5340 2831//5340 2832//5340
f 2762//5341 2832//5341 2763//5341
f 2763//5342 2832//5342 2833//5342
f 2763//5343 2833//5343 2764//5343
f 2764//5344 2833//5344 2834//5344
f 2764//5345 2834//5345 2765//5345
f 2765//5346 2834//5346 2835//5346
f 2765//5347 2835//5347 2766//5347
f 2766//5348 2835//5348 2836//5348
f 2766//5349 2836//5349 2767//5349
f 2767//5350 2836//5350 2837//5350
f 2767//5351 2837//5351 2768//5351
f 2768//5352 2837//5352 2838//5352
f 2768//5353 2838//5353 2769//5353
f 2769//5354 2838//5354 2839//5354
f 2769//5355 2839//5355 2770//5355
f 2770//5356 2839//5356 2840//5356
f 2770//5357 2840//5357 2771//5357
f 2771//5358 2840//5358 2841//5358
f 2771//5359 2841//5359 2772//5359
f 2772//5360 2841//5360 2842//5360
f 2830//5474 2900//5474 2831//5474
f 2831//5475 2900//5475 2901//5475
f 2831//5476 2901//5476 2832//5476
f 2832//5477 2901//5477 2902//5477
f 2832//5478 2902//5478 2833//5478
f 2833//5479 2902//5479 2903//5479
f 2833//5480 2903//5480 2834//5480
f 2834//5481 2903//5481 2904//5481
f 2834//5482 2904//5482 2835//5482
f 2835//5483 2904//5483 2905//5483
f 2835//5484 2905//5484 2836//5484
f 2836//5485 2905//5485 2906//5485
f 2836//5486 2906//5486 2837//5486
f 2837//5487 2906//5487 2907//5487
f 2837//5488 2907//5488 2838//5488
f 2838//5489 2907//5489 2908//5489
f 2838//5490 2908//5490 2839//5490
f 2839//5491 2908//5491 2909//5491
f 2839//5492 2909//5492 2840//5492
f 2840//5493 2909//5493 2910//5493
f 2902//5613 2972//5613 2903//5613
f 2903//5614 2972//5614 2973//5614
f 2903//5615 2973//5615 2904//5615
f 2904//5616 2973//5616 2974//5616
usemtl claw_scrape_dark
f 5881//10293 5883//10293 5882//10293
f 5882//10293 5883//10293 5884//10293
f 5883//10294 5885//10294 5884//10294
f 5884//10294 5885//10294 5886//10294
f 5885//10295 5887//10295 5886//10295
f 5886//10295 5887//10295 5888//10295
f 5887//10296 5889//10296 5888//10296
f 5888//10296 5889//10296 5890//10296
f 5889//10297 5891//10297 5890//10297
f 5890//10297 5891//10297 5892//10297
f 5891//10298 5893//10298 5892//10298
f 5892//10298 5893//10298 5894//10298
f 5893//10299 5895//10299 5894//10299
f 5894//10299 5895//10299 5896//10299
f 5895//10300 5897//10300 5896//10300
f 5896//10300 5897//10300 5898//10300
f 5897//10301 5899//10301 5898//10301
f 5898//10301 5899//10301 5900//10301
f 5899//10302 5901//10302 5900//10302
f 5900//10302 5901//10302 5902//10302
f 5901//10303 5903//10303 5902//10303
f 5902//10303 5903//10303 5904//10303
f 5903//10304 5905//10304 5904//10304
f 5904//10304 5905//10304 5906//10304
f 5905//10305 5907//10305 5906//10305
f 5906//10305 5907//10305 5908//10305
f 5907//10306 5909//10306 5908//10306
f 5908//10306 5909//10306 5910//10306
f 5911//10307 5913//10307 5912//10307
f 5912//10307 5913//10307 5914//10307
f 5913//10308 5915//10308 5914//10308
f 5914//10308 5915//10308 5916//10308
f 5915//10295 5917//10295 5916//10295
f 5916//10295 5917//10295 5918//10295
f 5917//10309 5919//10309 5918//10309
f 5918//10309 5919//10309 5920//10309
f 5919//10310 5921//10310 5920//10310
f 5920//10310 5921//10310 5922//10310
f 5921//10311 5923//10311 5922//10311
f 5922//10311 5923//10311 5924//10311
f 5923//10312 5925//10312 5924//10312
f 5924//10312 5925//10312 5926//10312
f 5925//10313 5927//10313 5926//10313
f 5926//10313 5927//10313 5928//10313
f 5927//10314 5929//10314 5928//10314
f 5928//10314 5929//10314 5930//10314
f 5929//10315 5931//10315 5930//10315
f 5930//10315 5931//10315 5932//10315
f 5931//10316 5933//10316 5932//10316
f 5932//10316 5933//10316 5934//10316
f 5933//10295 5935//10295 5934//10295
f 5934//10295 5935//10295 5936//10295
f 5935//10317 5937//10317 5936//10317
f 5936//10317 5937//10317 5938//10317
f 5937//10318 5939//10318 5938//10318
f 5938//10318 5939//10318 5940//10318
f 5941//10319 5943//10319 5942//10319
f 5942//10319 5943//10319 5944//10319
f 5943//10320 5945//10320 5944//10320
f 5944//10320 5945//10320 5946//10320
f 5945//10295 5947//10295 5946//10295
f 5946//10295 5947//10295 5948//10295
f 5947//10321 5949//10321 5948//10321
f 5948//10321 5949//10321 5950//10321
f 5949//10322 5951//10322 5950//10322
f 5950//10322 5951//10322 5952//10322
f 5951//10323 5953//10323 5952//10323
f 5952//10323 5953//10323 5954//10323
f 5953//10324 5955//10324 5954//10324
f 5954//10324 5955//10324 5956//10324
f 5955//10295 5957//10295 5956//10295
f 5956//10295 5957//10295 5958//10295
f 5957//10325 5959//10325 5958//10325
f 5958//10325 5959//10325 5960//10325
f 5959//10326 5961//10326 5960//10326
f 5960//10326 5961//10326 5962//10326
f 5961//10327 5963//10327 5962//10327
f 5962//10327 5963//10327 5964//10327
f 5963//10328 5965//10328 5964//10328
f 5964//10328 5965//10328 5966//10328
f 5965//10295 5967//10295 5966//10295
f 5966//10295 5967//10295 5968//10295
f 5967//10329 5969//10329 5968//10329
f 5968//10329 5969//10329 5970//10329
f 5971//10330 5973//10330 5972//10330
f 5972//10330 5973//10330 5974//10330
f 5973//10331 5975//10331 5974//10331
f 5974//10331 5975//10331 5976//10331
f 5975//10332 5977//10332 5976//10332
f 5976//10333 5977//10333 5978//10333
f 5977//10334 5979//10334 5978//10334
f 5978//10334 5979//10334 5980//10334
f 5979//10335 5981//10335 5980//10335
f 5980//10335 5981//10335 5982//10335
f 5981//10295 5983//10295 5982//10295
f 5982//10295 5983//10295 5984//10295
f 5983//10336 5985//10336 5984//10336
f 5984//10336 5985//10336 5986//10336
f 5985//10337 5987//10337 5986//10337
f 5986//10337 5987//10337 5988//10337
f 5987//10338 5989//10338 5988//10338
f 5988//10338 5989//10338 5990//10338
f 5989//10339 5991//10339 5990//10339
f 5990//10339 5991//10339 5992//10339
f 5991//10340 5993//10340 5992//10340
f 5992//10340 5993//10340 5994//10340
f 5993//10341 5995//10341 5994//10341
f 5994//10341 5995//10341 5996//10341
f 5995//10342 5997//10342 5996//10342
f 5996//10342 5997//10342 5998//10342
f 5997//10295 5999//10295 5998//10295
f 5998//10295 5999//10295 6000//10295
f 6001//10343 6003//10343 6002//10343
f 6002//10343 6003//10343 6004//10343
f 6003//10344 6005//10344 6004//10344
f 6004//10344 6005//10344 6006//10344
f 6005//10345 6007//10345 6006//10345
f 6006//10345 6007//10345 6008//10345
f 6007//10346 6009//10346 6008//10346
f 6008//10346 6009//10346 6010//10346
f 6009//10347 6011//10347 6010//10347
f 6010//10347 6011//10347 6012//10347
f 6011//10348 6013//10348 6012//10348
f 6012//10348 6013//10348 6014//10348
f 6013//10349 6015//10349 6014//10349
f 6014//10349 6015//10349 6016//10349
f 6015//10350 6017//10350 6016//10350
f 6016//10350 6017//10350 6018//10350
f 6017//10351 6019//10351 6018//10351
f 6018//10351 6019//10351 6020//10351
f 6019//10352 6021//10352 6020//10352
f 6020//10352 6021//10352 6022//10352
f 6021//10353 6023//10353 6022//10353
f 6022//10353 6023//10353 6024//10353
f 6023//10354 6025//10354 6024//10354
f 6024//10354 6025//10354 6026//10354
f 6025//10355 6027//10355 6026//10355
f 6026//10355 6027//10355 6028//10355
f 6027//10356 6029//10356 6028//10356
f 6028//10356 6029//10356 6030//10356
usemtl root_fiber
f 6031//10357 6033//10357 6032//10357
f 6032//10357 6033//10357 6034//10357
f 6035//10358 6037//10358 6036//10358
f 6036//10358 6037//10358 6038//10358
f 6039//10359 6041//10359 6040//10359
f 6040//10359 6041//10359 6042//10359
f 6043//10360 6045//10360 6044//10360
f 6044//10360 6045//10360 6046//10360
f 6047//10361 6049//10361 6048//10361
f 6048//10361 6049//10361 6050//10361
f 6051//10362 6053//10362 6052//10362
f 6052//10362 6053//10362 6054//10362
f 6055//10363 6057//10363 6056//10363
f 6056//10363 6057//10363 6058//10363
f 6059//10364 6061//10364 6060//10364
f 6060//10364 6061//10364 6062//10364
o PF_Floor_Green_Cube
v -0.500000 -0.030000 -0.500000
v 0.500000 -0.030000 -0.500000
v 0.500000 -0.030000 0.500000
v -0.500000 -0.030000 0.500000
v -0.500000 0.070000 -0.500000
v 0.500000 0.070000 -0.500000
v 0.500000 0.070000 0.500000
v -0.500000 0.070000 0.500000
v -0.166671 -0.030000 -0.249441
v -0.212132 -0.030000 -0.212132
v -0.058527 -0.030000 -0.294236
v -0.114805 -0.030000 -0.277164
v 0.058527 -0.030000 -0.294236
v 0.166671 -0.030000 -0.249441
v 0.114805 -0.030000 -0.277164
v 0.000000 -0.030000 -0.300000
v 0.249441 -0.030000 -0.166671
v 0.249441 -0.030000 0.166671
v 0.300000 -0.030000 0.000000
v 0.294236 -0.030000 -0.058527
v 0.294236 -0.030000 0.058527
v 0.277164 -0.030000 -0.114805
v 0.277164 -0.030000 0.114805
v 0.212132 -0.030000 0.212132
v 0.212132 -0.030000 -0.212132
v -0.300000 -0.030000 0.000000
v -0.294236 -0.030000 0.058527
v -0.294236 -0.030000 -0.058527
v -0.249441 -0.030000 -0.166671
v -0.249441 -0.030000 0.166671
v -0.277164 -0.030000 -0.114805
v -0.277164 -0.030000 0.114805
v -0.166671 -0.030000 0.249441
v -0.058527 -0.030000 0.294236
v -0.114805 -0.030000 0.277164
v 0.058527 -0.030000 0.294236
v 0.166671 -0.030000 0.249441
v 0.114805 -0.030000 0.277164
v 0.000000 -0.030000 0.300000
v -0.212132 -0.030000 0.212132
v -0.300000 0.070000 -0.000000
v -0.294236 0.070000 -0.058527
v -0.294236 0.070000 0.058527
v -0.249441 0.070000 -0.166671
v -0.249441 0.070000 0.166671
v -0.212132 0.070000 -0.212132
v -0.277164 0.070000 -0.114805
v -0.277164 0.070000 0.114805
v -0.166671 0.070000 0.249441
v -0.058527 0.070000 0.294236
v -0.114805 0.070000 0.277164
v 0.058527 0.070000 0.294236
v 0.212132 0.070000 0.212132
v 0.166671 0.070000 0.249441
v 0.114805 0.070000 0.277164
v 0.000000 0.070000 0.300000
v -0.212132 0.070000 0.212132
v -0.166671 0.070000 -0.249441
v -0.058527 0.070000 -0.294236
v -0.114805 0.070000 -0.277164
v 0.058527 0.070000 -0.294236
v 0.166671 0.070000 -0.249441
v 0.114805 0.070000 -0.277164
v 0.000000 0.070000 -0.300000
v 0.249441 0.070000 -0.166671
v 0.249441 0.070000 0.166671
v 0.300000 0.070000 -0.000000
v 0.294236 0.070000 -0.058527
v 0.294236 0.070000 0.058527
v 0.277164 0.070000 -0.114805
v 0.277164 0.070000 0.114805
v 0.212132 0.070000 -0.212132
vn -0.0000 -1.0000 -0.0000
vn -0.0000 1.0000 -0.0000
vn -0.0000 -0.0000 -1.0000
vn 1.0000 -0.0000 -0.0000
vn -0.0000 -0.0000 1.0000
vn -1.0000 -0.0000 -0.0000
vn -0.0980 -0.0000 0.9952
vn -0.2903 -0.0000 0.9569
vn -0.4714 -0.0000 0.8819
vn -0.6344 -0.0000 0.7730
vn -0.7730 -0.0000 0.6344
vn -0.8819 -0.0000 0.4714
vn -0.9569 -0.0000 0.2903
vn -0.9952 -0.0000 0.0980
vn -0.9952 -0.0000 -0.0980
vn -0.9569 -0.0000 -0.2903
vn -0.8819 -0.0000 -0.4714
vn -0.7730 -0.0000 -0.6344
vn -0.6344 -0.0000 -0.7730
vn -0.4714 -0.0000 -0.8819
vn -0.2903 -0.0000 -0.9569
vn -0.0980 -0.0000 -0.9952
vn 0.0980 -0.0000 -0.9952
vn 0.2903 -0.0000 -0.9569
vn 0.4714 -0.0000 -0.8819
vn 0.6344 -0.0000 -0.7730
vn 0.7730 -0.0000 -0.6344
vn 0.8819 -0.0000 -0.4714
vn 0.9569 -0.0000 -0.2903
vn 0.9952 -0.0000 -0.0980
vn 0.9952 -0.0000 0.0980
vn 0.9569 -0.0000 0.2903
vn 0.8819 -0.0000 0.4714
vn 0.7730 -0.0000 0.6344
vn 0.6344 -0.0000 0.7730
vn 0.4714 -0.0000 0.8819
vn 0.2903 -0.0000 0.9569
vn 0.0980 -0.0000 0.9952
vt 0.000000 0.000000
vt 1.000000 0.925000
vt 1.000000 0.675000
vt 0.968750 0.675000
vt 0.968750 0.925000
vt 0.968750 0.925000
vt 0.968750 0.675000
vt 0.937500 0.675000
vt 0.937500 0.925000
vt 0.937500 0.675000
vt 0.906250 0.675000
vt 0.906250 0.925000
vt 0.906250 0.925000
vt 0.906250 0.675000
vt 0.875000 0.675000
vt 0.875000 0.925000
vt 0.843750 0.675000
vt 0.843750 0.925000
vt 0.875000 0.925000
vt 0.875000 0.675000
vt 0.812500 0.675000
vt 0.812500 0.925000
vt 0.843750 0.675000
vt 0.781250 0.675000
vt 0.781250 0.925000
vt 0.812500 0.925000
vt 0.812500 0.675000
vt 0.750000 0.675000
vt 0.750000 0.925000
vt 0.781250 0.925000
vt 0.781250 0.675000
vt 0.718750 0.675000
vt 0.718750 0.925000
vt 0.750000 0.675000
vt 0.687500 0.675000
vt 0.687500 0.925000
vt 0.718750 0.925000
vt 0.656250 0.675000
vt 0.656250 0.925000
vt 0.625000 0.675000
vt 0.625000 0.925000
vt 0.656250 0.925000
vt 0.593750 0.675000
vt 0.593750 0.925000
vt 0.625000 0.925000
vt 0.593750 0.675000
vt 0.562500 0.675000
vt 0.562500 0.925000
vt 0.593750 0.925000
vt 0.531250 0.675000
vt 0.531250 0.925000
vt 0.531250 0.675000
vt 0.500000 0.675000
vt 0.500000 0.925000
vt 0.531250 0.925000
vt 0.500000 0.675000
vt 0.468750 0.675000
vt 0.468750 0.925000
vt 0.500000 0.925000
vt 0.468750 0.675000
vt 0.437500 0.675000
vt 0.437500 0.925000
vt 0.437500 0.675000
vt 0.406250 0.675000
vt 0.406250 0.925000
vt 0.406250 0.675000
vt 0.375000 0.675000
vt 0.375000 0.925000
vt 0.406250 0.925000
vt 0.375000 0.675000
vt 0.343750 0.675000
vt 0.343750 0.925000
vt 0.312500 0.675000
vt 0.312500 0.925000
vt 0.281250 0.675000
vt 0.281250 0.925000
vt 0.312500 0.925000
vt 0.250000 0.675000
vt 0.250000 0.925000
vt 0.281250 0.925000
vt 0.218750 0.675000
vt 0.218750 0.925000
vt 0.187500 0.675000
vt 0.187500 0.925000
vt 0.187500 0.675000
vt 0.156250 0.675000
vt 0.156250 0.925000
vt 0.187500 0.925000
vt 0.156250 0.675000
vt 0.125000 0.675000
vt 0.125000 0.925000
vt 0.156250 0.925000
vt 0.125000 0.675000
vt 0.093750 0.675000
vt 0.093750 0.925000
vt 0.093750 0.925000
vt 0.093750 0.675000
vt 0.062500 0.675000
vt 0.062500 0.925000
vt 0.031250 0.675000
vt 0.031250 0.925000
vt 0.031250 0.925000
vt 0.031250 0.675000
vt 0.000000 0.675000
vt 0.000000 0.925000
s 0
usemtl Green_Mat
f 6072/1/10365 6063/1/10365 6064/1/10365 6087/1/10365 6076/1/10365 6077/1/10365 6075/1/10365 6078/1/10365 6073/1/10365 6074/1/10365 6071/1/10365
f 6064/1/10365 6065/1/10365 6066/1/10365 6063/1/10365 6072/1/10365 6091/1/10365 6093/1/10365 6090/1/10365 6088/1/10365 6089/1/10365 6094/1/10365 6092/1/10365 6102/1/10365 6095/1/10365 6097/1/10365 6096/1/10365 6101/1/10365 6098/1/10365 6100/1/10365 6099/1/10365 6086/1/10365 6080/1/10365 6085/1/10365 6083/1/10365 6081/1/10365 6082/1/10365 6084/1/10365 6079/1/10365 6087/1/10365
f 6115/1/10366 6069/1/10366 6068/1/10366 6134/1/10366 6127/1/10366 6132/1/10366 6130/1/10366 6129/1/10366 6131/1/10366 6133/1/10366 6128/1/10366
f 6134/1/10366 6068/1/10366 6067/1/10366 6070/1/10366 6069/1/10366 6115/1/10366 6116/1/10366 6117/1/10366 6114/1/10366 6118/1/10366 6112/1/10366 6113/1/10366 6111/1/10366 6119/1/10366 6107/1/10366 6110/1/10366 6105/1/10366 6103/1/10366 6104/1/10366 6109/1/10366 6106/1/10366 6108/1/10366 6120/1/10366 6122/1/10366 6121/1/10366 6126/1/10366 6123/1/10366 6125/1/10366 6124/1/10366
f 6063/1/10367 6067/1/10367 6068/1/10367 6064/1/10367
f 6064/1/10368 6068/1/10368 6069/1/10368 6065/1/10368
f 6065/1/10369 6069/1/10369 6070/1/10369 6066/1/10369
f 6066/1/10370 6070/1/10370 6067/1/10370 6063/1/10370
f 6126/2/10371 6078/3/10371 6075/4/10371 6123/5/10371
f 6123/6/10372 6075/7/10372 6077/8/10372 6125/9/10372
f 6125/9/10373 6077/10/10373 6076/11/10373 6124/12/10373
f 6124/13/10374 6076/14/10374 6087/15/10374 6134/16/10374
f 6079/17/10375 6127/18/10375 6134/19/10375 6087/20/10375
f 6084/21/10376 6132/22/10376 6127/18/10376 6079/23/10376
f 6082/24/10377 6130/25/10377 6132/26/10377 6084/27/10377
f 6081/28/10378 6129/29/10378 6130/30/10378 6082/31/10378
f 6083/32/10379 6131/33/10379 6129/29/10379 6081/34/10379
f 6085/35/10380 6133/36/10380 6131/37/10380 6083/32/10380
f 6080/38/10381 6128/39/10381 6133/36/10381 6085/35/10381
f 6086/40/10382 6115/41/10382 6128/42/10382 6080/38/10382
f 6086/40/10383 6099/43/10383 6116/44/10383 6115/45/10383
f 6099/46/10384 6100/47/10384 6117/48/10384 6116/49/10384
f 6100/47/10385 6098/50/10385 6114/51/10385 6117/48/10385
f 6098/52/10386 6101/53/10386 6118/54/10386 6114/55/10386
f 6101/56/10387 6096/57/10387 6112/58/10387 6118/59/10387
f 6096/60/10388 6097/61/10388 6113/62/10388 6112/58/10388
f 6097/63/10389 6095/64/10389 6111/65/10389 6113/62/10389
f 6095/66/10390 6102/67/10390 6119/68/10390 6111/69/10390
f 6102/70/10391 6092/71/10391 6107/72/10391 6119/68/10391
f 6092/71/10392 6094/73/10392 6110/74/10392 6107/72/10392
f 6094/73/10393 6089/75/10393 6105/76/10393 6110/77/10393
f 6089/75/10394 6088/78/10394 6103/79/10394 6105/80/10394
f 6088/78/10395 6090/81/10395 6104/82/10395 6103/79/10395
f 6090/81/10396 6093/83/10396 6109/84/10396 6104/82/10396
f 6093/85/10397 6091/86/10397 6106/87/10397 6109/88/10397
f 6091/89/10398 6072/90/10398 6108/91/10398 6106/92/10398
f 6108/91/10399 6072/93/10399 6071/94/10399 6120/95/10399
f 6120/96/10400 6071/97/10400 6074/98/10400 6122/99/10400
f 6122/99/10401 6074/98/10401 6073/100/10401 6121/101/10401
f 6121/102/10402 6073/103/10402 6078/104/10402 6126/105/10402
